member_id,signup_date,age,gender,city,country,membership_type,contract_length_months,monthly_fee,signup_channel,tenure_months,avg_weekly_visits,group_classes_attended,personal_training_sessions,distance_km_to_gym,has_mobile_app,satisfaction_score,late_payments_12m,referred_friends,exit_survey_completed,churned
NF-100805,2022-01-29,,Female,Austin,United States,Basic,1,$29.00,Mobile App,13,2.31,9,0,5.52,Yes,7.0,0,1,0,0
NF-100529,2023-04-14,45.0,M,Portland,United States,Premium,24,$79.00,Website,27,3.76,10,5,1.43,No,9.0,0,2,0,0
NF-101876,2023-08-15,24.0,Male,Denver,United States,Premium,12,$79.00,Mobile App,31,3.22,8,0,6.88,No,9.0,0,0,0,0
NF-101865,2021-07-03,32.0,Female,Columbus,United States,Plus,1,$49.00,Website,6,1.61,5,1,4.54,No,7.0,0,0,0,0
NF-101677,2023-03-23,38.0,Male,Austin,United States,Basic,6,$25.00,Mobile App,27,1.76,4,2,1.36,No,9.0,0,0,0,0
NF-102385,2021-02-21,30.0,male,Raleigh,United States,Plus,24,$49.00,Mobile App,2,2.34,7,0,0.67,No,7.0,1,0,0,0
NF-101821,2023-08-06,47.0,M,Austin,United States,Premium,12,$75.00,Website,31,3.07,9,3,3.53,Yes,7.0,1,1,0,0
NF-102694,2023-07-23,51.0,Male,Austin,United States,Plus,12,$49.00,Walk-in,31,2.05,6,0,2.29,No,8.0,0,2,0,0
NF-100841,2022-09-17,39.0,male,Austin,United States,Premium,24,$75.00,Website,21,0.68,4,0,4.5,No,,0,0,1,1
NF-101065,2023-09-27,37.0, Male,Portland,United States,Premium,12,$84.00,Website,33,1.98,5,0,12.83,Yes,6.0,0,0,0,0
NF-102072,2023-09-08,17.0,Female,Portland,United States,Basic,6,$29.00,Website,32,1.65,6,0,4.38,Yes,4.0,1,1,1,1
NF-100389,2023-06-24,38.0,Female,Raleigh,United States,Plus,12,$54.00,Website,30,0.7,2,0,,No,6.0,2,0,1,1
NF-102115,2022-08-06,46.0,Female,Portland,United States,Basic,6,$25.00,Website,19,2.41,6,8,2.54,Yes,6.0,0,0,1,1
NF-100021,2023-01-07,37.0,Female,Raleigh,United States,Basic,1,$34.00,Mobile App,24,2.5,8,10,4.64,Yes,6.0,0,0,0,0
NF-100997,2021-04-03,43.0,F,Portland,United States,Basic,1,$29.00,Referral,3,1.87,6,0,6.56,No,7.0,0,0,0,0
NF-100517,2022-01-21,23.0,female,Austin,United States,Premium,6,$79.00,Mobile App,13,3.94,14,0,2.37,Yes,9.0,0,0,0,0
NF-100414,2022-10-09,41.0,F,Portland,United States,Basic,6,$34.00,Walk-in,21,1.78,6,0,2.72,No,6.0,2,0,0,0
NF-100891,2023-02-22,36.0,Female,Austin,United States,Basic,6,$29.00,Website,26,2.16,6,4,1.13,Yes,,-1,0,1,1
NF-102051,2022-03-06,28.0,female,Austin,United States,Basic,1,$29.00,Walk-in,14,1.7,7,0,5.05,No,,1,0,1,1
NF-101052,2023-07-11,37.0,Male,Columbus,United States,Premium,12,$84.00,Website,30,1.38,3,0,1.03,Yes,6.0,1,0,0,0
NF-100334,2023-08-14,41.0,Male,Denver,United States,Basic,6,$29.00,Mobile App,31,3.11,10,0,1.6,Yes,8.0,0,0,0,0
NF-101840,2021-06-21,31.0,male,Denver,United States,Plus,6,$54.00,Mobile App,6,4.0,11,0,1.57,Yes,7.0,0,0,0,0
NF-100853,2023-08-21,41.0,male,Columbus,United States,Plus,12,$45.00,Walk-in,32,0.79,2,0,7.53,Yes,,0,0,1,1
NF-102956,2022-10-03,45.0,F,Portland,United States,Premium,12,$84.00,Website,21,1.38,5,0,2.49,Yes,6.0,2,0,1,1
NF-100469,2021-02-06,45.0,Male,Austin,United States,Premium,12,$75.00,Mobile App,1,5.09,15,0,2.57,Yes,8.0,0,0,0,0
NF-100911,2022-03-30,42.0, Male,Columbus,United States,Basic,1,$25.00,Referral,15,2.12,8,0,5.14,No,6.0,0,1,1,1
NF-101777,2021-10-24,41.0,Female,Portland,United States,Plus,6,$49.00,Mobile App,10,3.68,10,0,1.97,Yes,7.0,0,0,0,0
NF-101645,2022-12-12,21.0,F,Austin,United States,Basic,1,$34.00,Website,23,2.77,11,0,5.03,No,7.0,-1,1,0,0
NF-101783,2022-05-20,51.0,Female,Portland,United States,Basic,1,$25.00,Website,17,1.66,6,0,3.21,Yes,,2,0,1,1
NF-102765,2021-06-05,45.0,Female,Raleigh,United States,Basic,1,$25.00,Referral,5,1.8,6,0,4.69,No,7.0,2,0,0,0
NF-102644,2021-11-25,39.0,Female,Austin,United States,Plus,12,$45.00,Website,11,2.72,9,0,1.45,Yes,9.0,0,0,0,0
NF-102039,2022-12-13,16.0,F,Boise,United States,Basic,6,$34.00,Walk-in,23,2.58,8,0,,No,5.0,0,0,1,1
NF-101341,2022-11-13,25.0,female,Portland,United States,Basic,6,$29.00,Mobile App,22,1.23,4,0,10.81,Yes,3.0,0,0,1,1
NF-101007,2023-03-15,39.0,female,Austin,United States,Plus,1,$54.00,Website,26,0.23,2,0,4.3,No,7.0,0,0,1,1
NF-100210,2023-04-13,33.0,Male,Columbus,United States,Basic,1,$29.00,Mobile App,27,2.54,7,0,3.07,Yes,7.0,0,0,0,0
NF-101599,2023-09-19,38.0,Female,Portland,United States,Plus,6,$49.00,Mobile App,33,1.42,6,0,3.57,Yes,6.0,1,0,1,1
NF-101042,2021-02-05,36.0,Male,Portland,United States,Basic,1,$29.00,Website,1,1.87,7,0,6.37,Yes,6.0,2,0,0,0
NF-101778,2022-08-01,31.0,FEMALE,Denver,United States,Basic,1,$29.00,Walk-in,19,1.27,8,0,2.55,Yes,4.0,0,0,1,1
NF-100697,2021-06-11,,male,Denver,United States,Basic,12,$29.00,Mobile App,5,1.77,6,0,4.92,Yes,6.0,0,1,0,0
NF-100549,2022-08-21,31.0,Female,Austin,United States,Premium,24,$79.00,Referral,20,2.07,7,0,2.36,No,7.0,1,0,0,0
NF-100332,2023-04-25,29.0,Female,Portland,United States,Basic,12,$29.00,Website,28,1.53,5,4,2.62,Yes,6.0,1,0,0,0
NF-100472,2022-10-10,47.0,Female,Denver,United States,Plus,12,$49.00,Walk-in,21,1.94,7,1,5.24,Yes,3.0,0,0,0,0
NF-101955,2022-03-22,43.0,Male,Portland,United States,Premium,12,$75.00,Referral,15,2.1,8,0,2.91,Yes,7.0,0,0,0,0
NF-102693,2023-06-13,29.0,male,Portland,United States,Plus,1,$54.00,Mobile App,29,4.59,14,10,1.54,No,9.0,0,3,0,0
NF-102822,2023-08-29,121.0,Male,Denver,United States,Premium,12,$84.00,Walk-in,32,2.69,10,0,6.43,No,7.0,0,1,0,0
NF-100266,2022-07-01,20.0,M,Austin,United States,Basic,12,$29.00,Mobile App,18,2.85,8,0,1.79,Yes,6.0,0,0,0,0
NF-102889,2023-08-18,24.0,Female,Columbus,United States,Basic,1,$29.00,Walk-in,32,0.82,3,1,1.63,Yes,4.0,0,0,0,0
NF-101014,2023-08-17,21.0,M,Columbus,United States,Basic,1,$25.00,Walk-in,32,1.24,6,0,1.56,Yes,5.0,1,1,1,1
NF-101423,2021-07-02,28.0,Male,Denver,United States,Basic,1,$29.00,Website,6,2.13,6,1,6.9,Yes,6.0,0,1,1,1
NF-100403,2023-06-24,31.0,Female,Portland,United States,Basic,6,$29.00,Referral,30,2.15,7,5,,Yes,6.0,0,0,1,1
NF-102253,2022-09-18,37.0,F ,Boise,United States,Plus,6,$45.00,Mobile App,21,2.1,5,0,,No,6.0,0,0,0,0
NF-101937,2023-03-26,38.0,M,Austin,United States,Basic,12,$29.00,Walk-in,27,2.48,7,1,5.9,Yes,6.0,0,0,0,0
NF-100768,2023-06-07,27.0,female,Raleigh,United States,Plus,1,$45.00,Website,29,2.62,8,0,0.78,Yes,8.0,1,1,0,0
NF-100617,2023-02-01,55.0,M,Portland,United States,Basic,12,$29.00,Website,25,2.3,8,0,3.24,No,4.0,0,0,1,1
NF-102984,2022-01-08,16.0,Prefer not to say,Portland,United States,Plus,12,$49.00,Mobile App,12,2.23,7,0,6.96,Yes,7.0,0,2,0,0
NF-102497,2022-10-04,26.0,female,Raleigh,United States,Premium,24,$79.00,Walk-in,21,2.23,7,6,4.67,No,7.0,0,1,0,0
NF-101890,2022-09-06,16.0,Female,Austin,United States,Plus,1,$54.00,Website,20,3.97,16,0,1.66,Yes,8.0,0,0,0,0
NF-102449,2023-03-14,40.0,Female,Columbus,United States,Premium,24,$79.00,Website,26,3.79,12,0,5.8,Yes,9.0,0,0,0,0
NF-102784,2021-10-09,43.0,Male,Austin,United States,Basic,12,$29.00,Referral,9,1.21,6,0,3.34,No,4.0,1,0,1,1
NF-101083,2022-07-09,34.0,Male,Austin,United States,Plus,12,$49.00,Website,18,1.69,4,0,,No,7.0,0,0,0,0
NF-102337,2022-11-30,41.0,Male,Denver,United States,Basic,1,$29.00,Website,23,3.06,8,0,1.37,Yes,8.0,4,1,0,0
NF-102700,2022-04-04,33.0,Male,Denver,United States,Basic,1,$25.00,Mobile App,15,1.42,4,5,8.07,Yes,6.0,0,0,1,1
NF-100802,2022-04-13,33.0,F,Portland,United States,Basic,6,$29.00,Mobile App,15,0.61,1,0,5.3,No,5.0,1,0,1,1
NF-100175,2021-09-16,51.0,F,Austin,United States,Premium,12,$84.00,Website,8,1.49,6,0,2.38,Yes,6.0,0,0,0,0
NF-100586,2021-08-23,46.0,F,Raleigh,United States,Premium,12,$79.00,Website,8,1.77,5,5,1.2,Yes,7.0,1,0,0,0
NF-102774,2023-02-07,54.0,Female,Portland,United States,Basic,1,$29.00,Referral,25,4.17,14,3,2.84,Yes,7.0,0,3,0,0
NF-101055,2023-01-02,,F,Portland,United States,Plus,6,$49.00,Mobile App,24,2.34,8,8,4.57,Yes,6.0,1,0,0,0
NF-102506,2022-10-27,48.0, Male,Columbus,United States,Plus,12,$49.00,Mobile App,22,1.49,5,9,2.63,No,7.0,1,1,0,0
NF-101043,2022-06-20,51.0,Male,Raleigh,United States,Plus,24,$49.00,Mobile App,18,1.02,3,7,4.93,Yes,6.0,0,0,0,0
NF-102855,2022-09-28,44.0,Female,Austin,United States,Basic,1,$29.00,Website,21,1.98,7,0,2.11,Yes,,0,0,0,0
NF-100070,2021-09-21,25.0,Female,Austin,United States,Premium,6,$79.00,Website,9,4.06,12,2,2.26,Yes,9.0,0,1,0,0
NF-101170,2023-03-25,31.0,Female,Columbus,United States,Plus,12,$54.00,Mobile App,27,2.99,9,0,1.6,No,8.0,0,0,0,0
NF-101579,2022-03-21,24.0,Male,Boise,United States,Basic,1,$25.00,Referral,15,19.8,18,0,5.83,No,7.0,0,0,0,0
NF-100030,2023-06-02,34.0,F ,Portland,United States,Basic,12,$25.00,Website,29,2.81,10,10,,Yes,7.0,0,2,0,0
NF-102916,2021-04-29,40.0,Female,Portland,United States,Plus,12,$45.00,Walk-in,4,2.13,9,0,6.27,No,7.0,0,0,1,1
NF-101411,2021-02-28,,female,Portland,United States,Basic,1,$29.00,Mobile App,2,0.58,3,1,0.83,Yes,2.0,1,0,1,1
NF-102903,2021-05-16,31.0,Male,Denver,United States,Premium,24,$75.00,Website,4,2.96,11,0,0.67,Yes,5.0,0,0,0,0
NF-100269,2023-09-18,66.0,M,Portland,United States,Plus,12,$45.00,Walk-in,33,1.94,8,0,3.62,Yes,5.0,0,0,0,1
NF-102734,2022-10-26,35.0,Female,Columbus,United States,Basic,12,$29.00,Referral,22,1.99,8,10,6.76,Yes,7.0,0,1,0,0
NF-100273,2023-03-02,31.0,Male,Raleigh,United States,Basic,1,$25.00,Mobile App,26,1.54,7,0,5.79,No,,1,0,0,1
NF-102656,2023-05-11,34.0,Female,Austin,United States,Plus,12,$49.00,Website,28,1.92,8,0,7.2,No,5.0,0,0,0,0
NF-101830,2023-05-22,31.0,M,Columbus,United States,Basic,6,$34.00,Website,29,2.45,8,0,4.51,Yes,5.0,1,0,0,0
NF-101780,2022-10-21,,M,Raleigh,United States,Plus,6,$49.00,Referral,22,2.54,9,0,1.97,Yes,8.0,0,2,0,0
NF-102672,2023-02-22,30.0,Male,Columbus,United States,Plus,1,$45.00,Website,26,1.36,5,6,1.8,No,6.0,0,0,1,1
NF-102714,2022-02-01,42.0,Male,Columbus,United States,Basic,6,$29.00,Website,13,0.72,2,1,5.54,No,4.0,2,0,1,1
NF-101177,2021-09-13,27.0,Female,Columbus,United States,Plus,1,$45.00,Referral,8,1.9,5,1,1.12,Yes,7.0,0,0,0,0
NF-101260,2022-05-09,50.0,Female,Portland,United States,Basic,1,$29.00,Walk-in,16,1.65,4,0,2.85,Yes,5.0,1,0,0,0
NF-100057,2021-12-23,42.0, Male,Portland,United States,Premium,24,$79.00,Website,12,1.28,4,7,,Yes,6.0,0,0,1,1
NF-101127,2022-03-26,58.0,female,Austin,United States,Basic,12,$29.00,Website,15,0.22,0,0,0.88,No,4.0,1,0,1,1
NF-101559,2022-03-26,,F,Austin,United States,Premium,12,$84.00,Walk-in,15,1.36,3,4,1.73,Yes,6.0,0,0,0,0
NF-101638,2021-11-07,55.0,Male,Austin,United States,Basic,6,$29.00,Walk-in,10,1.47,5,2,,No,,1,0,1,1
NF-102906,2022-07-11,50.0,Male,Portland,United States,Basic,1,$25.00,Mobile App,18,0.94,4,0,12.29,No,3.0,2,0,1,1
NF-102147,2022-03-03,31.0,F,Denver,United States,Basic,1,$29.00,Mobile App,14,1.71,3,7,14.42,Yes,5.0,0,0,1,1
NF-102479,2022-07-20,25.0,M,Columbus,United States,Basic,1,$34.00,Walk-in,19,2.23,6,7,6.37,Yes,7.0,1,1,0,0
NF-100154,2022-01-28,,F,Denver,United States,Basic,1,$29.00,Walk-in,13,3.23,10,0,10.17,No,,0,0,1,1
NF-100422,2022-06-24,37.0,Male,Portland,United States,Basic,12,$29.00,Walk-in,18,2.2,9,0,4.74,No,6.0,-1,1,0,0
NF-101732,2021-07-26,24.0,male,Denver,United States,Basic,6,$29.00,Mobile App,7,1.09,4,0,5.4,Yes,6.0,1,1,0,0
NF-101136,2022-08-18,20.0, Male,Portland,United States,Basic,1,$29.00,Walk-in,20,1.57,5,0,8.69,No,5.0,1,0,1,1
NF-100481,2022-12-10,28.0,F,Austin,United States,Premium,12,$79.00,Website,23,1.68,5,0,,Yes,6.0,0,0,1,1
NF-100922,2023-02-11,44.0,F,Denver,United States,Basic,1,$29.00,Walk-in,25,1.03,2,0,1.23,Yes,6.0,3,0,0,0
NF-102514,2022-03-03,26.0,Male,Columbus,United States,Basic,6,$34.00,Website,14,2.02,5,0,2.9,No,7.0,1,0,0,0
NF-102036,2023-01-16,47.0,Male,Denver,United States,Basic,6,$29.00,Website,25,3.06,10,15,2.09,Yes,7.0,0,0,0,0
NF-101035,2021-08-27,41.0,Male,Austin,United States,Plus,12,$49.00,Website,8,1.97,5,0,13.17,Yes,9.0,0,0,0,0
NF-101020,2023-06-17,40.0,M,Austin,United States,Basic,1,$29.00,Mobile App,30,1.54,4,0,2.73,Yes,5.0,0,1,0,0
NF-101859,2023-06-03,46.0,Female,Denver,United States,Basic,1,$25.00,Mobile App,29,2.45,10,0,3.62,No,8.0,0,0,0,0
NF-101729,2022-12-16,39.0,Female,Columbus,United States,Basic,6,$29.00,Website,23,0.86,2,1,1.14,Yes,7.0,1,0,0,0
NF-101288,2021-06-08,25.0,Female,Columbus,United States,Basic,1,$29.00,Mobile App,5,1.37,4,3,0.96,Yes,5.0,0,0,0,0
NF-102634,2023-03-04,51.0,Male,Denver,United States,Basic,1,$29.00,Mobile App,26,1.58,5,3,1.73,Yes,6.0,0,0,0,1
NF-102748,2022-02-10,34.0,F,Austin,United States,Plus,12,$49.00,Referral,13,1.94,6,0,2.46,Yes,7.0,0,0,0,0
NF-102931,2023-04-19,21.0,female,Portland,United States,Basic,6,$29.00,Referral,28,1.86,4,0,2.05,Yes,7.0,1,0,0,0
NF-100901,2023-08-24,39.0,Male,Austin,United States,Plus,24,$49.00,Walk-in,32,3.28,10,0,,Yes,6.0,1,1,0,0
NF-102658,2021-11-07,21.0,Male,Austin,United States,Plus,1,$45.00,Walk-in,10,3.56,13,0,3.61,Yes,8.0,0,4,0,0
NF-101476,2021-04-08,31.0,FEMALE,Denver,United States,Plus,12,$49.00,Referral,3,1.03,5,2,1.09,Yes,4.0,2,0,0,0
NF-102283,2022-09-01,42.0,Male,Portland,United States,Plus,12,$45.00,Walk-in,20,3.18,8,0,0.86,Yes,8.0,0,0,0,0
NF-102054,2022-11-12,30.0,F ,Austin,United States,Basic,1,$29.00,Website,22,66.0,4,0,2.54,No,3.0,0,0,1,1
NF-100209,2022-05-12,16.0,F,Austin,United States,Basic,1,$29.00,Walk-in,16,3.27,8,4,3.56,No,8.0,0,0,0,0
NF-102671,2023-06-23,42.0,F ,Denver,United States,Plus,12,$49.00,Website,30,1.72,6,0,0.43,Yes,5.0,0,0,0,0
NF-102809,2021-07-29,27.0,female,Columbus,United States,Plus,12,$54.00,Referral,7,2.38,6,0,0.9,No,6.0,1,2,0,0
NF-100347,2021-05-15,44.0,Female,Columbus,United States,Plus,6,$49.00,Website,4,1.03,5,0,0.31,Yes,5.0,0,0,1,1
NF-101733,2022-01-04,40.0,F,Denver,United States,Basic,6,$29.00,Website,12,1.27,3,0,3.65,Yes,,0,0,1,1
NF-101233,2021-11-02,64.0,FEMALE,Denver,United States,Premium,12,$75.00,Website,10,2.86,11,0,0.82,Yes,9.0,0,1,0,0
NF-100511,2021-07-05,26.0,FEMALE,Denver,United States,Premium,24,$79.00,Referral,6,3.11,9,0,7.58,Yes,7.0,0,0,0,0
NF-100602,2023-06-27,22.0,Female,Portland,United States,Basic,1,$25.00,Website,30,2.74,10,0,4.53,No,7.0,0,0,0,0
NF-100087,2022-10-29,37.0,Female,Denver,United States,Basic,12,$34.00,Website,22,3.73,12,3,2.13,Yes,9.0,0,0,0,0
NF-102037,2023-05-19,30.0,female,Denver,United States,Premium,24,$79.00,Mobile App,29,1.95,7,0,4.29,Yes,6.0,0,0,0,0
NF-102325,2023-08-18,37.0,Female,Boise,United States,Basic,6,$29.00,Walk-in,32,1.66,5,1,0.88,Yes,5.0,1,0,1,0
NF-100914,2021-05-01,36.0,FEMALE,Denver,United States,Plus,1,$54.00,Website,4,3.92,12,0,2.66,Yes,7.0,0,1,0,0
NF-102395,2022-01-12,27.0,Other,Austin,United States,Basic,1,$25.00,Mobile App,12,1.41,5,4,4.68,No,6.0,0,0,1,1
NF-100164,2022-04-04,34.0,M,Portland,United States,Basic,12,$29.00,Website,15,1.78,6,0,2.07,Yes,8.0,0,0,0,0
NF-101032,2022-09-13,47.0,Male,Portland,United States,Premium,24,$79.00,Referral,20,1.3,4,3,3.82,Yes,6.0,1,1,0,0
NF-101218,2022-12-31,58.0,Male,Denver,United States,Basic,6,$25.00,Referral,24,2.09,6,0,3.81,Yes,7.0,0,0,0,0
NF-101699,2023-07-25,46.0,MALE,Austin,United States,Basic,1,$25.00,Walk-in,31,2.01,5,0,2.03,No,5.0,0,0,1,1
NF-100069,2021-10-09,16.0,Other,Denver,United States,Basic,6,$34.00,Mobile App,9,1.99,6,1,3.36,Yes,6.0,1,1,0,0
NF-102587,2022-02-20,23.0,M,Austin,United States,Basic,1,$25.00,Mobile App,14,1.29,4,0,3.73,Yes,,0,1,1,1
NF-101234,2021-05-16,61.0,M,Denver,United States,Premium,12,$75.00,Walk-in,4,1.97,8,5,1.28,No,5.0,1,0,0,0
NF-102900,2023-03-20,58.0,Female,Denver,United States,Basic,1,$29.00,Mobile App,27,3.25,11,17,,Yes,10.0,0,0,0,0
NF-101787,2021-10-03,26.0,Female,Portland,United States,Basic,6,$25.00,Referral,9,0.76,3,0,2.07,No,5.0,0,0,0,0
NF-101548,2021-08-10,39.0,Female,Denver,United States,Premium,12,$84.00,Website,7,0.85,2,0,8.98,No,3.0,1,0,1,1
NF-100236,2021-10-07,50.0,F,Columbus,United States,Premium,24,$79.00,Walk-in,9,3.66,12,7,2.16,Yes,8.0,0,0,0,0
NF-101037,2023-07-31,27.0,MALE,Portland,United States,Basic,12,$29.00,Walk-in,31,1.08,2,0,0.72,No,5.0,1,0,0,0
NF-100458,2021-02-22,17.0,Male,Columbus,United States,Plus,6,$49.00,Walk-in,2,2.67,9,0,3.84,No,7.0,1,1,1,1
NF-100226,2023-04-15,29.0,F,Columbus,United States,Basic,1,$29.00,Website,27,1.83,6,5,5.58,Yes,9.0,1,0,0,0
NF-102703,2022-03-31,42.0,Male,Columbus,United States,Basic,1,$25.00,Website,15,2.87,9,0,17.51,Yes,5.0,0,0,0,0
NF-100409,2022-12-13,24.0,Male,Portland,United States,Plus,12,$54.00,Website,23,1.19,3,0,1.38,Yes,7.0,0,2,0,0
NF-101916,2022-03-17,53.0,M,Boise,United States,Plus,6,$49.00,Website,14,2.12,6,2,2.91,No,4.0,2,0,0,0
NF-102000,2021-12-11,37.0,Male,Denver,United States,Basic,1,$25.00,Walk-in,11,0.95,2,0,1.72,No,2.0,1,0,1,1
NF-101382,2022-11-15,27.0,Female,Austin,United States,Plus,1,$49.00,Mobile App,22,2.52,6,0,2.39,Yes,6.0,0,1,0,0
NF-100850,2021-07-11,34.0,F,Denver,United States,Basic,1,$29.00,Walk-in,6,2.19,8,0,4.35,Yes,9.0,0,1,0,0
NF-100828,2021-12-08,32.0,Female,Columbus,United States,Basic,1,$25.00,Mobile App,11,1.66,6,2,1.37,No,5.0,2,0,1,1
NF-102732,2022-12-12,61.0,Female,Denver,United States,Plus,12,$49.00,Mobile App,23,0.85,2,0,6.24,Yes,3.0,2,0,1,1
NF-100312,2021-03-05,33.0,female,Portland,United States,Plus,12,$45.00,Mobile App,2,6.82,21,0,3.37,Yes,10.0,0,1,0,0
NF-100800,2022-11-02,51.0,female,Portland,United States,Basic,12,$34.00,Website,22,1.58,4,0,0.5,No,5.0,1,1,1,1
NF-102315,2021-02-17,18.0,F,Austin,United States,Basic,6,$29.00,Website,2,1.96,5,5,1.19,No,,1,0,0,0
NF-102185,2021-01-26,34.0,Female,Denver,United States,Basic,12,$29.00,Website,1,1.26,3,0,9.05,Yes,5.0,0,0,0,0
NF-102031,2021-08-20,43.0,female,Raleigh,United States,Plus,12,$45.00,Mobile App,8,0.5,2,3,0.88,Yes,7.0,0,0,0,0
NF-100885,2023-03-26,38.0,Female,Portland,United States,Basic,6,$25.00,Website,27,1.94,7,0,1.51,Yes,8.0,0,0,0,0
NF-101105,2021-08-20,36.0,Male,Denver,United States,Plus,6,$54.00,Website,8,1.95,7,0,3.02,Yes,5.0,1,0,0,0
NF-100977,2021-12-09,16.0,Male,Austin,United States,Basic,1,$29.00,Referral,11,2.44,9,5,1.91,No,6.0,0,1,1,1
NF-101435,2023-05-01,21.0,Female,Columbus,United States,Basic,1,$25.00,Website,28,1.6,4,8,4.33,Yes,,3,0,0,0
NF-101168,2021-02-16,49.0,Male,Columbus,United States,Plus,12,$49.00,Mobile App,2,1.48,4,2,1.96,Yes,6.0,0,0,1,1
NF-100910,2021-02-27,,MALE,Columbus,United States,Basic,6,$29.00,Website,2,2.59,7,0,4.09,No,8.0,0,1,0,0
NF-102113,2022-03-26,34.0,FEMALE,Austin,United States,Basic,6,$29.00,Walk-in,15,3.64,12,2,1.1,Yes,8.0,0,1,0,0
NF-102705,2022-03-04,30.0,M,Denver,United States,Plus,12,$49.00,Mobile App,14,2.01,8,0,,No,5.0,0,0,0,0
NF-100318,2022-08-12,24.0,Male,Austin,United States,Plus,6,$54.00,Mobile App,19,1.16,4,0,0.88,Yes,7.0,1,0,1,1
NF-101522,2023-06-15,54.0,Male,Columbus,United States,Plus,12,$54.00,Mobile App,29,2.61,7,7,11.36,No,6.0,0,0,0,0
NF-102865,2022-07-08,39.0,FEMALE,Portland,United States,Premium,24,$79.00,Website,18,4.12,13,6,1.73,Yes,7.0,0,2,0,0
NF-101743,2021-08-18,37.0,male,Portland,United States,Basic,1,$25.00,Referral,8,1.79,6,5,1.44,Yes,5.0,0,1,0,0
NF-100499,2021-07-11,32.0,Female,Portland,United States,Plus,6,$54.00,Referral,6,2.42,9,1,6.16,Yes,5.0,0,0,1,1
NF-101924,2023-09-06,35.0,F,Portland,United States,Premium,12,$79.00,Mobile App,32,1.23,3,0,7.93,Yes,4.0,2,0,0,0
NF-102680,2021-05-31,19.0,Female,Denver,United States,Basic,12,$29.00,Walk-in,5,5.89,17,0,5.16,Yes,,0,0,0,0
NF-100246,2023-01-28,36.0,FEMALE,Denver,United States,Plus,1,$54.00,Website,25,3.65,12,0,2.9,Yes,10.0,1,1,0,0
NF-102160,2022-06-30,30.0,Male,Portland,United States,Premium,12,$79.00,Referral,18,3.11,10,0,3.42,No,7.0,1,1,0,0
NF-101711,2023-04-16,38.0,Male,Columbus,United States,Basic,12,$29.00,Mobile App,27,1.59,7,0,7.45,Yes,5.0,0,1,0,0
NF-102745,2021-05-26,50.0,M,Columbus,United States,Basic,6,$29.00,Website,5,3.15,9,0,10.16,Yes,8.0,0,2,0,0
NF-101181,2022-02-15,30.0,male,Austin,United States,Premium,24,$84.00,Referral,13,2.18,8,0,2.37,No,8.0,1,0,0,0
NF-100892,2021-05-19,52.0,Male,Austin,United States,Plus,1,$49.00,Walk-in,5,1.57,5,0,2.29,No,6.0,1,0,0,0
NF-101303,2021-01-18,16.0,Male,Austin,United States,Basic,6,$25.00,Referral,1,1.47,4,0,2.97,Yes,5.0,0,1,1,1
NF-101757,2022-08-28,51.0,Female,Columbus,United States,Premium,12,$79.00,Referral,20,1.31,5,1,4.76,Yes,6.0,2,0,0,0
NF-102424,2023-01-08,,Female,Portland,United States,Basic,12,$34.00,Website,24,2.51,9,0,2.08,Yes,6.0,2,1,1,1
NF-102973,2023-05-13,44.0,Female,Columbus,United States,Basic,6,$29.00,Website,28,3.17,11,1,,No,9.0,0,0,1,1
NF-102429,2021-04-01,41.0,Male,Raleigh,United States,Plus,1,$54.00,Mobile App,3,1.21,3,0,0.61,No,5.0,2,0,0,0
NF-102867,2023-07-13,34.0,F,Portland,United States,Plus,12,$49.00,Mobile App,30,6.25,21,0,4.74,No,10.0,0,1,0,0
NF-100003,2022-04-05,32.0,Male,Denver,United States,Plus,1,$49.00,Mobile App,15,4.03,13,0,6.41,Yes,6.0,1,1,0,0
NF-100000,2022-10-12,37.0,F,Portland,United States,Basic,1,$29.00,Website,21,1.29,6,0,1.59,No,6.0,2,0,1,1
NF-102525,2022-01-11,33.0,Female,Denver,United States,Plus,6,$45.00,Website,12,3.48,11,0,1.54,No,9.0,2,1,0,0
NF-102369,2021-09-23,26.0,Male,Denver,United States,Plus,12,$49.00,Mobile App,9,2.85,9,0,,Yes,7.0,0,0,1,1
NF-102049,2022-12-10,31.0,Female,Austin,United States,Basic,1,$34.00,Website,23,2.3,7,5,3.0,Yes,6.0,0,1,0,0
NF-100823,2023-05-06,50.0,Male,Austin,United States,Plus,12,$49.00,Website,28,1.11,4,2,4.01,Yes,5.0,2,0,1,1
NF-102571,2022-08-28,51.0,M,Denver,United States,Plus,12,$49.00,Mobile App,20,2.1,6,3,2.14,Yes,8.0,1,0,0,0
NF-102180,2023-03-03,48.0,F,Austin,United States,Basic,12,$25.00,Website,26,5.76,18,23,2.18,No,8.0,0,0,0,0
NF-102989,2021-08-22,43.0,female,Denver,United States,Basic,12,$29.00,Website,8,1.38,5,0,1.11,No,,1,0,0,1
NF-100604,2021-08-31,33.0,Male,Denver,United States,Plus,12,$54.00,Referral,8,1.44,5,0,1.31,Yes,5.0,0,0,0,0
NF-101606,2022-07-14,30.0,Female,Austin,United States,Basic,1,$29.00,Mobile App,18,4.58,14,10,11.47,Yes,8.0,0,1,0,0
NF-101109,2021-01-24,28.0,Female,Columbus,United States,Plus,6,$49.00,Mobile App,1,2.28,6,0,8.15,Yes,7.0,1,0,0,0
NF-101161,2021-02-12,41.0, Male,Denver,United States,Basic,1,$29.00,Website,1,2.76,9,0,1.2,No,,0,0,0,0
NF-101132,2021-01-26,51.0,Female,Columbus,United States,Basic,12,$29.00,Mobile App,1,1.52,6,0,3.55,Yes,7.0,0,0,0,0
NF-100459,2021-09-17,37.0,MALE,Denver,United States,Basic,6,$34.00,Mobile App,9,3.86,13,21,2.09,No,5.0,0,1,0,0
NF-100025,2023-09-11,36.0,F,Columbus,United States,Plus,12,$49.00,Walk-in,32,1.51,4,0,,Yes,6.0,1,1,1,1
NF-100961,2023-08-04,30.0,Female,Portland,United States,Plus,12,$45.00,Walk-in,31,2.16,7,0,5.14,Yes,7.0,0,0,0,0
NF-100597,2021-04-17,22.0,Female,Raleigh,United States,Premium,12,$75.00,Mobile App,3,2.4,8,0,1.54,Yes,6.0,0,0,0,0
NF-102234,2022-12-31,41.0,Male,Austin,United States,Plus,12,$49.00,Mobile App,24,2.31,7,0,,Yes,8.0,0,0,0,0
NF-101627,2022-09-26,52.0,Female,Denver,United States,Premium,12,$79.00,Mobile App,21,1.02,3,0,0.89,Yes,7.0,2,0,0,0
NF-101919,2021-04-17,,Male,Austin,United States,Basic,1,$29.00,Referral,3,3.08,11,0,4.4,Yes,8.0,0,2,0,0
NF-101860,2022-05-13,50.0,F,Portland,United States,Plus,12,$49.00, ,16,1.28,4,0,3.34,Yes,8.0,1,0,1,1
NF-100160,2022-05-30,42.0,Male,Columbus,United States,Basic,6,$29.00,Website,17,1.07,6,2,4.93,No,5.0,0,0,0,0
NF-100250,2023-04-26,46.0,F,Austin,United States,Basic,12,$29.00,Website,28,1.34,4,6,1.22,Yes,6.0,0,0,0,0
NF-900010,2021-11-02,37.0,Male,Denver,United States,Basic,1,$29.00,Website,11,1.9,5,3,1.61,Yes,7.0,1,1,0,0
NF-102495,2022-03-21,46.0,Female,Portland,United States,Plus,6,$54.00,Referral,15,2.43,10,0,1.76,Yes,8.0,0,0,0,0
NF-100532,2023-02-18,76.0,Male,Austin,United States,Plus,12,$49.00,Mobile App,26,2.48,9,0,10.25,Yes,7.0,0,1,0,0
NF-102345,2021-12-05,35.0,F,Austin,United States,Basic,1,$25.00,Mobile App,11,2.06,6,0,7.54,Yes,7.0,0,0,0,0
NF-101402,2021-02-28,43.0,F,Denver,United States,Plus,6,$49.00,Mobile App,2,1.53,5,0,3.14,No,3.0,0,0,0,0
NF-102339,2022-08-06,17.0,Male,Denver,United States,Basic,1,$29.00,Walk-in,19,2.29,8,0,1.03,Yes,6.0,1,0,1,1
NF-101069,2022-03-15,31.0,Male,Portland,United States,Basic,6,$29.00,Walk-in,14,2.6,8,15,4.56,Yes,8.0,1,1,0,0
NF-102589,2021-12-16,27.0,Female,Denver,United States,Basic,12,$29.00,Mobile App,11,0.86,4,0,3.5,No,,3,0,1,1
NF-102348,2021-12-23,39.0,female,Raleigh,United States,Basic,1,$29.00,Walk-in,12,3.12,8,0,2.88,Yes,7.0,0,0,0,0
NF-101943,2021-05-11,24.0,F ,Austin,United States,Plus,6,$49.00,Walk-in,4,3.03,11,0,3.98,Yes,7.0,0,3,0,0
NF-100934,2022-06-27,31.0, Male,Columbus,United States,Basic,6,$29.00,Website,18,2.12,8,0,2.71,Yes,5.0,0,0,0,0
NF-102432,2021-05-07,48.0,Male,Portland,United States,Basic,1,$29.00,Referral,4,2.38,9,0,5.48,Yes,4.0,1,0,0,0
NF-102042,2023-04-16,33.0,Male,Austin,United States,Plus,12,$49.00,Walk-in,27,1.7,3,2,1.2,No,6.0,0,0,0,0
NF-100877,2022-06-01,28.0,male,Austin,United States,Basic,1,$29.00,Website,17,3.82,14,0,1.46,Yes,,0,1,0,0
NF-102175,2021-03-04,35.0,Female,Raleigh,United States,Premium,24,$75.00,Website,2,5.09,16,0,5.42,Yes,9.0,0,3,0,0
NF-100022,2021-11-30,30.0,Male,Columbus,United States,Basic,1,$29.00,Partner Promo,11,1.99,7,0,2.8,No,7.0,0,0,0,0
NF-102637,2021-12-31,56.0,Female,Austin,United States,Plus,12,$49.00,Mobile App,12,2.17,7,4,1.66,Yes,6.0,2,0,0,0
NF-100980,2021-05-02,16.0,F,Raleigh,United States,Basic,1,$29.00,Website,4,3.79,12,0,5.53,Yes,10.0,0,1,0,0
NF-100377,2022-07-10,30.0,F,Austin,United States,Plus,12,$54.00,Website,18,2.22,7,2,3.07,No,7.0,1,0,0,0
NF-101192,2021-12-07,46.0,M,Denver,United States,Basic,12,$29.00,Walk-in,11,88.0,5,0,5.6,No,3.0,0,0,1,1
NF-102135,2023-08-03,43.0,Prefer not to say,Austin,United States,Premium,12,$79.00,Mobile App,31,1.42,5,0,11.51,Yes,6.0,0,0,0,1
NF-100202,2022-10-15,27.0,female,Denver,United States,Plus,12,$45.00,Website,21,1.1,4,0,1.06,Yes,6.0,1,0,1,1
NF-101386,2022-01-16,50.0,Other,Austin,United States,Plus,12,$49.00,Mobile App,12,1.53,7,0,2.15,Yes,7.0,0,1,0,0
NF-101961,2022-11-07,38.0,M,Denver,United States,Plus,6,$49.00,Walk-in,22,1.04,4,0,1.45,No,,2,0,1,1
NF-100350,2021-01-08,56.0,Female,Austin,United States,Premium,12,$79.00,Mobile App,1,0.55,4,0,1.78,Yes,5.0,1,0,1,1
NF-101998,2022-07-29,19.0,male,Raleigh,United States,Basic,1,$29.00,Website,19,2.29,8,0,0.94,Yes,5.0,0,0,1,1
NF-101369,2023-09-17,20.0,Male,Portland,United States,Plus,6,$49.00,Website,33,2.27,6,0,3.38,Yes,6.0,0,0,0,0
NF-100322,2023-07-14,45.0,Male,Denver,United States,Basic,12,$29.00,Referral,30,1.35,5,2,9.11,Yes,6.0,0,0,0,0
NF-100540,2021-02-20,50.0,Female,Austin,United States,Plus,6,$45.00,Website,2,2.41,7,2,0.89,Yes,8.0,0,0,0,1
NF-101604,2022-01-12,31.0,M,Austin,United States,Plus,12,$49.00,Website,12,2.41,8,0,2.24,Yes,8.0,0,0,0,0
NF-101107,2022-04-25,32.0,M,Portland,United States,Basic,12,$29.00,Website,16,1.04,4,1,1.24,Yes,,3,0,0,1
NF-101389,2022-06-18,31.0,Male,Austin,United States,Premium,24,$75.00,Walk-in,18,1.71,5,0,2.69,Yes,,1,0,0,0
NF-101358,2021-05-29,55.0,Male,Austin,United States,Premium,12,$79.00,Website,5,1.21,4,4,3.87,Yes,7.0,0,0,1,1
NF-101885,2021-07-13,26.0,FEMALE,Denver,United States,Plus,12,$45.00,Website,6,1.97,6,0,2.11,Yes,7.0,0,1,1,1
NF-102627,2021-07-08,51.0,M,Portland,United States,Premium,24,$79.00,Website,6,2.04,7,0,2.67,Yes,8.0,0,0,0,0
NF-100072,2022-11-10,43.0,M,Austin,United States,Plus,6,$45.00,Website,22,1.15,4,2,7.29,No,6.0,2,0,0,0
NF-102313,2021-02-10,48.0,FEMALE,Denver,United States,Plus,12,$49.00,Website,1,2.65,8,0,6.93,No,6.0,0,0,0,0
NF-100398,2022-10-26,34.0,MALE,Columbus,United States,Premium,24,$79.00,Website,22,1.28,4,0,2.03,No,4.0,2,0,0,0
NF-102995,2022-05-25,54.0,Female,Denver,United States,Basic,12,$34.00,Walk-in,17,3.11,9,0,7.99,No,7.0,0,1,0,0
NF-101839,2021-05-20,34.0,Female,Portland,United States,Basic,6,$25.00,Website,5,3.05,9,0,1.37,Yes,10.0,0,1,0,0
NF-102684,2022-10-26,23.0,Female,Austin,United States,Plus,12,$49.00,Walk-in,22,1.94,8,4,2.31,Yes,7.0,0,0,0,0
NF-101767,2023-09-15,33.0,female,Denver,United States,Plus,24,$49.00,Website,32,1.25,6,0,3.12,No,6.0,0,0,0,0
NF-101157,2021-11-25,21.0,F,Austin,United States,Premium,12,$84.00,Website,11,2.6,8,7,4.01,No,6.0,1,0,0,0
NF-100883,2021-03-28,41.0,FEMALE,Raleigh,United States,Basic,1,$34.00,Website,3,1.87,6,0,0.86,Yes,6.0,0,0,0,0
NF-102625,2022-02-23,24.0,M,Austin,United States,Basic,1,$29.00,Walk-in,14,1.39,5,0,1.56,No,,0,1,0,0
NF-101536,2023-01-06,27.0,M,Columbus,United States,Basic,1,$34.00,Website,24,2.08,5,2,2.32,Yes,6.0,1,0,0,0
NF-100006,2022-08-02,32.0,F,Boise,United States,Premium,12,$79.00,Website,19,4.91,17,0,2.57,Yes,,1,0,0,0
NF-102744,2021-11-30,29.0,F ,Austin,United States,Basic,1,$25.00,Mobile App,11,1.7,5,0,1.96,Yes,8.0,0,0,0,0
NF-100038,2021-10-06,50.0,Male,Columbus,United States,Plus,12,$49.00,Walk-in,9,2.09,7,2,2.34,No,5.0,0,0,0,0
NF-101279,2021-07-02,34.0,Female,Austin,United States,Basic,12,$29.00,Walk-in,6,1.17,4,0,3.22,No,4.0,0,0,0,0
NF-101361,2022-12-23,39.0,female,Portland,United States,Plus,6,$49.00,Mobile App,24,1.7,3,7,4.4,Yes,5.0,0,0,0,0
NF-101271,2022-06-11,49.0,F,Austin,United States,Basic,12,$34.00,Website,17,2.04,8,5,7.22,Yes,7.0,0,1,0,0
NF-102455,2021-08-09,36.0,M,Austin,United States,Plus,1,$49.00,Referral,7,1.3,5,0,1.93,No,6.0,1,0,1,1
NF-102527,2023-05-14,47.0,Male,Austin,United States,Basic,6,$29.00,Website,28,1.82,4,0,1.73,No,6.0,1,1,0,0
NF-100454,2022-02-02,32.0,F,Raleigh,United States,Premium,24,$79.00,Referral,13,3.23,10,0,5.05,Yes,6.0,0,3,0,0
NF-102713,2021-07-01,20.0,Female,Portland,United States,Premium,12,$79.00,Website,6,1.72,6,0,16.75,No,,0,0,1,1
NF-101577,2021-05-29,16.0,F,Denver,United States,Plus,12,$49.00,Website,5,2.13,7,0,1.61,No,7.0,0,0,0,0
NF-100603,2021-07-06,34.0,M,Raleigh,United States,Basic,1,$29.00,Mobile App,6,2.92,11,0,,Yes,5.0,0,1,0,0
NF-101722,2023-03-04,25.0,Male,Columbus,United States,Plus,24,$49.00,Walk-in,26,0.97,4,0,3.25,No,4.0,1,0,0,0
NF-100979,2022-07-26,27.0,Male,Columbus,United States,Basic,1,$25.00,Referral,19,2.2,6,3,3.96,No,8.0,0,2,0,0
NF-102642,2023-02-28,25.0,M,Boise,United States,Basic,6,$29.00,Website,26,1.19,3,0,,No,,2,0,1,1
NF-100551,2021-04-17,28.0,Male,Austin,United States,Basic,6,$25.00,Mobile App,3,2.99,9,5,1.79,Yes,7.0,0,1,0,0
NF-100388,2021-02-17,36.0,F,Raleigh,United States,Plus,24,$54.00,Website,2,1.81,4,2,7.35,Yes,5.0,0,0,1,1
NF-102873,2023-09-26,41.0,female,Columbus,United States,Premium,12,$84.00,Mobile App,33,2.94,9,12,6.77,Yes,,1,1,0,0
NF-102332,2021-08-01,35.0,Female,Portland,United States,Plus,12,$45.00,Walk-in,7,3.21,10,1,6.92,No,9.0,0,1,0,0
NF-101737,2021-07-09,37.0,F,Columbus,United States,Basic,6,$34.00,Website,6,2.94,9,0,1.06,Yes,9.0,0,2,0,0
NF-100346,2021-09-07,32.0,Female,Denver,United States,Plus,6,$49.00,Referral,8,3.31,13,0,4.26,Yes,7.0,0,1,0,0
NF-102722,2023-04-20,33.0,Male,Columbus,United States,Basic,1,$34.00,Referral,28,1.76,5,0,3.74,No,6.0,0,0,0,0
NF-102035,2022-11-15,63.0,female,Portland,United States,Basic,1,$29.00,Website,22,1.86,8,0,2.22,Yes,,3,0,1,1
NF-101910,2021-09-06,17.0,Female,Austin,United States,Plus,12,$49.00,Mobile App,8,1.4,4,0,1.09,No,8.0,1,1,0,0
NF-101748,2022-06-07,50.0,Male,Denver,United States,Plus,12,$49.00,Mobile App,17,0.73,4,0,1.27,Yes,4.0,0,0,0,0
NF-102824,2021-12-04,53.0,female,Portland,United States,Plus,12,$49.00,Mobile App,11,3.22,11,11,3.52,No,6.0,0,0,0,0
NF-100685,2021-08-11,16.0,Female,Raleigh,United States,Premium,12,$84.00,Partner Promo,7,1.0,3,1,2.5,No,6.0,1,0,1,1
NF-101097,2022-11-24,26.0,Male,Denver,United States,Plus,12,$49.00,Mobile App,23,0.98,3,0,7.77,Yes,5.0,-1,0,0,0
NF-101568,2021-03-05,45.0,Female,Austin,United States,Basic,12,$25.00,Referral,2,3.07,9,0,2.91,Yes,8.0,0,1,0,0
NF-100392,2021-03-31,29.0,male,Austin,United States,Basic,12,$29.00,Walk-in,3,0.73,3,0,4.32,No,,0,0,1,0
NF-101462,2021-02-26,54.0,Female,Austin,United States,Plus,6,$49.00,Mobile App,2,1.32,5,3,1.04,Yes,7.0,1,0,1,1
NF-101831,2022-10-30,45.0,Other,Denver,United States,Plus,1,$49.00,Mobile App,22,2.04,6,5,2.17,No,5.0,0,1,1,1
NF-100120,2021-02-02,35.0,F ,Denver,United States,Plus,1,$49.00,Walk-in,1,1.03,3,4,5.86,Yes,5.0,1,0,0,0
NF-100173,2023-06-21,28.0,M,Portland,United States,Basic,1,$29.00,Website,30,1.76,7,3,5.86,Yes,5.0,1,1,0,0
NF-100562,2021-12-14,56.0,Female,Denver,United States,Basic,1,$29.00,Website,11,1.21,3,3,2.48,No,5.0,1,0,0,0
NF-101593,2021-06-13,40.0,Female,Columbus,United States,Plus,12,$49.00,Mobile App,5,1.31,3,0,1.02,Yes,4.0,0,1,0,0
NF-100544,2022-02-10,35.0,Male,Denver,United States,Basic,6,$29.00,Walk-in,13,1.45,7,0,1.11,No,7.0,0,0,0,0
NF-102864,2022-05-07,18.0,Male,Portland,United States,Plus,6,$49.00,Website,16,2.34,7,2,4.31,No,7.0,0,0,0,0
NF-100208,2021-07-25,16.0,F,Denver,United States,Basic,6,$34.00,Mobile App,7,1.58,5,0,0.98,No,6.0,1,0,0,0
NF-101504,2022-03-12,26.0,Female,Columbus,United States,Plus,6,$49.00,Mobile App,14,1.74,5,0,3.54,No,7.0,1,0,0,0
NF-100632,2021-04-28,36.0,Female,Portland,United States,Basic,6,$29.00,Walk-in,4,1.44,1,0,4.26,Yes,7.0,2,0,0,0
NF-100126,2023-07-25,48.0,female,Austin,United States,Basic,12,$29.00,Referral,31,20.1,16,0,5.09,Yes,9.0,0,0,0,0
NF-101204,2022-08-28,24.0,male,Austin,United States,Basic,1,$34.00,Website,20,3.38,10,0,2.08,Yes,9.0,0,1,0,0
NF-102917,2022-02-10,27.0,M,Portland,United States,Basic,1,$29.00,Website,13,2.86,9,11,5.58,No,7.0,0,1,0,0
NF-100183,2023-02-02,20.0,Female,Austin,United States,Basic,1,$29.00,Walk-in,25,1.7,6,0,6.24,Yes,5.0,0,0,0,0
NF-101188,2021-01-22,23.0,male,Portland,United States,Plus,24,$49.00,Website,1,2.48,10,0,6.25,No,8.0,0,0,1,1
NF-101802,2022-11-08,32.0,Male,Austin,United States,Basic,1,$25.00,Website,22,2.29,8,1,,Yes,6.0,0,0,1,1
NF-101082,2021-09-08,44.0,female,Portland,United States,Plus,1,$45.00,Walk-in,8,2.29,6,0,7.29,Yes,6.0,0,0,0,0
NF-102769,2021-12-18,21.0, Male,Denver,United States,Premium,12,$79.00,Referral,12,2.42,9,0,5.38,Yes,7.0,3,1,0,0
NF-102053,2021-07-13,54.0,Female,Columbus,United States,Plus,12,$45.00,Website,6,1.93,7,0,0.94,No,,0,1,0,0
NF-102761,2023-02-20,41.0,male,Denver,United States,Premium,24,$75.00,Mobile App,26,4.37,15,0,5.12,Yes,,0,0,0,0
NF-102610,2021-07-26,52.0,Female,Austin,United States,Premium,12,$79.00,Website,7,1.21,4,2,0.9,Yes,3.0,4,0,0,0
NF-100895,2023-09-04,45.0,F,Austin,United States,Premium,12,$84.00,Partner Promo,32,1.88,7,0,5.07,Yes,6.0,0,0,1,0
NF-100124,2022-03-07,47.0,F ,Austin,United States,Basic,1,$29.00,Website,14,1.76,6,3,9.28,Yes,5.0,1,0,1,1
NF-100216,2021-08-03,36.0,Male,Columbus,United States,Plus,6,$49.00,Website,7,2.23,7,0,10.02,Yes,4.0,1,0,0,0
NF-102810,2021-03-01,24.0,Male,Austin,United States,Plus,12,$49.00,Website,2,3.36,11,0,1.06,No,,0,2,0,0
NF-100166,2021-11-29,20.0,MALE,Denver,United States,Premium,12,$84.00,Walk-in,11,2.4,5,0,2.51,Yes,6.0,1,0,0,0
NF-101611,2021-02-25,57.0,Male,Denver,United States,Plus,12,$49.00,Website,2,3.09,11,0,2.08,No,6.0,0,0,0,0
NF-100404,2021-01-27,35.0,Male,Denver,United States,Plus,12,$49.00,Mobile App,1,1.12,4,0,3.68,Yes,4.0,1,0,0,0
NF-100228,2021-09-29,40.0,M,Portland,United States,Basic,1,$29.00,Referral,9,0.84,3,0,2.26,No,1.0,0,0,1,1
NF-101040,2021-02-18,51.0,F,Denver,United States,Premium,12,$84.00,Walk-in,2,1.01,3,0,4.3,No,6.0,1,1,0,0
NF-101027,2022-10-12,46.0,M,Boise,United States,Basic,6,$34.00,Mobile App,21,1.99,6,2,0.96,No,7.0,-1,0,0,0
NF-100471,2023-04-13,26.0,F ,Portland,United States,Basic,6,$34.00,Referral,27,2.35,8,0,4.38,Yes,6.0,0,1,0,0
NF-101253,2022-06-04,42.0,Male,Austin,United States,Basic,1,$25.00,Mobile App,17,2.75,11,0,2.4,Yes,,0,0,1,1
NF-102242,2022-07-11,20.0,female,Denver,United States,Plus,12,$49.00,Website,18,2.12,8,0,8.13,No,6.0,0,0,0,0
NF-101769,2021-01-14,36.0,Female,Portland,United States,Basic,1,$29.00,Walk-in,1,1.78,4,1,2.38,Yes,3.0,1,0,1,1
NF-101654,2021-04-19,,male,Columbus,United States,Plus,1,$45.00,Website,4,2.5,7,0,1.09,Yes,8.0,1,1,0,1
NF-101542,2022-03-31,31.0,Male,Denver,United States,Plus,6,$45.00,Mobile App,15,1.67,6,0,0.97,Yes,6.0,0,0,0,0
NF-102540,2021-12-03,29.0,Female,Austin,United States,Basic,1,$29.00,Referral,11,1.85,4,4,1.95,Yes,,1,0,0,0
NF-100302,2022-09-19,48.0,male,Denver,United States,Premium,24,$84.00,Walk-in,21,3.48,11,13,4.15,Yes,8.0,0,1,0,0
NF-100958,2022-01-10,38.0,female,Portland,United States,Basic,1,$29.00,Walk-in,12,1.17,4,0,1.44,Yes,,0,0,0,1
NF-100915,2022-04-08,19.0,Female,Austin,United States,Basic,1,$29.00,Website,15,1.51,4,0,2.71,No,,0,0,1,1
NF-102808,2022-01-20,21.0,Female,Boise,United States,Basic,6,$29.00,Website,13,4.63,13,26,1.69,No,8.0,0,2,0,0
NF-101894,2023-02-11,27.0,Female,Denver,United States,Basic,1,$29.00,Mobile App,25,2.17,7,0,2.99,Yes,5.0,0,0,0,0
NF-102210,2022-01-19,34.0,Other,Portland,United States,Plus,12,$54.00,Referral,13,4.52,15,0,0.92,Yes,10.0,0,2,0,0
NF-100086,2022-09-11,27.0,F,Portland,United States,Basic,1,$34.00,Walk-in,20,1.87,6,0,2.64,Yes,6.0,0,2,1,1
NF-100328,2022-10-09,29.0,MALE,Austin,United States,Basic,1,$29.00,Referral,21,2.59,10,1,12.99,Yes,7.0,0,1,0,0
NF-102245,2021-05-08,52.0,Female,Denver,United States,Basic,6,$29.00,Website,4,0.58,1,0,3.36,Yes,5.0,1,0,1,1
NF-101655,2023-06-24,29.0,female,Portland,United States,Basic,1,$34.00,Website,30,1.11,4,0,,No,6.0,1,0,0,0
NF-100371,2021-11-11,39.0,M,Denver,United States,Plus,6,$49.00,Website,10,2.48,7,0,2.35,Yes,6.0,0,1,0,0
NF-100317,2022-07-17,40.0,Female,Austin,United States,Plus,12,$49.00,Partner Promo,18,1.49,2,0,5.05,No,4.0,0,0,0,0
NF-101893,2022-01-07,16.0,F ,Denver,United States,Basic,1,$29.00,Walk-in,12,1.41,5,0,1.85,Yes,7.0,0,2,0,0
NF-102905,2022-10-19,36.0,Male,Columbus,United States,Basic,1,$34.00,Referral,22,2.83,9,0,1.36,Yes,9.0,0,2,0,0
NF-102342,2021-03-12,,Other,Portland,United States,Basic,6,$34.00,Mobile App,2,1.31,6,0,1.05,Yes,5.0,0,0,0,0
NF-100536,2023-03-30,58.0,female,Austin,United States,Plus,6,$49.00,Mobile App,27,2.85,9,0,3.47,No,7.0,2,0,0,0
NF-101171,2021-05-31,22.0,Female,Denver,United States,Premium,24,$79.00,Website,5,1.51,5,0,,No,7.0,1,1,0,0
NF-102132,2021-08-06,36.0,F,Raleigh,United States,Basic,1,$29.00,Mobile App,7,1.67,5,2,0.71,No,8.0,0,1,0,0
NF-101156,2021-01-25,45.0,Female,Denver,United States,Basic,12,$29.00,Referral,1,3.24,11,9,,Yes,6.0,0,0,0,0
NF-101868,2021-07-14,35.0,Female,Austin,United States,Plus,12,$49.00,Walk-in,6,5.21,17,0,1.3,Yes,10.0,0,1,0,0
NF-101165,2022-10-24,28.0,female,Columbus,United States,Basic,1,$25.00,Website,22,1.7,6,1,1.01,Yes,5.0,1,2,0,0
NF-101710,2023-03-07,21.0,Male,Denver,United States,Basic,1,$34.00,Website,26,0.66,3,0,0.72,Yes,5.0,2,0,1,1
NF-102869,2023-01-25,32.0,Male,Portland,United States,Plus,1,$45.00,Referral,25,1.72,4,0,1.82,Yes,7.0,1,0,1,1
NF-102094,2021-02-21,43.0,Female,Austin,United States,Plus,12,$49.00,Website,2,1.36,4,0,6.89,Yes,7.0,0,0,1,1
NF-100116,2023-07-31,40.0,Female,Denver,United States,Plus,6,$49.00,Walk-in,31,1.67,5,0,2.88,Yes,5.0,2,0,0,0
NF-100123,2021-01-15,25.0, Male,Columbus,United States,Basic,1,$29.00,Mobile App,1,2.48,7,0,4.07,No,8.0,0,1,0,0
NF-102572,2022-07-26,37.0,Male,Austin,United States,Basic,1,$29.00,Website,19,19.2,5,0,3.99,No,6.0,2,1,0,0
NF-101687,2023-07-17,51.0,MALE,Denver,United States,Plus,12,$45.00,Website,30,1.61,5,0,5.7,Yes,,1,0,1,1
NF-102095,2021-12-12,42.0,Male,Columbus,United States,Basic,1,$29.00,Website,11,4.36,14,0,4.45,Yes,8.0,0,0,0,0
NF-100660,2023-03-01,53.0,Female,Portland,United States,Basic,12,$34.00,Walk-in,26,1.16,3,0,0.96,No,3.0,0,0,0,0
NF-101119,2021-04-07,47.0,female,Austin,United States,Basic,6,$25.00,Mobile App,3,1.35,7,0,0.84,Yes,7.0,4,1,1,1
NF-101511,2021-06-30,54.0,Female,Austin,United States,Basic,6,$29.00,Referral,6,0.85,4,0,2.76,No,7.0,1,0,0,0
NF-101637,2023-09-07,39.0,F,Austin,United States,Basic,12,$29.00,Website,32,3.04,8,0,4.59,Yes,9.0,0,2,0,0
NF-101999,2023-09-17,37.0,M,Austin,United States,Basic,12,$29.00,Referral,33,1.86,8,0,1.95,Yes,6.0,0,0,0,0
NF-102360,2022-10-19,51.0,M,Austin,United States,Basic,6,$29.00,Referral,22,1.38,3,1,1.09,Yes,6.0,1,0,0,0
NF-101644,2021-03-13,37.0,FEMALE,Boise,United States,Premium,24,$75.00,Walk-in,2,1.93,6,4,2.78,Yes,7.0,0,0,0,0
NF-100899,2021-03-03,44.0,Female,Austin,United States,Premium,12,$79.00,Walk-in,2,4.74,16,0,1.18,Yes,9.0,0,1,0,0
NF-100584,2023-02-02,23.0,F ,Raleigh,United States,Plus,6,$54.00,Referral,25,2.58,9,0,2.31,No,8.0,0,0,0,0
NF-102985,2022-02-25,38.0,Male,Portland,United States,Plus,12,$45.00,Website,14,1.46,3,1,0.87,No,4.0,-1,0,1,1
NF-100870,2021-03-11,43.0,M,Denver,United States,Basic,12,$29.00,Walk-in,2,3.19,8,3,3.45,No,5.0,0,0,0,0
NF-102237,2022-07-24,27.0,Male,Austin,United States,Plus,12,$49.00,Walk-in,19,2.88,8,0,1.29,No,8.0,0,0,0,0
NF-101683,2021-01-29,51.0,female,Austin,United States,Basic,1,$29.00,Walk-in,1,2.22,6,0,9.8,No,,1,0,0,1
NF-102949,2022-12-07,38.0,Male,Denver,United States,Basic,1,$29.00,Mobile App,23,2.61,9,10,2.69,Yes,8.0,0,1,0,0
NF-101853,2022-12-11,16.0,female,Portland,United States,Plus,12,$49.00,Walk-in,23,1.76,8,0,2.3,No,7.0,0,0,0,0
NF-100583,2021-06-06,27.0,M,Columbus,United States,Plus,6,$54.00,Walk-in,5,4.71,16,0,7.6,Yes,9.0,0,1,0,0
NF-100719,2023-07-08,35.0,FEMALE,Austin,United States,Plus,12,$54.00,Referral,30,2.13,10,0,2.76,Yes,6.0,0,1,0,0
NF-102702,2022-12-30,66.0,M,Denver,United States,Basic,12,$34.00,Mobile App,24,4.03,13,0,11.53,Yes,9.0,0,2,0,0
NF-100370,2021-09-13,30.0,Male,Denver,United States,Basic,1,$29.00,Referral,8,2.51,8,5,11.68,Yes,6.0,0,0,1,1
NF-102174,2022-04-20,36.0,F,Denver,United States,Basic,12,$29.00,Walk-in,16,2.17,9,0,6.32,No,7.0,0,0,0,0
NF-102746,2022-11-11,38.0,Male,Denver,United States,Plus,6,$49.00,Website,22,4.08,13,5,,Yes,7.0,0,2,0,0
NF-102520,2021-05-11,25.0,other,Austin,United States,Basic,1,$29.00,Walk-in,4,3.8,12,0,1.0,No,8.0,0,0,0,0
NF-100630,2022-06-11,27.0,Female,Austin,United States,Basic,6,$25.00,Walk-in,17,1.51,6,5,1.33,Yes,5.0,0,1,0,0
NF-100693,2022-10-26,49.0,Male,Austin,United States,Basic,1,$29.00,Website,22,1.21,1,0,18.62,No,7.0,0,0,0,0
NF-101669,2021-03-02,47.0,Male,Raleigh,United States,Basic,6,$25.00,Mobile App,2,1.25,4,0,1.23,Yes,5.0,1,0,0,1
NF-101287,2021-09-15,29.0,Female,Austin,United States,Basic,1,$25.00,Mobile App,8,1.97,6,9,8.91,Yes,6.0,0,0,0,0
NF-102517,2021-06-20,46.0,M,Austin,United States,Basic,12,$29.00,Mobile App,6,1.96,7,0,3.24,Yes,5.0,0,0,1,1
NF-101508,2022-07-01,31.0,F,Boise,United States,Plus,12,$49.00,Website,18,2.88,7,5,1.02,Yes,7.0,1,0,0,0
NF-102614,2023-03-02,45.0,Male,Denver,United States,Basic,1,$29.00,Partner Promo,26,2.17,6,0,2.46,Yes,8.0,2,0,0,0
NF-100065,2021-11-04,24.0,Male,Portland,United States,Basic,12,$29.00,Walk-in,10,1.94,7,5,5.53,Yes,7.0,1,0,0,0
NF-101183,2021-11-09,27.0,Male,Austin,United States,Premium,12,$79.00,Website,10,3.88,13,8,0.76,Yes,9.0,0,3,0,0
NF-101264,2022-10-09,22.0,Male,Portland,United States,Basic,1,$29.00,Referral,21,1.11,3,0,4.79,No,5.0,2,0,1,1
NF-101455,2021-01-21,,Female,Denver,United States,Basic,1,$29.00, ,1,1.52,5,4,1.18,Yes,5.0,0,0,1,1
NF-100725,2021-01-31,27.0,MALE,Raleigh,United States,Plus,6,$54.00,Walk-in,1,1.58,6,0,1.19,Yes,,0,0,1,1
NF-102580,2022-06-19,50.0,F ,Raleigh,United States,Basic,1,$25.00,Walk-in,18,0.52,0,1,3.07,Yes,4.0,0,0,0,0
NF-100005,2023-02-02,34.0,male,Portland,United States,Premium,6,$75.00,Website,25,2.88,10,0,21.82,Yes,6.0,0,1,0,0
NF-102712,2023-02-04,23.0,Female,Denver,United States,Plus,6,$54.00,Website,25,2.58,11,6,0.95,Yes,7.0,0,0,0,0
NF-102877,2021-07-12,53.0,Female,Austin,United States,Plus,6,$49.00,Referral,6,2.18,6,0,1.73,Yes,7.0,0,1,0,0
NF-101199,2021-08-10,42.0,M,Raleigh,United States,Basic,1,$25.00,Mobile App,7,4.0,14,0,1.55,Yes,6.0,1,1,0,0
NF-102393,2021-12-16,44.0,Female,Raleigh,United States,Basic,1,$29.00,Mobile App,11,2.15,7,0,1.27,No,7.0,0,0,1,1
NF-100111,2023-08-21,24.0,Male,Austin,United States,Plus,6,$49.00,Website,32,2.36,8,0,4.29,No,6.0,1,1,0,0
NF-101700,2021-05-20,40.0,Female,Portland,United States,Plus,12,$45.00,Referral,5,1.77,5,3,1.3,Yes,6.0,1,0,1,1
NF-102635,2022-11-21,61.0,Female,Denver,United States,Plus,12,$54.00,Mobile App,23,3.42,12,8,3.08,No,10.0,0,0,0,0
NF-101944,2022-02-25,23.0,M,Austin,United States,Plus,12,$49.00,Website,14,4.86,17,0,6.81,No,6.0,0,0,0,0
NF-101507,2021-11-10,44.0,female,Austin,United States,Plus,6,$49.00,Website,10,2.49,8,0,1.59,Yes,6.0,1,0,0,0
NF-102457,2022-02-24,33.0,M,Denver,United States,Plus,6,$45.00,Website,14,1.93,5,0,8.49,Yes,5.0,0,0,0,0
NF-101200,2021-01-03,35.0,Male,Austin,United States,Basic,6,$25.00,Mobile App,1,3.23,12,12,6.67,No,7.0,0,1,0,0
NF-101817,2022-12-07,36.0,F,Denver,United States,Plus,6,$49.00,Referral,23,2.81,12,0,3.25,No,6.0,0,0,1,1
NF-100041,2022-10-15,21.0,M,Raleigh,United States,Basic,1,$25.00,Partner Promo,21,7.62,24,28,3.77,Yes,10.0,0,2,0,0
NF-100636,2023-06-08,62.0,Female,Raleigh,United States,Plus,6,$54.00,Website,29,1.7,6,0,1.22,Yes,6.0,0,1,0,0
NF-101844,2023-03-25,40.0,male,Austin,United States,Basic,6,$29.00,Mobile App,27,1.6,4,1,5.5,No,5.0,1,0,1,1
NF-102584,2021-02-24,25.0,other,Denver,United States,Plus,1,$54.00,Partner Promo,2,4.0,12,0,2.48,No,8.0,0,1,0,0
NF-101390,2022-06-02,53.0,male,Austin,United States,Basic,6,$29.00,Referral,17,2.37,7,0,,Yes,6.0,0,0,0,0
NF-100301,2023-09-02,17.0,Male,Columbus,United States,Plus,12,$49.00,Walk-in,32,1.1,4,1,2.44,Yes,5.0,1,0,1,1
NF-101954,2022-01-19,21.0,F,Denver,United States,Plus,1,$45.00,Website,13,2.17,5,0,1.62,Yes,7.0,0,1,0,0
NF-102516,2023-01-19,46.0,F,Austin,United States,Basic,12,$25.00,Mobile App,25,0.24,0,0,1.29,No,2.0,4,0,1,1
NF-101915,2021-04-17,45.0,Male,Raleigh,United States,Basic,1,$25.00,Referral,3,3.8,11,11,3.21,No,10.0,0,1,0,0
NF-102576,2021-06-28,23.0,Female,Columbus,United States,Basic,1,$29.00,Walk-in,6,0.71,2,3,2.42,No,7.0,0,0,0,0
NF-100445,2022-07-07,40.0, Male,Portland,United States,Plus,6,$54.00,Walk-in,18,1.44,5,0,7.59,No,,0,0,0,0
NF-102275,2022-07-26,23.0,Female,Denver,United States,Plus,12,$54.00,Mobile App,19,1.38,6,0,1.82,Yes,7.0,0,0,1,1
NF-102493,2023-08-22,32.0,Female,Denver,United States,Basic,6,$34.00,Website,32,1.52,7,8,2.55,Yes,6.0,1,0,0,0
NF-102157,2023-04-26,53.0,Male,Portland,United States,Basic,1,$34.00,Referral,28,2.49,8,0,4.9,No,6.0,1,0,0,0
NF-101480,2021-06-28,37.0,Female,Denver,United States,Basic,12,$29.00,Website,6,2.69,9,0,2.46,No,8.0,0,1,0,0
NF-100211,2022-06-26,39.0,Other,Denver,United States,Basic,6,$34.00,Mobile App,18,1.7,5,0,0.9,No,,0,0,1,1
NF-100880,2021-05-02,32.0,Female,Austin,United States,Plus,6,$54.00,Mobile App,4,1.77,5,0,3.92,No,5.0,1,1,0,0
NF-100157,2023-02-25,,Female,Denver,United States,Plus,12,$45.00,Referral,26,3.23,10,1,3.24,Yes,8.0,0,0,1,0
NF-100156,2022-07-26,38.0, Male,Austin,United States,Plus,24,$49.00,Partner Promo,19,2.07,6,0,,No,,3,0,0,0
NF-101487,2022-03-01,29.0,male,Columbus,United States,Basic,1,$29.00,Mobile App,14,2.91,9,12,2.24,No,8.0,0,1,0,0
NF-101723,2022-03-06,33.0,Male,Denver,United States,Plus,6,$49.00,Walk-in,14,1.61,7,0,5.61,No,6.0,1,1,0,0
NF-101031,2022-01-02,48.0, Male,Denver,United States,Basic,1,$29.00,Mobile App,12,0.48,1,0,3.15,Yes,3.0,1,0,1,1
NF-100410,2021-09-21,39.0, Male,Austin,United States,Basic,12,$29.00,Website,9,1.01,3,0,1.81,No,3.0,1,0,1,1
NF-102409,2022-08-09,50.0,M,Austin,United States,Premium,24,$79.00,Walk-in,19,2.39,7,4,2.45,Yes,7.0,0,0,0,0
NF-101585,2021-03-16,29.0,Male,Columbus,United States,Plus,6,$45.00,Referral,2,2.41,7,2,4.95,No,7.0,2,0,0,0
NF-102631,2021-07-07,17.0,F,Portland,United States,Plus,12,$45.00,Walk-in,6,1.12,2,2,2.17,Yes,6.0,2,0,0,0
NF-102783,2022-03-15,42.0,other,Portland,United States,Plus,6,$49.00,Referral,14,4.1,13,0,0.72,No,,0,1,0,0
NF-101572,2023-02-02,28.0,Male,Columbus,United States,Basic,1,$34.00,Website,25,3.43,11,0,,Yes,10.0,0,1,0,0
NF-100103,2022-12-12,27.0,Male,Portland,United States,Basic,6,$25.00,Referral,23,2.21,7,0,1.44,Yes,6.0,0,1,0,0
NF-102256,2023-04-17,24.0,female,Portland,United States,Basic,12,$29.00,Website,28,2.81,10,6,0.61,Yes,,2,2,1,1
NF-102573,2023-03-24,44.0,F,Columbus,United States,Basic,1,$34.00,Mobile App,27,1.2,5,0,1.12,No,6.0,1,0,0,0
NF-101535,2023-09-12,26.0,F ,Portland,United States,Basic,12,$29.00,Walk-in,32,3.67,13,0,2.53,Yes,8.0,1,3,0,0
NF-100240,2023-06-08,37.0,Female,Portland,United States,Plus,12,$54.00,Mobile App,29,2.4,8,0,2.32,Yes,7.0,0,0,1,1
NF-100439,2022-07-10,37.0,Male,Columbus,United States,Plus,12,$49.00,Referral,18,1.42,5,0,1.89,Yes,,1,1,0,0
NF-101088,2021-12-09,17.0,M,Austin,United States,Basic,1,$29.00,Website,11,1.11,5,1,2.94,No,6.0,1,0,0,0
NF-101210,2022-10-14,34.0,Male,Denver,United States,Basic,1,$29.00,Walk-in,21,1.42,5,1,1.83,No,4.0,1,0,0,1
NF-102044,2022-10-06,27.0,Female,Raleigh,United States,Premium,12,$79.00,Referral,21,2.64,9,0,1.59,Yes,8.0,1,2,1,1
NF-100140,2022-09-29,29.0,F,Columbus,United States,Plus,12,$45.00,Walk-in,21,2.19,7,0,1.8,Yes,7.0,1,0,0,0
NF-102419,2022-08-06,33.0,M,Austin,United States,Plus,6,$45.00,Website,19,2.11,5,0,7.78,Yes,7.0,1,0,0,0
NF-900006,2021-03-19,43.0,Male,Austin,United States,Plus,6,$45.00,Walk-in,4,2.42,8,0,2.33,No,8.0,2,0,0,0
NF-102176,2022-10-07,32.0,M,Columbus,United States,Premium,12,$79.00,Website,21,2.39,8,0,0.59,No,7.0,0,1,0,1
NF-102948,2021-11-03,43.0,Male,Columbus,United States,Premium,12,$75.00,Referral,10,0.75,1,0,5.93,No,,1,0,1,1
NF-102336,2021-05-03,31.0,Male,Portland,United States,Plus,6,$49.00,Walk-in,4,2.12,7,0,7.99,Yes,8.0,0,0,0,0
NF-102978,2022-09-03,33.0,M,Austin,United States,Plus,6,$49.00,Walk-in,20,2.3,7,0,2.24,Yes,7.0,0,0,0,0
NF-101516,2023-02-16,,Female,Columbus,United States,Basic,1,$34.00,Walk-in,26,1.62,4,0,4.2,Yes,6.0,0,0,0,1
NF-101901,2022-10-16,28.0,Male,Denver,United States,Basic,1,$25.00,Website,21,1.93,5,0,5.28,Yes,4.0,1,0,0,1
NF-101523,2022-09-28,45.0,Male,Portland,United States,Premium,24,$79.00,Mobile App,21,3.36,10,0,4.23,Yes,7.0,1,0,0,0
NF-101796,2021-07-07,27.0,F,Denver,United States,Basic,6,$29.00,Partner Promo,6,0.42,2,1,1.95,No,5.0,0,0,0,0
NF-100867,2022-06-05,36.0,male,Denver,United States,Plus,1,$49.00,Mobile App,17,1.36,5,4,3.82,Yes,,0,0,0,1
NF-102215,2021-03-03,38.0,Male,Denver,United States,Premium,12,$84.00,Walk-in,2,2.64,8,0,8.87,Yes,6.0,0,0,0,0
NF-102471,2022-10-24,53.0,Female,Denver,United States,Premium,6,$79.00,Referral,22,1.97,6,0,5.71,Yes,6.0,3,0,1,1
NF-101412,2021-10-28,33.0,Other,Austin,United States,Basic,12,$29.00,Website,10,1.85,4,0,2.79,Yes,7.0,0,0,1,1
NF-100339,2021-04-20,37.0,F,Austin,United States,Basic,1,$29.00,Website,4,0.88,3,0,10.71,No,5.0,0,0,0,0
NF-100837,2021-10-20,33.0,male,Portland,United States,Basic,12,$34.00,Mobile App,10,1.28,4,0,3.75,Yes,4.0,1,0,0,0
NF-102692,2021-06-01,41.0,F,Austin,United States,Plus,12,$54.00,Mobile App,5,2.34,7,0,2.31,Yes,8.0,0,1,1,0
NF-100557,2021-08-01,46.0,female,Portland,United States,Basic,1,$25.00,Website,7,1.19,5,0,4.41,Yes,,0,0,1,1
NF-100558,2021-11-11,20.0,Male,Austin,United States,Plus,12,$49.00,Walk-in,10,2.71,8,2,4.73,Yes,7.0,1,1,0,0
NF-100194,2021-11-17,23.0, Male,Denver,United States,Basic,12,$29.00,Website,11,2.11,6,0,3.08,No,6.0,0,0,0,0
NF-100785,2021-05-17,26.0,Female,Portland,United States,Plus,6,$49.00,Walk-in,4,2.61,8,0,,Yes,,0,0,1,1
NF-100443,2023-04-21,51.0,Male,Columbus,United States,Basic,1,$29.00,Mobile App,28,2.24,7,0,7.61,No,10.0,0,0,0,0
NF-101028,2023-04-01,24.0,F,Denver,United States,Basic,1,$34.00,Walk-in,27,1.11,3,0,3.64,Yes,4.0,3,0,1,1
NF-102238,2023-03-22,16.0,F,Austin,United States,Basic,1,$29.00,Referral,27,2.2,7,3,2.12,Yes,7.0,0,0,0,0
NF-102853,2022-01-09,48.0,F ,Columbus,United States,Basic,1,$29.00,Website,12,2.24,8,0,4.74,Yes,7.0,0,2,0,0
NF-102750,2022-10-19,43.0,male,Raleigh,United States,Plus,1,$49.00,Mobile App,22,1.1,3,0,3.39,Yes,6.0,1,1,1,1
NF-100898,2021-06-16,27.0,F,Portland,United States,Plus,1,$49.00,Referral,5,1.12,3,3,2.24,Yes,6.0,0,0,1,1
NF-101491,2022-06-28,,Other,Denver,United States,Basic,1,$25.00,Mobile App,18,1.08,2,0,10.88,No,4.0,1,0,0,1
NF-102940,2022-12-14,40.0,Male,Austin,United States,Plus,12,$49.00,Referral,23,3.44,11,7,2.67,Yes,7.0,0,1,0,0
NF-102414,2022-10-01,22.0,F,Denver,United States,Basic,6,$29.00,Referral,21,2.11,8,0,,Yes,6.0,1,0,0,0
NF-101169,2022-11-09,31.0,Male,Denver,United States,Basic,6,$34.00,Walk-in,22,2.45,6,0,2.54,Yes,8.0,0,0,0,0
NF-101070,2022-02-12,38.0,MALE,Denver,United States,Plus,6,$54.00,Mobile App,13,1.52,6,4,10.16,No,6.0,0,1,0,0
NF-100034,2022-07-30,41.0,Male,Denver,United States,Premium,12,$79.00,Referral,19,2.05,7,0,,No,7.0,0,0,0,0
NF-102192,2023-09-09,20.0,female,Denver,United States,Plus,6,$49.00,Mobile App,32,1.54,4,2,1.19,No,5.0,0,0,0,0
NF-101582,2023-04-06,34.0,MALE,Columbus,United States,Basic,1,$29.00,Website,27,1.68,6,0,2.55,Yes,6.0,0,0,1,1
NF-100270,2022-08-17,45.0,Female,Raleigh,United States,Basic,1,$29.00,Website,20,1.57,5,0,4.57,No,5.0,1,0,1,1
NF-102640,2021-09-16,38.0,female,Austin,United States,Basic,1,$29.00,Referral,8,1.3,6,0,4.03,No,7.0,-1,0,0,0
NF-101754,2022-06-09,28.0,FEMALE,Portland,United States,Plus,1,$49.00,Referral,17,2.04,6,0,1.02,Yes,9.0,0,0,0,0
NF-102539,2021-03-12,35.0,Prefer not to say,Columbus,United States,Basic,12,$29.00,Mobile App,2,3.37,11,0,0.62,Yes,10.0,0,0,0,0
NF-102109,2022-08-18,41.0,female,Austin,United States,Plus,12,$45.00,Walk-in,20,1.97,5,2,,Yes,8.0,0,0,0,0
NF-100192,2021-09-28,38.0,Female,Columbus,United States,Plus,12,$49.00,Mobile App,9,2.07,8,0,2.25,No,7.0,0,0,0,0
NF-101344,2023-05-04,16.0,Prefer not to say,Austin,United States,Basic,1,$29.00,Website,28,2.32,7,3,4.51,Yes,9.0,0,0,0,0
NF-100856,2023-08-20,34.0,female,Columbus,United States,Plus,12,$49.00,Walk-in,32,2.12,7,2,1.04,Yes,,0,0,0,0
NF-101300,2023-09-04,21.0,Female,Raleigh,United States,Plus,24,$54.00,Mobile App,32,1.46,4,2,1.46,No,7.0,2,0,0,0
NF-102423,2021-05-06,36.0,Female,Denver,United States,Basic,6,$29.00,Mobile App,4,3.26,11,0,2.69,No,8.0,0,1,0,0
NF-100661,2021-10-08,20.0,Male,Austin,United States,Plus,12,$49.00,Walk-in,9,2.79,8,0,8.15,Yes,7.0,0,2,0,0
NF-100330,2021-07-20,27.0,male,Denver,United States,Premium,24,$79.00,Mobile App,7,1.48,7,2,1.38,Yes,6.0,1,0,0,0
NF-102018,2022-10-07,25.0,Male,Columbus,United States,Premium,24,$84.00,Mobile App,21,1.19,1,0,5.37,No,7.0,2,0,0,0
NF-101347,2022-01-12,26.0,M,Columbus,United States,Basic,1,$25.00,Mobile App,12,1.55,4,0,5.37,Yes,6.0,1,0,1,1
NF-102892,2021-07-17,26.0,F,Columbus,United States,Premium,12,$79.00,Mobile App,6,1.48,5,0,5.02,No,5.0,-1,0,1,1
NF-102338,2021-07-18,44.0,F,Portland,United States,Plus,12,$49.00,Mobile App,7,2.02,7,0,0.82,Yes,7.0,0,1,0,0
NF-101352,2022-11-04,41.0,male,Denver,United States,Basic,1,$29.00,Website,22,1.93,6,0,4.21,Yes,6.0,0,1,1,1
NF-100695,2021-10-28,59.0,Female,Columbus,United States,Premium,12,$79.00,Website,10,2.0,6,5,,Yes,6.0,0,0,1,1
NF-100563,2023-08-24,44.0,F,Austin,United States,Plus,6,$54.00,Website,32,0.91,4,3,2.65,No,,2,1,1,1
NF-100325,2022-10-09,42.0,Female,Denver,United States,Basic,6,$25.00,Website,21,1.89,6,0,,Yes,7.0,3,1,1,1
NF-101665,2023-05-07,46.0,Male,Raleigh,United States,Plus,6,$54.00,Mobile App,28,2.23,7,0,0.82,No,8.0,0,2,0,0
NF-101879,2022-09-27,39.0,Male,Columbus,United States,Premium,12,$79.00,Website,21,1.68,3,0,6.31,Yes,6.0,0,0,0,0
NF-101207,2022-01-18,43.0,Female,Columbus,United States,Plus,1,$49.00,Mobile App,13,1.66,5,3,2.62,Yes,6.0,0,0,0,0
NF-102708,2021-05-02,43.0,Male,Austin,United States,Plus,12,$54.00,Referral,4,2.78,12,5,9.88,No,,0,2,0,0
NF-100437,2022-06-01,29.0,Female,Denver,United States,Plus,24,$49.00,Website,17,1.61,6,0,3.55,Yes,6.0,0,0,0,0
NF-101317,2021-10-08,29.0,F ,Columbus,United States,Premium,24,$75.00,Referral,9,2.92,8,0,5.21,Yes,7.0,0,0,0,0
NF-102075,2022-11-08,,Female,Denver,United States,Basic,1,$25.00,Partner Promo,22,3.76,11,0,7.17,No,7.0,0,0,0,0
NF-100131,2022-04-01,37.0,FEMALE,Raleigh,United States,Basic,12,$25.00,Website,15,0.84,3,0,3.56,No,4.0,0,0,0,0
NF-102963,2021-06-25,48.0,Male,Austin,United States,Premium,6,$75.00,Referral,6,1.4,5,0,2.14,Yes,7.0,0,1,0,0
NF-101122,2022-03-21,61.0,Female,Columbus,United States,Plus,12,$45.00,Website,15,2.46,9,0,,Yes,6.0,0,1,0,0
NF-102381,2022-03-12,2.0,Female,Denver,United States,Basic,1,$29.00,Mobile App,14,1.51,5,0,1.77,No,7.0,0,0,1,1
NF-101395,2023-02-21,31.0,Female,Austin,United States,Basic,6,$34.00, ,26,1.85,7,6,1.42,Yes,7.0,0,1,1,1
NF-101597,2022-11-05,48.0,Male,Portland,United States,Basic,6,$29.00,Website,22,1.97,7,0,1.39,Yes,5.0,1,0,0,0
NF-102367,2022-08-17,37.0,female,Portland,United States,Plus,1,$54.00,Walk-in,20,3.25,12,2,2.35,Yes,8.0,0,0,1,1
NF-100824,2023-08-15,39.0,female,Portland,United States,Plus,12,$49.00,Website,31,2.55,7,0,3.83,Yes,6.0,0,1,0,0
NF-102519,2021-12-23,23.0,Male,Austin,United States,Plus,1,$49.00,Website,12,1.93,7,0,0.62,No,8.0,0,0,1,1
NF-100059,2022-12-30,23.0,Other,Austin,United States,Premium,12,$84.00,Referral,24,2.32,5,4,2.29,Yes,6.0,0,1,1,1
NF-100362,2023-06-15,,Male,Portland,United States,Basic,1,$29.00,Walk-in,29,1.44,7,0,5.57,No,6.0,1,0,1,1
NF-102699,2021-06-08,44.0,F,Austin,United States,Basic,1,$29.00,Referral,5,2.05,7,0,2.55,No,5.0,0,0,0,0
NF-102706,2023-08-06,60.0,F,Denver,United States,Basic,1,$34.00,Mobile App,31,2.96,11,7,4.55,Yes,9.0,0,0,0,0
NF-101547,2023-02-23,25.0,Male,Austin,United States,Basic,1,$34.00,Walk-in,26,3.78,9,0,2.9,Yes,7.0,1,1,0,0
NF-101978,2023-01-09,34.0,Male,Austin,United States,Plus,12,$49.00,Website,24,3.62,11,0,,Yes,7.0,0,1,0,0
NF-100654,2023-02-16,36.0,Other,Denver,United States,Basic,1,$29.00,Website,26,3.11,11,0,2.92,No,9.0,0,0,0,0
NF-101512,2022-01-29,36.0, Male,Raleigh,United States,Plus,6,$49.00,Walk-in,13,1.83,6,0,8.1,Yes,,2,0,0,0
NF-101392,2021-11-22,28.0,female,Austin,United States,Plus,6,$49.00,Mobile App,11,1.95,5,3,1.11,No,5.0,0,0,0,0
NF-100263,2021-07-17,16.0,M,Raleigh,United States,Plus,6,$49.00,Website,6,2.86,10,0,2.63,Yes,7.0,0,0,0,0
NF-102319,2021-02-17,31.0,female,Denver,United States,Basic,12,$29.00,Referral,2,1.82,6,11,4.16,Yes,7.0,0,1,0,0
NF-101958,2021-07-16,40.0,Male,Portland,United States,Premium,6,$84.00,Website,6,1.12,3,0,2.36,No,5.0,0,0,1,1
NF-100293,2021-12-11,23.0,Male,Denver,United States,Plus,12,$49.00,Mobile App,11,3.31,10,0,6.16,Yes,8.0,0,0,0,0
NF-100981,2021-02-05,46.0,Female,Denver,United States,Basic,6,$29.00,Mobile App,1,2.12,8,7,1.95,No,7.0,1,0,0,0
NF-102564,2021-12-09,17.0,Female,Raleigh,United States,Premium,12,$79.00,Referral,11,2.18,8,0,3.85,Yes,6.0,0,0,0,0
NF-101440,2022-07-11,60.0,Female,Austin,United States,Basic,6,$29.00,Mobile App,18,0.49,3,0,2.62,No,3.0,1,0,0,0
NF-100902,2022-02-10,60.0,Female,Raleigh,United States,Plus,12,$49.00,Walk-in,13,2.12,5,1,6.73,Yes,5.0,0,0,0,0
NF-102090,2023-01-09,38.0,Male,Columbus,United States,Premium,6,$79.00,Mobile App,24,3.4,10,0,7.2,Yes,9.0,0,1,0,0
NF-102887,2022-09-28,59.0,M,Denver,United States,Basic,1,$29.00,Website,21,1.27,5,0,7.53,Yes,,1,1,1,1
NF-100303,2022-05-11,42.0,MALE,Austin,United States,Basic,1,$34.00,Website,16,1.82,4,5,12.97,No,6.0,0,0,1,1
NF-101201,2022-01-14,27.0,M,Raleigh,United States,Plus,6,$45.00,Walk-in,12,3.29,11,0,9.76,Yes,7.0,0,1,1,1
NF-102526,2022-04-18,41.0,Male,Denver,United States,Premium,24,$75.00,Walk-in,16,2.72,10,1,2.96,Yes,8.0,0,0,0,0
NF-102437,2023-03-31,31.0,Female,Austin,United States,Premium,24,$79.00,Walk-in,27,2.4,8,0,0.79,Yes,9.0,0,0,0,0
NF-102840,2022-06-05,30.0,Male,Austin,United States,Basic,1,$25.00,Website,17,1.39,6,0,0.76,No,7.0,1,0,0,0
NF-102294,2022-05-04,33.0,male,Columbus,United States,Plus,12,$54.00,Website,16,2.35,7,0,3.08,Yes,,0,1,0,0
NF-100391,2021-10-09,36.0,M,Austin,United States,Premium,24,$79.00,Referral,9,1.49,5,3,2.44,Yes,7.0,0,0,0,0
NF-102725,2022-05-19,32.0,F,Austin,United States,Plus,6,$49.00,Website,17,1.7,7,0,1.33,Yes,6.0,-1,0,0,0
NF-100361,2021-02-09,49.0,Male,Denver,United States,Premium,12,$79.00,Walk-in,1,3.04,8,0,7.01,No,6.0,0,0,0,0
NF-100356,2022-12-05,38.0,Male,Columbus,United States,Plus,12,$49.00,Website,23,2.17,6,3,5.47,Yes,,2,0,0,0
NF-100091,2023-07-03,,Female,Raleigh,United States,Plus,1,$49.00,Website,30,1.71,5,0,11.1,Yes,7.0,2,0,1,1
NF-101141,2023-06-23,59.0,MALE,Columbus,United States,Premium,12,$79.00,Mobile App,30,1.16,4,4,1.46,Yes,5.0,0,0,0,0
NF-102654,2022-03-01,33.0,F,Denver,United States,Plus,12,$49.00,Mobile App,14,0.94,2,0,2.4,No,3.0,2,0,1,1
NF-100073,2022-03-15,22.0,M,Denver,United States,Premium,24,$79.00,Walk-in,14,3.89,14,0,0.83,No,7.0,1,0,0,0
NF-100229,2021-07-15,33.0,Male,Denver,United States,Basic,12,$29.00,Walk-in,6,1.15,3,0,1.58,No,7.0,0,0,0,0
NF-102218,2022-02-24,24.0,Female,Raleigh,United States,Premium,12,$79.00,Website,14,3.43,11,7,10.89,Yes,7.0,0,2,0,0
NF-102212,2021-11-04,35.0,Female,Portland,United States,Plus,1,$45.00,Partner Promo,10,1.5,6,0,2.19,No,,0,0,1,1
NF-102563,2021-07-20,35.0,F,Columbus,United States,Basic,6,$34.00,Referral,7,2.83,11,3,2.61,Yes,6.0,0,1,0,0
NF-100082,2022-09-26,24.0,Male,Denver,United States,Basic,6,$25.00,Mobile App,21,2.71,9,5,2.12,Yes,6.0,0,0,1,1
NF-102377,2021-02-11,49.0,Male,Austin,United States,Basic,1,$29.00,Website,1,2.9,7,0,1.48,Yes,7.0,0,1,0,0
NF-102410,2022-07-19,36.0,Other,Austin,United States,Basic,1,$34.00,Mobile App,19,2.78,7,6,4.45,No,6.0,0,0,0,0
NF-100272,2021-07-15,28.0,Female,Denver,United States,Plus,6,$45.00,Referral,6,2.15,5,0,4.75,Yes,5.0,0,1,0,0
NF-102202,2021-10-21,29.0,F,Portland,United States,Plus,12,$54.00,Website,10,1.44,6,0,,Yes,5.0,0,1,0,0
NF-102836,2023-07-22,40.0,Male,Austin,United States,Plus,1,$45.00,Website,31,2.39,9,2,1.95,Yes,5.0,0,0,1,1
NF-102925,2021-04-28,20.0,M,Austin,United States,Plus,1,$49.00,Website,4,3.44,11,0,6.55,Yes,8.0,0,1,0,0
NF-102856,2023-08-31,43.0,M,Portland,United States,Plus,1,$49.00,Walk-in,32,2.15,7,0,2.78,Yes,9.0,0,0,0,0
NF-101588,2022-05-13,53.0,Female,Portland,United States,Basic,1,$29.00,Website,16,0.95,5,0,3.79,Yes,4.0,0,0,0,0
NF-100446,2023-05-15,52.0,male,Austin,United States,Basic,1,$29.00,Walk-in,28,1.74,4,8,13.79,Yes,,1,1,0,1
NF-100692,2021-01-17,30.0,Female,Denver,United States,Plus,12,$49.00,Mobile App,1,1.6,5,5,3.24,Yes,5.0,0,0,0,0
NF-101573,2022-03-26,19.0,Female,Portland,United States,Basic,1,$29.00,Walk-in,15,1.1,4,5,,Yes,6.0,0,0,1,1
NF-102116,2021-06-25,58.0,F,Austin,United States,Basic,1,$29.00,Website,6,1.15,6,0,5.89,No,5.0,0,0,0,0
NF-101351,2023-07-09,28.0,F,Denver,United States,Premium,24,$79.00,Mobile App,30,2.29,7,0,2.07,No,6.0,1,0,0,0
NF-102300,2021-04-18,42.0,F,Columbus,United States,Basic,6,$34.00,Website,4,1.72,5,0,4.81,No,6.0,1,0,1,1
NF-101615,2021-03-01,33.0,Female,Austin,United States,Basic,6,$29.00,Walk-in,2,1.46,6,0,0.93,No,5.0,0,0,0,0
NF-102488,2023-08-31,52.0,F ,Columbus,United States,Basic,1,$29.00,Mobile App,32,2.12,5,0,3.19,Yes,9.0,0,3,0,0
NF-101503,2023-04-01,30.0,Male,Raleigh,United States,Plus,6,$54.00,Website,27,2.21,6,0,0.61,Yes,8.0,0,1,0,0
NF-101227,2022-05-07,29.0,Female,Austin,United States,Basic,12,$34.00,Website,16,1.4,5,7,1.88,Yes,,0,0,1,1
NF-101297,2023-01-28,42.0,male,Raleigh,United States,Plus,1,$45.00,Walk-in,25,2.28,8,0,2.58,Yes,6.0,0,1,0,0
NF-102980,2022-05-23,37.0, Male,Portland,United States,Plus,12,$49.00,Mobile App,17,1.78,4,0,13.73,Yes,4.0,1,1,1,1
NF-102189,2023-04-21,40.0,F,Columbus,United States,Basic,1,$34.00,Walk-in,28,4.52,15,0,5.15,Yes,6.0,0,0,0,0
NF-102010,2022-02-04,39.0,Female,Austin,United States,Plus,12,$49.00,Mobile App,13,2.41,9,0,1.03,Yes,8.0,0,1,0,0
NF-101834,2022-06-02,29.0,F,Austin,United States,Plus,12,$49.00,Mobile App,17,1.72,7,4,3.62,Yes,7.0,0,0,1,1
NF-101223,2023-01-07,31.0,F,Austin,United States,Plus,6,$49.00,Website,24,0.89,2,0,3.03,No,3.0,0,0,1,1
NF-102852,2021-02-12,43.0,Male,Portland,United States,Plus,1,$45.00,Partner Promo,1,1.53,5,3,2.93,No,4.0,0,0,1,1
NF-101617,2021-06-30,29.0,F,Austin,United States,Basic,1,$34.00,Mobile App,6,1.9,5,8,3.03,No,7.0,1,0,0,0
NF-100448,2021-04-23,3.0,Male,Austin,United States,Plus,6,$49.00,Referral,4,1.11,2,1,2.05,No,4.0,2,0,1,1
NF-100212,2022-03-05,35.0,F,Portland,United States,Plus,6,$49.00,Walk-in,14,3.12,10,0,3.11,Yes,9.0,0,0,0,0
NF-102040,2023-05-01,28.0,Female,Portland,United States,Basic,6,$29.00,Walk-in,28,1.14,5,0,4.07,Yes,5.0,1,0,0,0
NF-100838,2023-07-07,17.0,F,Portland,United States,Premium,12,$84.00,Website,30,2.29,7,8,1.86,Yes,8.0,0,1,0,0
NF-101222,2021-04-08,38.0,Other,Austin,United States,Plus,12,$49.00,Mobile App,3,1.67,8,0,0.97,Yes,,0,1,1,1
NF-101328,2023-08-31,42.0,Male,Portland,United States,Plus,12,$49.00,Website,32,2.31,8,0,0.98,Yes,8.0,0,0,0,0
NF-101589,2022-04-25,46.0,Male,Austin,United States,Plus,12,$49.00,Mobile App,16,2.5,9,3,3.27,Yes,5.0,0,0,0,0
NF-100876,2021-03-12,43.0,Female,Austin,United States,Plus,12,$45.00,Website,2,2.39,8,4,1.63,Yes,8.0,0,1,0,0
NF-101403,2022-09-02,22.0,Female,Portland,United States,Plus,12,$49.00,Website,20,2.32,6,0,3.04,No,4.0,2,2,0,0
NF-102756,2021-05-14,26.0,female,Raleigh,United States,Plus,6,$45.00,Walk-in,4,1.12,4,0,1.61,Yes,6.0,0,0,0,1
NF-101824,2021-01-24,62.0, Male,Columbus,United States,Premium,24,$79.00,Website,1,3.72,12,7,4.43,Yes,7.0,0,2,0,0
NF-101167,2022-09-02,41.0,male,Austin,United States,Premium,12,$79.00,Mobile App,20,3.97,13,8,2.3,Yes,8.0,0,2,0,0
NF-101755,2022-07-27,46.0,Prefer not to say,Raleigh,United States,Basic,6,$29.00,Walk-in,19,1.95,4,1,0.83,Yes,5.0,0,0,0,0
NF-102199,2021-07-24,,F,Portland,United States,Plus,6,$49.00,Partner Promo,7,1.24,3,0,2.19,No,7.0,0,0,0,0
NF-102886,2021-06-07,37.0,Male,Raleigh,United States,Basic,1,$34.00,Walk-in,5,4.66,15,0,,No,10.0,0,0,0,0
NF-100440,2021-11-24,42.0,Male,Denver,United States,Plus,12,$45.00,Walk-in,11,0.52,2,2,0.74,Yes,5.0,1,0,0,0
NF-100652,2023-06-15,36.0,male,Columbus,United States,Basic,1,$29.00,Website,29,1.76,6,8,1.87,No,6.0,0,1,0,0
NF-102664,2021-04-17,50.0,Male,Denver,United States,Plus,6,$49.00,Walk-in,3,1.17,3,0,1.93,No,,1,0,1,1
NF-100628,2023-03-28,28.0,Female,Denver,United States,Premium,12,$79.00,Walk-in,27,0.59,2,0,3.08,No,4.0,2,0,0,0
NF-100808,2021-12-10,37.0,F ,Columbus,United States,Basic,1,$29.00,Referral,11,0.99,6,1,3.02,Yes,4.0,1,0,1,1
NF-101909,2023-07-20,57.0,M,Austin,United States,Basic,1,$29.00,Partner Promo,31,2.38,8,0,8.56,Yes,8.0,0,0,1,1
NF-102662,2022-06-04,37.0,Male,Austin,United States,Basic,1,$34.00,Walk-in,17,1.83,6,0,4.38,Yes,8.0,1,1,1,1
NF-100407,2023-07-13,44.0,Male,Denver,United States,Basic,1,$34.00,Mobile App,30,1.94,6,9,0.55,Yes,6.0,2,0,0,0
NF-102667,2021-06-23,21.0,Male,Columbus,United States,Basic,1,$29.00,Walk-in,6,1.86,6,0,5.04,Yes,8.0,1,0,0,0
NF-101493,2021-11-16,29.0,F,Austin,United States,Plus,1,$54.00,Website,10,3.06,7,5,2.59,No,6.0,0,0,0,0
NF-102014,2022-03-23,44.0,MALE,Raleigh,United States,Basic,12,$29.00,Referral,15,2.16,6,10,,Yes,8.0,0,0,0,0
NF-102181,2023-01-24,19.0,Male,Denver,United States,Premium,24,$79.00,Referral,25,2.39,8,0,2.65,Yes,9.0,0,0,0,0
NF-101203,2022-05-06,44.0,F ,Austin,United States,Basic,1,$29.00,Mobile App,16,3.04,7,0,1.68,Yes,8.0,2,2,0,0
NF-100814,2022-12-07,16.0,F,Denver,United States,Plus,12,$45.00,Website,23,0.84,3,0,,No,,1,0,1,1
NF-102270,2021-08-25,41.0,Male,Denver,United States,Premium,24,$84.00,Referral,8,1.47,3,0,0.83,No,6.0,0,2,0,0
NF-100741,2021-07-16,29.0,F ,Austin,United States,Plus,12,$45.00,Mobile App,6,1.4,5,0,0.88,Yes,6.0,0,0,1,1
NF-101800,2022-07-04,21.0,F,Austin,United States,Basic,1,$29.00,Website,18,1.08,6,0,2.85,Yes,5.0,1,0,0,1
NF-101809,2021-03-30,36.0,female,Austin,United States,Basic,1,$29.00,Mobile App,3,3.22,9,7,2.32,Yes,7.0,0,1,0,0
NF-100285,2022-07-30,50.0,Male,Portland,United States,Basic,1,$29.00,Walk-in,19,1.82,7,1,3.63,No,6.0,0,0,0,0
NF-101691,2021-12-13,28.0,male,Austin,United States,Basic,1,$29.00,Walk-in,11,2.8,8,2,0.58,No,9.0,0,0,0,0
NF-100592,2021-06-19,38.0,Female,Denver,United States,Basic,1,$29.00,Mobile App,6,1.98,7,0,0.31,Yes,7.0,2,0,1,1
NF-101680,2023-06-17,47.0,Male,Denver,United States,Basic,1,$34.00,Website,30,2.7,10,0,3.51,No,7.0,1,1,0,0
NF-101506,2022-08-10,36.0,M,Denver,United States,Plus,6,$49.00,Website,19,1.1,3,0,1.4,Yes,,0,0,0,0
NF-102383,2022-06-02,18.0,Male,Portland,United States,Basic,1,$29.00,Walk-in,17,1.51,4,0,2.77,Yes,,0,0,0,0
NF-102331,2023-02-17,54.0,male,Raleigh,United States,Basic,6,$29.00,Referral,26,1.35,5,10,2.46,Yes,5.0,0,0,0,0
NF-101120,2021-04-28,48.0,F,Columbus,United States,Plus,6,$49.00,Website,4,1.45,5,0,,No,5.0,2,0,1,1
NF-101398,2021-08-08,45.0,Female,Austin,United States,Plus,6,$49.00,Referral,7,3.65,13,0,7.04,Yes,8.0,0,0,0,0
NF-102003,2023-05-10,29.0,Female,Austin,United States,Premium,24,$79.00,Website,28,1.53,5,1,3.57,Yes,6.0,2,0,0,0
NF-101996,2023-07-02,35.0,Male,Portland,United States,Basic,1,$25.00,Mobile App,30,0.99,4,0,8.17,Yes,7.0,1,0,0,0
NF-100349,2021-01-07,42.0,female,Raleigh,United States,Basic,1,$29.00,Website,1,2.1,6,1,3.93,Yes,5.0,1,0,1,1
NF-102717,2022-12-31,39.0,female,Austin,United States,Basic,12,$34.00,Website,24,3.06,12,0,11.64,Yes,6.0,0,0,0,0
NF-100972,2021-03-03,34.0,F,Portland,United States,Basic,12,$34.00,Walk-in,2,0.58,1,0,5.96,Yes,3.0,0,0,0,1
NF-102460,2022-08-02,46.0,MALE,Denver,United States,Plus,6,$49.00,Website,19,0.05,0,1,12.19,Yes,,1,0,1,1
NF-102507,2022-09-20,39.0,male,Austin,United States,Basic,1,$29.00,Walk-in,21,2.47,8,5,,Yes,,0,1,1,1
NF-102264,2023-02-08,28.0,Female,Austin,United States,Plus,1,$49.00,Mobile App,25,2.43,8,0,3.14,No,5.0,2,0,1,1
NF-101499,2021-04-19,33.0,Male,Denver,United States,Premium,24,$75.00,Mobile App,4,1.29,6,0,2.98,Yes,6.0,2,0,0,0
NF-101433,2021-09-14,16.0,male,Portland,United States,Plus,6,$49.00,Referral,8,1.21,4,0,4.93,Yes,6.0,0,0,0,0
NF-100729,2021-07-19,30.0,Female,Austin,United States,Plus,12,$49.00,Mobile App,7,2.21,6,13,1.02,No,6.0,0,0,0,0
NF-102719,2023-03-11,39.0,male,Raleigh,United States,Plus,1,$49.00,Website,26,3.07,10,0,1.43,Yes,10.0,0,1,0,0
NF-101832,2023-08-26,31.0,Male,Portland,United States,Basic,1,$25.00,Website,32,0.45,1,9,1.35,Yes,4.0,0,0,1,1
NF-101630,2023-03-26,36.0,male,Denver,United States,Plus,1,$49.00,Mobile App,27,3.22,12,0,3.13,Yes,6.0,0,1,1,0
NF-102996,2021-01-16,51.0,Male,Austin,United States,Basic,6,$29.00,Partner Promo,1,3.08,9,3,,Yes,5.0,0,0,0,0
NF-102624,2023-07-15,16.0,Male,Raleigh,United States,Basic,6,$29.00,Referral,30,2.53,9,5,5.76,No,5.0,1,0,0,0
NF-102314,2021-05-11,16.0,M,Columbus,United States,Basic,1,$29.00,Walk-in,4,0.43,0,0,1.36,Yes,2.0,1,0,1,1
NF-102685,2021-05-06,38.0,Other,Austin,United States,Premium,24,$75.00,Referral,4,2.74,8,0,0.59,Yes,,1,0,0,0
NF-102292,2022-12-29,54.0,Male,Denver,United States,Basic,1,$29.00,Mobile App,24,1.06,2,0,4.62,Yes,5.0,1,0,0,0
NF-101051,2021-09-19,41.0,Male,Portland,United States,Plus,12,$49.00,Walk-in,9,2.03,5,19,11.11,Yes,8.0,2,0,0,0
NF-101424,2022-06-22,,M,Raleigh,United States,Basic,1,$34.00,Website,18,1.67,5,12,5.13,Yes,,1,0,1,1
NF-100319,2022-01-22,,Male,Raleigh,United States,Basic,1,$25.00,Mobile App,13,1.25,5,2,1.19,No,5.0,1,0,0,1
NF-100515,2022-08-27,29.0,MALE,Columbus,United States,Basic,1,$29.00,Walk-in,20,2.78,10,0,3.45,No,9.0,0,0,1,1
NF-101833,2021-03-12,39.0,Female,Raleigh,United States,Plus,12,$49.00,Mobile App,2,2.15,8,5,4.05,Yes,6.0,0,1,0,0
NF-100510,2023-04-28,48.0,Male,Columbus,United States,Plus,12,$49.00,Mobile App,28,0.7,3,0,4.9,No,5.0,1,0,1,1
NF-100940,2022-12-17,39.0,Male,Raleigh,United States,Premium,6,$75.00,Website,24,2.09,7,0,3.35,No,5.0,1,0,0,0
NF-102096,2023-07-23,48.0,Male,Portland,United States,Plus,12,$45.00,Walk-in,31,3.3,11,5,4.43,Yes,6.0,-1,0,0,0
NF-101708,2022-12-12,39.0,female,Austin,United States,Plus,1,$49.00,Mobile App,23,1.02,3,0,1.6,No,,1,0,1,1
NF-102749,2021-03-30,39.0,F,Columbus,United States,Plus,12,$49.00,Mobile App,3,2.61,9,0,1.16,Yes,8.0,1,1,0,0
NF-102138,2022-03-05,16.0,male,Austin,United States,Premium,24,$84.00,Website,14,1.96,8,0,1.76,Yes,6.0,1,0,0,0
NF-100626,2021-05-23,47.0,Female,Denver,United States,Basic,6,$25.00,Mobile App,5,1.05,3,0,8.48,Yes,4.0,2,0,0,0
NF-101492,2021-08-18,45.0,female,Austin,United States,Basic,6,$29.00,Website,8,1.18,3,0,1.95,Yes,5.0,0,0,0,0
NF-101730,2022-02-21,30.0,Other,Denver,United States,Premium,24,$84.00,Referral,14,1.45,3,3,5.88,No,6.0,0,0,0,0
NF-101735,2022-01-17,32.0,Other,Austin,United States,Plus,12,$54.00,Referral,13,2.96,10,8,1.15,Yes,7.0,0,1,0,0
NF-102623,2021-08-19,42.0,FEMALE,Columbus,United States,Basic,1,$29.00,Mobile App,8,1.69,6,0,1.43,No,6.0,0,0,0,0
NF-100355,2022-10-24,38.0,Male,Boise,United States,Basic,6,$29.00,Referral,22,1.4,4,2,2.09,No,7.0,1,1,0,0
NF-101555,2022-03-04,34.0,Male,Columbus,United States,Plus,1,$54.00,Website,14,4.22,13,0,5.18,Yes,,0,0,0,0
NF-100050,2023-06-05,38.0,Female,Denver,United States,Plus,6,$49.00,Website,29,2.15,6,10,1.36,Yes,5.0,0,0,0,0
NF-102532,2021-01-23,25.0,F,Denver,United States,Plus,1,$49.00,Website,1,2.35,9,9,1.15,Yes,7.0,0,1,0,0
NF-102151,2023-05-28,,FEMALE,Austin,United States,Premium,6,$79.00,Referral,29,2.43,7,0,2.86,Yes,8.0,0,0,0,0
NF-100062,2021-07-15,43.0,Male,Columbus,United States,Plus,6,$45.00,Referral,6,3.94,11,0,1.94,Yes,8.0,1,0,0,0
NF-900002,2022-02-16,32.0,Other,Austin,United States,Plus,1,$45.00,Referral,15,1.87,6,5,1.22,Yes,,1,0,1,1
NF-102086,2021-08-12,52.0,Female,Denver,United States,Basic,6,$29.00,Mobile App,7,1.32,4,4,1.79,No,5.0,-1,0,1,1
NF-101400,2022-08-06,16.0,Male,Portland,United States,Plus,24,$49.00,Walk-in,19,3.17,9,0,2.35,No,7.0,1,0,0,0
NF-100751,2021-12-12,32.0,female,Columbus,United States,Basic,1,$29.00,Website,11,2.61,10,0,0.49,Yes,9.0,1,0,0,0
NF-102473,2021-01-08,28.0,F,Denver,United States,Premium,6,$75.00,Mobile App,1,1.3,3,0,5.45,No,4.0,2,0,0,0
NF-100718,2021-02-16,36.0,Male,Portland,United States,Plus,1,$45.00,Mobile App,2,1.32,4,5,9.13,Yes,5.0,0,1,1,1
NF-102946,2021-01-13,57.0,Female,Portland,United States,Basic,12,$25.00,Walk-in,1,3.12,10,3,,Yes,8.0,0,2,0,0
NF-102753,2022-05-22,30.0,Male,Denver,United States,Basic,1,$29.00,Referral,17,2.52,9,10,3.08,Yes,,0,0,0,0
NF-100615,2022-11-08,46.0,Male,Austin,United States,Basic,1,$29.00,Walk-in,22,1.12,1,5,2.16,Yes,,1,0,0,0
NF-101370,2021-03-05,29.0,Male,Denver,United States,Basic,6,$29.00,Mobile App,2,1.76,6,0,2.8,Yes,8.0,1,1,0,0
NF-101187,2021-12-03,35.0,female,Austin,United States,Plus,1,$49.00,Referral,11,1.67,5,0,4.56,No,6.0,1,1,0,0
NF-100412,2022-11-26,24.0,male,Columbus,United States,Basic,1,$29.00,Referral,23,0.89,4,0,1.56,Yes,,2,0,1,1
NF-102569,2021-01-04,50.0,F,Austin,United States,Basic,6,$29.00,Website,1,1.48,6,3,4.45,Yes,,1,0,1,1
NF-100781,2022-07-22,48.0,F,Portland,United States,Premium,24,$79.00,Website,19,1.01,3,0,1.62,No,6.0,1,0,1,1
NF-102643,2022-05-23,39.0,Male,Denver,United States,Basic,1,$29.00,Referral,17,2.92,7,17,5.79,No,9.0,0,1,1,1
NF-102510,2022-02-13,23.0,Male,Raleigh,United States,Basic,1,$29.00,Walk-in,13,1.81,5,0,2.36,Yes,6.0,0,3,1,1
NF-101115,2023-03-13,41.0,Male,Austin,United States,Plus,12,$49.00,Website,26,2.33,7,0,1.3,No,9.0,2,0,0,0
NF-100590,2021-11-07,22.0,Female,Portland,United States,Plus,12,$49.00,Referral,10,1.83,6,6,0.82,No,9.0,1,0,0,0
NF-101706,2021-12-01,54.0,Female,Austin,United States,Premium,6,$84.00,Referral,11,2.55,9,0,9.08,Yes,5.0,0,0,1,0
NF-102683,2021-12-16,23.0,F ,Denver,United States,Plus,12,$49.00,Mobile App,11,1.65,3,0,0.53,Yes,4.0,0,0,0,0
NF-101707,2021-06-20,31.0,male,Columbus,United States,Basic,12,$29.00,Mobile App,6,1.64,4,0,2.12,No,4.0,0,0,1,1
NF-100083,2021-02-23,40.0,Male,Columbus,United States,Basic,6,$25.00,Website,2,1.48,3,0,3.31,Yes,6.0,0,0,1,0
NF-101713,2021-06-16,25.0,Female,Raleigh,United States,Basic,12,$29.00,Walk-in,5,1.73,6,0,3.01,Yes,5.0,1,0,1,0
NF-101991,2022-12-29,40.0,Male,Austin,United States,Plus,1,$49.00,Mobile App,24,1.97,6,0,,No,2.0,1,0,1,1
NF-101237,2021-02-20,24.0,Male,Portland,United States,Premium,24,$79.00,Referral,2,1.95,7,0,,Yes,7.0,1,0,0,0
NF-102407,2021-12-27,47.0,Male,Portland,United States,Basic,1,$29.00,Referral,12,3.99,14,0,3.85,Yes,7.0,0,1,0,0
NF-100669,2022-05-11,36.0,female,Denver,United States,Plus,12,$49.00,Walk-in,16,2.0,6,0,1.86,No,3.0,0,0,1,1
NF-102267,2023-04-02,24.0,Female,Denver,United States,Plus,12,$49.00,Website,27,2.15,8,0,7.86,No,,0,0,0,0
NF-101622,2022-07-03,30.0,male,Raleigh,United States,Basic,1,$34.00,Referral,18,2.44,8,0,10.86,Yes,6.0,1,0,0,0
NF-100400,2021-07-01,20.0,FEMALE,Boise,United States,Plus,1,$45.00,Mobile App,6,1.14,5,0,1.54,No,6.0,0,0,0,0
NF-900003,2021-06-16,27.0,F,Portland,United States,Plus,1,$49.00,Referral,6,1.12,3,3,2.24,Yes,6.0,0,0,1,1
NF-102269,2023-02-16,52.0, Male,Denver,United States,Premium,24,$84.00,Mobile App,26,1.3,4,0,3.66,Yes,,2,0,1,1
NF-100613,2022-05-26,25.0,Male,Austin,United States,Basic,6,$29.00,Mobile App,17,1.87,9,0,1.88,Yes,6.0,-1,0,0,1
NF-102272,2023-04-08,39.0,Female,Portland,United States,Basic,6,$34.00,Website,27,2.56,8,0,2.88,Yes,8.0,1,0,0,0
NF-102724,2021-03-09,25.0,Male,Denver,United States,Basic,1,$25.00,Mobile App,2,1.24,5,0,2.74,Yes,5.0,1,0,1,1
NF-101224,2022-05-07,41.0,Female,Columbus,United States,Basic,6,$25.00,Mobile App,16,3.68,11,0,0.97,No,6.0,0,0,0,0
NF-101235,2023-03-17,33.0,Male,Austin,United States,Premium,24,$79.00,Mobile App,26,1.76,6,8,2.2,Yes,6.0,1,0,0,0
NF-101277,2022-03-18,42.0,Female,Columbus,United States,Plus,6,$45.00,Mobile App,15,2.32,6,0,,Yes,,0,0,0,0
NF-100245,2021-04-05,30.0,Male,Austin,United States,Plus,1,$49.00,Mobile App,3,1.03,4,0,0.42,No,,1,0,1,1
NF-100222,2022-01-12,45.0,M,Raleigh,United States,Plus,12,$49.00,Website,12,2.93,9,0,,No,10.0,1,1,1,0
NF-100611,2023-06-17,35.0,Male,Portland,United States,Basic,1,$29.00,Referral,30,4.38,14,4,,Yes,,0,0,0,0
NF-100967,2023-06-15,40.0,Other,Austin,United States,Premium,12,$79.00,Walk-in,29,2.96,10,3,2.28,No,6.0,0,3,0,0
NF-100374,2021-05-16,51.0,Male,Raleigh,United States,Plus,12,$54.00,Referral,4,3.29,10,0,1.7,Yes,7.0,0,1,0,0
NF-101609,2022-07-30,25.0,MALE,Portland,United States,Basic,6,$34.00,Partner Promo,19,2.18,5,0,8.59,Yes,6.0,0,0,0,0
NF-101675,2022-11-19,16.0,Female,Portland,United States,Plus,12,$49.00,Walk-in,23,1.21,4,0,3.08,No,4.0,0,0,1,1
NF-102850,2022-10-11,30.0,Male,Portland,United States,Basic,1,$29.00,Website,21,2.2,6,0,3.05,No,8.0,0,0,0,0
NF-101747,2021-07-06,51.0,Female,Portland,United States,Plus,24,$49.00,Walk-in,6,2.17,5,0,2.9,Yes,8.0,0,1,0,0
NF-101764,2022-04-28,22.0,Female,Denver,United States,Basic,1,$25.00,Website,16,1.58,3,5,2.58,Yes,7.0,0,0,0,0
NF-100646,2021-11-01,33.0,F,Portland,United States,Basic,12,$29.00,Walk-in,10,1.43,4,0,12.91,Yes,,0,0,1,1
NF-101668,2023-02-03,34.0,Female,Denver,United States,Plus,1,$49.00,Walk-in,25,2.35,7,2,7.22,No,,0,0,0,0
NF-102837,2023-03-01,30.0,F,Denver,United States,Plus,12,$45.00,Referral,26,1.44,4,3,1.04,Yes,5.0,0,0,0,0
NF-101884,2021-12-10,38.0,Male,Portland,United States,Plus,12,$49.00,Mobile App,11,1.16,2,4,2.46,Yes,5.0,2,0,0,0
NF-101228,2022-02-04,46.0,F ,Austin,United States,Basic,1,$29.00,Mobile App,13,1.22,4,0,7.48,No,6.0,1,0,1,1
NF-101928,2022-10-18,16.0,Female,Columbus,United States,Basic,1,$29.00,Website,22,1.49,5,0,4.71,No,7.0,0,0,0,0
NF-102860,2021-02-21,30.0,F ,Denver,United States,Plus,1,$49.00,Referral,2,0.74,3,0,2.99,Yes,5.0,0,0,1,1
NF-102814,2023-07-01,36.0,M,Austin,United States,Plus,6,$49.00,Walk-in,30,1.72,6,9,2.14,Yes,,2,1,1,1
NF-100749,2021-07-19,47.0,Male,Denver,United States,Plus,12,$49.00,Website,7,4.67,15,0,2.75,No,9.0,0,1,0,0
NF-102582,2021-09-17,53.0,Male,Denver,United States,Plus,1,$45.00,Website,9,2.18,7,6,,No,,1,0,0,0
NF-100730,2023-02-07,35.0,Male,Columbus,United States,Premium,24,$79.00,Website,25,1.71,5,0,14.67,Yes,5.0,0,0,0,0
NF-101026,2021-07-18,37.0,Male,Austin,United States,Basic,1,$29.00,Mobile App,7,1.91,5,0,4.83,Yes,7.0,1,0,1,1
NF-102187,2022-05-22,29.0,Female,Denver,United States,Basic,1,$29.00,Referral,17,1.76,7,10,3.92,Yes,5.0,0,0,0,0
NF-102047,2023-01-19,7.0,Male,Austin,United States,Basic,6,$34.00,Mobile App,25,0.96,3,0,2.16,Yes,3.0,0,0,1,1
NF-102391,2023-05-16,39.0,Female,Denver,United States,Basic,1,$29.00,Website,28,2.16,6,0,1.46,Yes,,0,1,1,1
NF-101923,2021-07-05,27.0,male,Columbus,United States,Basic,1,$29.00,Website,6,1.37,5,3,2.85,Yes,4.0,1,0,0,0
NF-100933,2023-05-09,42.0, Male,Austin,United States,Basic,12,$29.00,Website,28,2.31,7,4,,Yes,8.0,0,0,0,0
NF-100605,2021-10-20,37.0,Female,Columbus,United States,Plus,6,$49.00,Walk-in,10,3.61,12,0,9.13,No,7.0,0,2,0,0
NF-100490,2022-11-18,37.0,M,Raleigh,United States,Basic,1,$29.00,Walk-in,23,1.45,4,0,5.36,Yes,2.0,0,0,1,1
NF-100289,2021-05-08,32.0,Female,Columbus,United States,Plus,12,$49.00,Mobile App,4,1.21,3,0,1.19,No,8.0,0,1,0,0
NF-100464,2023-05-27,36.0,male,Denver,United States,Plus,1,$49.00,Walk-in,29,2.99,8,3,5.5,Yes,,0,0,1,1
NF-101494,2021-01-20,47.0,Male,Austin,United States,Basic,1,$25.00,Mobile App,1,2.31,7,0,4.35,Yes,9.0,0,1,0,0
NF-100566,2021-01-06,55.0,Female,Denver,United States,Plus,6,$49.00,Mobile App,1,1.27,5,0,6.46,No,5.0,1,0,1,1
NF-102626,2021-09-11,32.0,Male,Portland,United States,Basic,6,$29.00,Website,8,3.41,11,0,5.77,Yes,,1,1,1,1
NF-101182,2021-05-08,42.0,Female,Columbus,United States,Plus,12,$54.00,Referral,4,1.93,6,5,,Yes,7.0,0,0,0,0
NF-100852,2022-02-06,40.0,Female,Raleigh,United States,Premium,12,$79.00,Walk-in,13,2.67,9,8,12.92,No,5.0,1,0,1,1
NF-101089,2023-08-15,19.0,Female,Portland,United States,Premium,6,$79.00,Mobile App,31,1.56,4,3,1.63,No,5.0,0,1,0,0
NF-101797,2021-01-07,44.0,Female,Denver,United States,Basic,6,$34.00,Website,1,2.39,6,1,1.33,Yes,8.0,1,0,1,1
NF-101365,2022-12-22,27.0,Male,Raleigh,United States,Premium,24,$79.00,Walk-in,24,2.06,7,15,1.91,No,8.0,0,0,0,0
NF-102554,2022-12-29,38.0,M,Austin,United States,Plus,6,$45.00,Website,24,1.5,3,0,1.24,Yes,6.0,0,0,1,1
NF-102942,2021-01-22,19.0, Male,Denver,United States,Basic,12,$29.00,Mobile App,1,2.48,9,0,1.92,Yes,7.0,0,1,0,0
NF-102553,2022-10-27,56.0,female,Columbus,United States,Premium,12,$75.00,Website,22,1.75,7,0,7.84,No,7.0,1,0,0,0
NF-102190,2023-06-27,41.0, Male,Denver,United States,Plus,6,$49.00,Website,30,3.88,11,6,1.98,Yes,7.0,0,2,0,0
NF-102638,2021-08-08,35.0,M,Raleigh,United States,Basic,12,$25.00,Website,7,1.85,7,1,1.06,No,4.0,2,0,0,0
NF-101966,2023-07-01,30.0,Female,Portland,United States,Plus,12,$54.00,Walk-in,30,2.05,8,1,1.78,Yes,,0,2,1,1
NF-102778,2023-08-27,20.0,male,Portland,United States,Basic,1,$25.00,Mobile App,32,1.22,2,0,11.77,No,5.0,0,0,1,1
NF-100912,2021-08-07,52.0,female,Raleigh,United States,Basic,6,$25.00,Website,7,1.8,5,0,1.17,Yes,6.0,1,0,0,0
NF-102466,2022-01-31,51.0,Female,Austin,United States,Basic,1,$29.00,Website,13,2.52,8,0,3.02,Yes,9.0,0,0,0,0
NF-100966,2022-03-11,32.0,M,Portland,United States,Premium,12,$79.00,Mobile App,14,2.35,8,0,6.41,No,7.0,0,1,0,0
NF-100724,2023-06-21,34.0,female,Columbus,United States,Premium,24,$79.00,Walk-in,30,1.15,3,2,1.32,Yes,3.0,0,0,0,0
NF-101790,2021-06-16,39.0,male,Austin,United States,Basic,12,$25.00,Mobile App,5,3.65,12,0,1.61,No,7.0,0,2,0,0
NF-101194,2022-10-17,46.0,Male,Denver,United States,Basic,1,$25.00,Website,22,2.97,10,0,2.4,Yes,7.0,1,1,0,0
NF-102311,2021-08-07,33.0,M,Denver,United States,Plus,6,$49.00,Referral,7,4.28,14,0,5.73,Yes,7.0,0,1,0,0
NF-101531,2023-09-03,45.0,M,Portland,United States,Plus,24,$49.00,Partner Promo,32,1.01,6,0,1.1,Yes,4.0,0,0,0,0
NF-102600,2022-07-31,53.0,Female,Austin,United States,Basic,6,$34.00,Website,19,3.17,11,0,20.58,Yes,6.0,1,1,0,0
NF-102221,2021-10-28,17.0,male,Raleigh,United States,Premium,12,$75.00,Referral,10,1.46,5,1,3.34,No,4.0,0,0,0,0
NF-102670,2021-04-15,27.0,Male,Portland,United States,Premium,12,$79.00,Mobile App,3,1.25,4,0,1.31,No,5.0,1,1,1,1
NF-100554,2022-12-11,30.0,Female,Austin,United States,Basic,1,$25.00,Mobile App,23,1.06,3,1,2.06,Yes,,1,1,1,1
NF-101532,2021-04-13,16.0,Male,Columbus,United States,Plus,6,$49.00,Mobile App,3,1.26,3,0,1.09,No,7.0,1,0,0,0
NF-100637,2022-02-10,48.0,FEMALE,Raleigh,United States,Basic,6,$29.00,Website,13,1.44,4,0,1.25,No,8.0,1,1,0,0
NF-102343,2022-09-13,43.0,M,Raleigh,United States,Premium,24,$79.00,Website,20,3.93,12,0,6.9,Yes,6.0,0,1,0,0
NF-102932,2021-04-22,35.0,F,Denver,United States,Plus,24,$49.00,Mobile App,4,2.37,7,0,1.16,Yes,6.0,0,1,0,0
NF-101814,2021-02-28,49.0,F,Austin,United States,Plus,1,$45.00,Walk-in,2,1.53,6,0,1.01,Yes,6.0,0,1,1,1
NF-101652,2022-03-02,36.0,male,Austin,United States,Premium,12,$75.00,Referral,14,2.52,8,4,3.61,Yes,8.0,0,0,1,1
NF-102459,2022-12-02,47.0,Female,Austin,United States,Plus,24,$45.00,Walk-in,23,1.86,5,0,5.35,No,8.0,0,0,0,0
NF-102835,2021-10-01,69.0,Female,Columbus,United States,Basic,12,$29.00,Website,9,1.68,6,0,4.25,No,6.0,0,0,0,0
NF-100973,2021-08-26,28.0,male,Portland,United States,Basic,1,$29.00,Walk-in,8,2.87,9,4,4.27,Yes,7.0,0,0,0,0
NF-101117,2023-07-13,59.0,Male,Portland,United States,Basic,6,$29.00,Mobile App,30,1.98,6,0,0.86,Yes,5.0,1,0,0,0
NF-101552,2021-10-01,24.0,Female,Austin,United States,Plus,6,$49.00,Walk-in,9,0.6,2,0,6.6,No,5.0,2,0,0,0
NF-102621,2023-07-05,24.0,Female,Denver,United States,Basic,12,$25.00,Website,30,3.08,8,0,0.62,Yes,,1,0,0,0
NF-102080,2023-01-25,35.0,female,Raleigh,United States,Premium,12,$75.00,Walk-in,25,1.88,6,0,5.01,Yes,6.0,1,0,0,0
NF-102101,2021-10-30,26.0,FEMALE,Austin,United States,Basic,1,$29.00,Mobile App,10,1.53,7,0,1.46,No,4.0,0,0,0,0
NF-102114,2023-01-26,,Female,Austin,United States,Plus,12,$45.00,Walk-in,25,1.05,4,3,1.61,Yes,,0,0,0,0
NF-100871,2023-05-15,57.0,Male,Austin,United States,Premium,12,$79.00,Website,28,2.06,8,0,2.02,Yes,7.0,0,0,0,0
NF-100081,2021-11-25,36.0,M,Austin,United States,Premium,12,$84.00,Website,11,1.38,5,0,2.28,Yes,5.0,2,0,1,1
NF-102129,2021-02-18,21.0,Male,Austin,United States,Plus,1,$49.00,Website,2,1.83,7,2,3.86,No,5.0,1,0,1,1
NF-101690,2022-06-02,44.0,Female,Columbus,United States,Basic,6,$34.00,Mobile App,17,2.82,9,3,6.35,No,8.0,0,2,0,0
NF-100649,2022-08-08,43.0,F ,Columbus,United States,Premium,12,$84.00,Walk-in,19,3.57,13,0,2.56,Yes,9.0,0,0,0,0
NF-101312,2022-10-03,39.0,Male,Denver,United States,Plus,12,$54.00,Mobile App,21,2.78,9,7,1.47,No,9.0,1,0,0,0
NF-100493,2022-10-03,26.0,Male,Denver,United States,Basic,1,$34.00,Website,21,0.8,2,1,2.94,No,,2,0,1,1
NF-101047,2021-01-20,49.0,Male,Denver,United States,Premium,12,$79.00,Walk-in,1,3.74,12,0,4.25,No,7.0,1,0,0,0
NF-101044,2022-10-04,39.0,F,Austin,United States,Basic,12,$34.00,Walk-in,21,2.23,7,0,2.37,Yes,7.0,0,0,1,1
NF-100928,2021-02-21,35.0,Male,Austin,United States,Plus,1,$49.00,Website,2,2.39,7,0,4.94,Yes,6.0,1,1,1,1
NF-100106,2023-06-26,35.0,female,Austin,United States,Premium,12,$79.00,Walk-in,30,2.2,7,0,1.2,No,8.0,0,0,0,0
NF-101849,2023-05-17,31.0,Female,Austin,United States,Basic,1,$29.00,Website,28,1.08,5,0,9.89,No,5.0,0,0,1,1
NF-100763,2022-07-22,22.0,Female,Austin,United States,Basic,12,$29.00,Mobile App,19,1.28,5,0,4.28,Yes,5.0,0,0,1,1
NF-102521,2022-08-12,38.0,male,Raleigh,United States,Basic,1,$29.00,Website,19,2.57,7,0,2.48,Yes,7.0,1,1,0,0
NF-101496,2023-01-31,34.0,Female,Austin,United States,Basic,12,$29.00,Mobile App,25,1.13,4,0,5.1,Yes,7.0,2,0,0,0
NF-101850,2021-05-09,38.0,Male,Austin,United States,Plus,12,$45.00,Website,4,2.08,9,0,1.18,No,6.0,1,0,0,0
NF-101602,2023-04-21,46.0,Male,Raleigh,United States,Plus,6,$49.00,Referral,28,3.75,13,0,9.52,Yes,8.0,0,1,0,0
NF-101701,2022-06-17,23.0,Male,Raleigh,United States,Basic,1,$29.00,Mobile App,18,1.9,7,0,1.49,Yes,7.0,0,0,0,0
NF-102544,2021-04-17,23.0,Female,Austin,United States,Plus,12,$54.00,Referral,3,3.13,10,0,5.01,Yes,7.0,0,0,0,0
NF-101072,2021-05-23,31.0,F,Austin,United States,Plus,1,$54.00,Walk-in,5,2.25,7,5,1.35,Yes,,-1,0,0,0
NF-102475,2022-10-09,52.0,FEMALE,Austin,United States,Plus,6,$45.00,Website,21,2.88,8,0,4.48,Yes,9.0,1,1,0,0
NF-101406,2023-01-26,25.0,F,Denver,United States,Basic,1,$29.00,Walk-in,25,3.02,9,3,1.46,Yes,8.0,0,1,0,0
NF-101605,2021-11-28,24.0,male,Denver,United States,Premium,6,$75.00,Mobile App,11,1.37,2,0,1.04,No,5.0,1,0,1,1
NF-100822,2022-12-16,20.0,Male,Portland,United States,Plus,6,$45.00,Partner Promo,23,1.73,6,7,11.9,No,,0,1,1,1
NF-102229,2023-07-12,35.0,M,Denver,United States,Plus,12,$45.00,Referral,30,2.72,9,6,2.0,No,6.0,0,0,0,0
NF-100168,2021-10-18,38.0,Male,Boise,United States,Basic,6,$25.00,Walk-in,10,0.0,0,0,1.36,Yes,3.0,0,0,1,1
NF-101502,2021-02-25,22.0,F,Columbus,United States,Basic,12,$29.00,Website,2,0.6,0,3,1.14,Yes,5.0,1,0,0,0
NF-100058,2021-05-16,40.0,F,Denver,United States,Basic,12,$29.00,Website,4,3.99,12,7,4.78,Yes,9.0,0,2,0,0
NF-100463,2021-12-17,36.0,F,Denver,United States,Premium,12,$79.00,Walk-in,12,2.6,9,3,5.16,Yes,6.0,0,1,0,0
NF-100256,2021-08-26,,F ,Raleigh,United States,Plus,6,$54.00,Walk-in,8,0.28,3,1,10.4,Yes,3.0,0,0,1,1
NF-102777,2023-03-26,34.0, Male,Denver,United States,Premium,12,$75.00,Mobile App,27,2.44,8,0,1.82,Yes,7.0,0,0,1,1
NF-101008,2022-03-18,38.0,Female,Denver,United States,Basic,6,$29.00,Referral,15,1.72,4,0,4.49,Yes,7.0,1,1,0,0
NF-100341,2021-09-08,28.0,Female,Raleigh,United States,Basic,1,$34.00,Website,8,3.17,11,0,2.13,Yes,9.0,1,2,0,0
NF-101099,2022-10-25,38.0,M,Columbus,United States,Plus,12,$49.00,Partner Promo,22,3.4,10,11,4.2,Yes,7.0,0,2,0,0
NF-102988,2023-01-23,37.0,female,Austin,United States,Basic,1,$34.00,Mobile App,25,3.57,11,0,2.61,Yes,7.0,0,0,0,0
NF-100890,2022-02-04,46.0,Female,Denver,United States,Basic,1,$34.00,Mobile App,13,1.83,6,0,1.41,Yes,7.0,0,1,0,0
NF-101567,2023-05-19,16.0,F,Portland,United States,Basic,6,$29.00,Website,29,1.93,5,0,3.85,No,4.0,1,1,0,0
NF-100290,2022-11-16,34.0,female,Raleigh,United States,Premium,12,$79.00,Walk-in,22,1.2,3,0,1.76,Yes,6.0,0,0,0,0
NF-102007,2023-04-28,34.0,F,Austin,United States,Premium,12,$84.00,Mobile App,28,2.95,8,0,1.72,No,7.0,0,0,0,0
NF-102888,2023-04-01,28.0,Female,Portland,United States,Plus,6,$49.00,Referral,27,2.41,7,14,3.29,Yes,6.0,1,0,0,0
NF-101213,2023-01-23,31.0,Prefer not to say,Portland,United States,Basic,1,$34.00,Walk-in,25,2.9,12,13,,Yes,7.0,0,0,0,0
NF-101046,2021-12-30,17.0,Male,Denver,United States,Basic,6,$29.00,Walk-in,12,1.76,7,0,3.44,No,6.0,1,0,0,0
NF-101036,2021-09-10,41.0,Prefer not to say,Austin,United States,Basic,1,$29.00,Walk-in,8,2.54,9,0,4.11,No,7.0,2,0,0,0
NF-102131,2021-09-27,54.0,Female,Denver,United States,Plus,12,$45.00,Website,9,2.21,8,2,2.11,Yes,6.0,0,1,0,0
NF-100588,2021-07-08,30.0,female,Raleigh,United States,Plus,6,$49.00,Walk-in,6,2.19,8,3,3.42,Yes,8.0,1,0,0,0
NF-100028,2021-05-19,24.0,Female,Columbus,United States,Basic,1,$34.00,Mobile App,5,1.24,3,0,7.82,No,6.0,1,1,0,0
NF-100406,2022-04-02,38.0,M,Columbus,United States,Plus,12,$45.00,Mobile App,15,1.28,5,0,6.36,Yes,6.0,0,1,0,0
NF-102617,2023-02-20,42.0,F,Denver,United States,Basic,12,$29.00,Website,26,2.52,7,0,2.37,No,7.0,0,2,1,1
NF-100600,2023-02-09,24.0,Prefer not to say,Denver,United States,Basic,1,$25.00,Mobile App,25,4.31,15,10,5.22,Yes,7.0,0,0,0,0
NF-102099,2022-04-06,37.0,FEMALE,Austin,United States,Premium,24,$79.00,Partner Promo,15,2.74,10,5,1.84,No,9.0,2,0,0,0
NF-101059,2022-08-22,48.0,Female,Denver,United States,Basic,6,$29.00,Website,20,1.42,5,0,2.03,Yes,5.0,0,0,0,0
NF-102120,2021-12-21,51.0, Male,Austin,United States,Basic,1,$29.00,Website,12,2.04,5,0,4.11,Yes,7.0,0,0,0,0
NF-900008,2022-07-14,29.0,female,Portland,United States,Premium,12,$79.00,Mobile App,19,1.8,4,0,2.38,No,7.0,1,0,1,1
NF-101301,2022-07-25,16.0,F,Portland,United States,Basic,12,$29.00,Website,19,2.44,11,0,1.08,Yes,7.0,1,0,1,1
NF-100581,2022-09-12,45.0,FEMALE,Austin,United States,Plus,6,$49.00,Referral,20,2.56,7,3,6.87,Yes,9.0,1,0,0,0
NF-100393,2021-04-07,42.0,Male,Denver,United States,Basic,6,$29.00,Website,3,1.59,3,0,3.75,Yes,4.0,1,0,1,1
NF-100709,2021-03-04,46.0,Female,Boise,United States,Basic,1,$29.00,Mobile App,2,2.53,9,0,1.84,No,8.0,0,0,0,0
NF-102930,2023-06-24,30.0,Male,Austin,United States,Plus,1,$54.00,Website,30,2.59,7,5,7.61,Yes,7.0,1,1,0,0
NF-100765,2022-09-29,31.0,Male,Portland,United States,Basic,1,$29.00,Website,21,2.03,7,3,1.98,No,7.0,0,0,1,1
NF-101048,2023-01-01,31.0,Male,Denver,United States,Basic,6,$34.00,Mobile App,24,1.84,6,4,1.66,Yes,6.0,1,0,0,0
NF-100631,2022-01-27,27.0,male,Austin,United States,Basic,1,$34.00,Walk-in,13,0.34,2,0,5.93,No,4.0,1,0,1,1
NF-102647,2021-10-08,27.0,male,Columbus,United States,Plus,12,$49.00,Mobile App,9,1.66,7,0,4.39,Yes,4.0,0,1,0,0
NF-100688,2022-04-22,,Male,Columbus,United States,Basic,1,$29.00,Mobile App,16,1.04,4,2,1.19,No,4.0,2,0,0,0
NF-101041,2022-11-26,23.0,F,Raleigh,United States,Premium,12,$75.00,Referral,23,1.03,1,1,4.19,No,4.0,0,0,0,1
NF-102125,2023-02-27,39.0,M,Austin,United States,Basic,6,$29.00,Website,26,2.81,9,0,3.69,Yes,7.0,1,1,0,0
NF-101130,2022-04-10,48.0,F,Columbus,United States,Plus,12,$49.00,Walk-in,15,2.36,7,0,4.22,No,7.0,0,1,0,0
NF-100378,2023-03-25,39.0,Female,Austin,United States,Plus,12,$49.00,Mobile App,27,2.01,6,0,,No,6.0,0,0,0,0
NF-101011,2021-02-06,45.0,Male,Portland,United States,Premium,24,$75.00,Website,1,3.04,10,10,5.64,Yes,8.0,0,1,0,0
NF-101488,2022-05-14,19.0,M,Columbus,United States,Basic,1,$29.00,Mobile App,16,2.72,8,0,1.83,Yes,7.0,0,1,0,0
NF-100112,2022-11-19,26.0,Female,Austin,United States,Basic,1,$29.00,Website,23,1.76,6,0,5.18,No,6.0,0,0,0,0
NF-102228,2022-01-19,51.0,Male,Columbus,United States,Basic,6,$29.00,Mobile App,13,2.16,9,0,1.59,Yes,8.0,0,2,0,0
NF-101529,2022-04-30,21.0,MALE,Columbus,United States,Basic,1,$29.00,Website,16,1.58,4,0,1.14,No,3.0,0,0,1,1
NF-101326,2021-03-27,31.0,Female,Denver,United States,Premium,6,$79.00,Walk-in,3,2.51,8,0,6.4,Yes,7.0,0,1,0,0
NF-100894,2021-04-21,49.0,Female,Portland,United States,Basic,1,$29.00,Mobile App,4,2.84,9,0,1.74,No,4.0,0,0,0,0
NF-101927,2021-01-24,44.0,Male,Portland,United States,Basic,1,$29.00,Walk-in,1,2.24,8,0,1.79,Yes,7.0,0,1,0,0
NF-100300,2021-05-21,26.0,Male,Columbus,United States,Plus,6,$45.00,Mobile App,5,0.71,1,0,1.75,Yes,7.0,1,0,0,0
NF-101545,2023-08-17,36.0,male,Denver,United States,Basic,1,$29.00,Referral,32,3.46,10,0,0.65,Yes,7.0,0,1,0,0
NF-102287,2022-11-15,21.0,Male,Columbus,United States,Basic,1,$29.00,Website,22,2.05,5,2,2.75,Yes,7.0,1,0,1,1
NF-102206,2023-07-17,0.0,Male,Portland,United States,Plus,6,$49.00,Partner Promo,30,2.59,7,0,1.24,Yes,6.0,2,0,1,1
NF-101477,2021-11-02,29.0,F,Portland,United States,Basic,1,$34.00,Mobile App,10,1.33,5,0,3.06,No,5.0,1,0,0,0
NF-102863,2021-01-26,,Other,Denver,United States,Basic,12,$34.00,Walk-in,1,4.16,13,0,9.47,Yes,7.0,0,2,0,0
NF-102328,2022-07-04,31.0,Female,Austin,United States,Plus,1,$49.00,Website,18,0.81,2,2,1.28,Yes,4.0,1,1,1,1
NF-102793,2023-05-14,36.0,F,Austin,United States,Plus,6,$54.00,Referral,28,2.18,6,0,2.42,Yes,4.0,0,0,0,0
NF-101656,2023-01-10,48.0,female,Denver,United States,Premium,12,$79.00,Referral,24,2.81,8,7,2.55,Yes,7.0,1,0,0,0
NF-101061,2022-10-16,21.0,female,Denver,United States,Basic,12,$34.00,Walk-in,21,2.2,8,0,3.24,Yes,8.0,0,1,0,0
NF-102170,2021-08-25,53.0,Male,Portland,United States,Plus,6,$54.00,Mobile App,8,5.35,17,0,8.54,No,10.0,0,1,0,0
NF-101459,2022-05-07,35.0,male,Austin,United States,Basic,12,$29.00,Website,16,1.7,5,2,0.91,Yes,3.0,0,0,1,1
NF-102772,2021-04-24,24.0,Female,Raleigh,United States,Premium,12,$84.00,Mobile App,4,2.89,9,0,0.83,No,8.0,0,0,0,0
NF-102087,2022-05-16,39.0,Female,Denver,United States,Plus,12,$49.00,Mobile App,16,1.52,6,0,3.1,Yes,4.0,0,1,1,1
NF-100456,2023-06-13,45.0,Female,Raleigh,United States,Basic,6,$29.00,Website,29,1.09,5,1,3.34,Yes,,1,0,1,1
NF-102149,2022-01-28,32.0,female,Denver,United States,Plus,12,$49.00,Walk-in,13,1.17,2,0,7.17,No,7.0,0,0,1,1
NF-101686,2021-02-14,42.0,Male,Portland,United States,Plus,6,$49.00,Website,1,2.03,7,0,1.15,No,6.0,2,1,0,0
NF-102844,2021-07-29,46.0,male,Denver,United States,Premium,12,$75.00,Walk-in,7,2.77,9,2,,Yes,,1,0,0,0
NF-100718,2021-02-16,36.0,Male,Portland,United States,Plus,1,$45.00,Mobile App,2,1.32,4,5,9.13,Yes,5.0,0,1,1,1
NF-101113,2021-02-05,43.0,Female,Austin,United States,Basic,6,$29.00,Mobile App,1,1.28,3,0,4.8,No,5.0,0,0,1,1
NF-100573,2021-08-01,29.0,Female,Boise,United States,Basic,1,$34.00,Referral,7,1.93,5,5,1.75,No,,0,2,1,1
NF-102518,2022-05-12,37.0,Male,Columbus,United States,Basic,12,$29.00,Website,16,4.13,13,0,3.14,Yes,10.0,0,1,0,0
NF-100932,2021-11-06,20.0,Prefer not to say,Raleigh,United States,Plus,6,$49.00,Mobile App,10,1.96,6,0,1.92,Yes,5.0,0,0,0,0
NF-100671,2023-02-09,55.0,Female,Austin,United States,Basic,1,$29.00,Referral,25,2.3,8,0,3.31,No,4.0,0,0,0,0
NF-100215,2021-08-31,23.0,Female,Austin,United States,Plus,24,$49.00,Website,8,2.07,6,0,0.78,Yes,4.0,0,0,0,0
NF-100128,2021-08-05,16.0,M,Portland,United States,Premium,12,$84.00,Mobile App,7,2.44,7,0,4.55,Yes,8.0,0,0,0,0
NF-101799,2021-05-13,27.0, Male,Denver,United States,Basic,6,$34.00,Mobile App,4,1.95,7,2,6.36,Yes,7.0,0,0,0,0
NF-100027,2022-11-22,36.0,Female,Portland,United States,Basic,1,$29.00,Website,23,1.11,2,0,3.86,No,5.0,1,0,0,0
NF-100528,2023-02-06,18.0,M,Raleigh,United States,Basic,6,$29.00,Walk-in,25,0.8,3,1,2.16,Yes,3.0,1,0,1,1
NF-100195,2022-09-07,31.0,Female,Denver,United States,Basic,6,$29.00,Mobile App,20,1.84,6,0,2.15,No,7.0,1,0,1,1
NF-102194,2022-11-25,31.0,Male,Portland,United States,Premium,6,$79.00,Mobile App,23,2.73,10,10,1.42,Yes,8.0,0,1,0,0
NF-102698,2021-09-30,33.0,F,Denver,United States,Plus,12,$49.00,Referral,9,2.87,8,0,3.94,Yes,7.0,0,1,0,0
NF-100792,2021-12-15,41.0,Female,Denver,United States,Plus,12,$49.00,Mobile App,11,5.41,17,15,2.36,Yes,10.0,0,1,0,0
NF-101075,2022-05-16,43.0,Female,Austin,United States,Basic,1,$25.00,Mobile App,16,2.79,11,6,3.87,No,6.0,1,0,1,1
NF-102179,2022-03-05,36.0,FEMALE,Denver,United States,Basic,6,$29.00,Website,14,1.56,4,1,10.5,Yes,,0,0,1,1
NF-100197,2023-03-19,30.0,Female,Portland,United States,Basic,6,$29.00,Website,27,3.52,11,0,2.54,Yes,9.0,1,0,0,0
NF-101934,2021-06-10,50.0,female,Denver,United States,Premium,12,$79.00,Mobile App,5,1.13,4,0,6.8,No,2.0,0,0,1,1
NF-101414,2023-01-02,38.0,Female,Austin,United States,Basic,1,$34.00,Mobile App,24,0.2,1,0,3.07,Yes,3.0,1,0,1,1
NF-101952,2022-06-21,29.0,Male,Denver,United States,Premium,6,$75.00,Mobile App,18,1.19,2,0,2.24,No,7.0,1,1,1,1
NF-100568,2022-01-10,47.0,Female,Portland,United States,Plus,12,$54.00,Mobile App,12,0.68,3,0,7.63,No,4.0,0,0,1,1
NF-100170,2023-05-08,29.0,F,Portland,United States,Basic,1,$29.00,Referral,28,1.76,7,9,1.57,Yes,6.0,1,0,0,0
NF-101685,2023-09-20,29.0,Female,Austin,United States,Premium,24,$79.00,Website,33,3.07,10,0,3.7,Yes,8.0,0,1,0,0
NF-102454,2022-02-24,39.0,Female,Austin,United States,Basic,1,$25.00,Website,14,1.92,6,0,1.98,No,6.0,0,1,0,0
NF-100108,2023-01-21,16.0,Female,Portland,United States,Basic,12,$34.00,Walk-in,25,0.83,4,3,2.12,Yes,4.0,0,0,0,0
NF-101092,2021-07-18,47.0,M,Denver,United States,Premium,24,$79.00,Referral,7,1.68,6,0,2.63,Yes,6.0,0,0,0,0
NF-100737,2021-12-03,23.0,Female,Raleigh,United States,Plus,6,$54.00,Referral,11,3.44,9,0,,Yes,7.0,0,1,0,0
NF-102977,2021-05-19,25.0,M,Austin,United States,Basic,1,$29.00,Website,5,2.95,8,17,1.86,Yes,5.0,0,1,0,0
NF-102295,2023-06-10,43.0,Female,Portland,United States,Basic,1,$34.00,Mobile App,29,3.99,13,0,1.86,Yes,8.0,0,1,0,0
NF-101698,2021-09-13,42.0,male,Denver,United States,Plus,12,$49.00,Walk-in,8,3.48,12,5,5.9,Yes,7.0,0,1,0,0
NF-100221,2021-07-28,46.0,M,Denver,United States,Basic,6,$25.00,Partner Promo,7,2.26,5,0,2.04,No,,1,0,1,1
NF-102891,2021-12-12,45.0,Female,Austin,United States,Plus,12,$49.00,Partner Promo,11,7.16,22,0,2.7,No,10.0,0,0,0,0
NF-101348,2022-12-24,35.0,Male,Austin,United States,Plus,12,$49.00,Walk-in,24,1.3,4,0,,Yes,6.0,0,0,0,0
NF-102098,2022-04-06,35.0, Male,Denver,United States,Basic,1,$25.00,Partner Promo,15,2.09,7,5,14.5,Yes,6.0,1,0,0,0
NF-100908,2023-04-21,41.0,F,Austin,United States,Premium,12,$75.00,Website,28,2.4,7,0,4.66,No,8.0,0,0,0,0
NF-100204,2021-09-14,37.0,M,Denver,United States,Plus,6,$49.00,Mobile App,8,3.42,10,4,2.32,No,8.0,0,0,0,0
NF-100460,2022-01-18,45.0,F,Austin,United States,Basic,1,$29.00,Mobile App,13,1.75,5,8,1.79,No,8.0,0,1,0,0
NF-100820,2021-06-20,41.0,Male,Raleigh,United States,Premium,12,$79.00, ,6,2.18,7,10,1.95,No,7.0,0,0,0,0
NF-100488,2022-07-19,38.0,Male,Austin,United States,Basic,1,$25.00,Referral,19,1.84,9,0,1.91,No,6.0,2,0,0,0
NF-102496,2021-02-23,46.0,Male,Columbus,United States,Basic,6,$34.00,Mobile App,2,3.43,11,0,3.88,Yes,7.0,0,0,0,0
NF-100179,2022-06-26,38.0,F ,Portland,United States,Basic,1,$29.00,Website,18,1.18,5,4,7.34,Yes,7.0,2,0,0,0
NF-102789,2022-09-18,52.0,Female,Denver,United States,Plus,12,$49.00,Referral,21,1.49,3,0,0.55,No,6.0,1,0,0,0
NF-102430,2023-06-21,54.0,Male,Portland,United States,Plus,12,$54.00,Mobile App,30,3.01,7,0,2.42,Yes,7.0,0,2,0,0
NF-102596,2022-10-29,23.0,female,Denver,United States,Basic,1,$34.00,Website,22,1.95,6,0,1.94,Yes,5.0,0,0,0,0
NF-100687,2021-03-08,39.0,Female,Columbus,United States,Basic,12,$29.00,Referral,2,2.14,8,0,5.15,Yes,7.0,0,0,0,0
NF-101639,2021-03-28,41.0,Male,Austin,United States,Plus,6,$49.00,Mobile App,3,1.03,4,0,3.63,No,9.0,1,0,0,0
NF-100482,2022-05-12,45.0,Female,Austin,United States,Premium,12,$84.00,Walk-in,16,2.32,9,12,1.84,Yes,7.0,0,1,0,0
NF-101456,2023-04-23,46.0,Male,Columbus,United States,Premium,12,$84.00,Mobile App,28,2.64,7,2,1.52,No,6.0,0,0,0,0
NF-101912,2021-12-10,35.0,F,Denver,United States,Premium,24,$84.00,Mobile App,11,5.1,16,0,4.14,Yes,9.0,0,0,0,0
NF-100149,2022-01-04,39.0,Female,Denver,United States,Premium,24,$84.00,Website,12,1.85,5,0,3.07,No,6.0,0,0,0,0
NF-101009,2021-04-12,48.0,M,Denver,United States,Plus,1,$54.00,Website,3,0.96,4,0,3.35,Yes,,0,0,1,1
NF-101460,2021-07-07,31.0,Female,Portland,United States,Premium,12,$84.00,Referral,6,3.84,13,0,19.43,Yes,8.0,0,0,0,0
NF-101586,2022-02-26,,female,Austin,United States,Premium,12,$79.00,Website,14,2.79,9,0,2.48,Yes,7.0,0,2,0,0
NF-100486,2023-04-30,44.0,M,Austin,United States,Plus,12,$49.00,Website,28,2.29,9,8,9.87,Yes,8.0,0,0,0,0
NF-100640,2021-07-18,32.0,M,Columbus,United States,Plus,6,$54.00,Mobile App,7,2.57,8,0,1.53,Yes,8.0,0,1,0,0
NF-100298,2022-06-04,38.0,Male,Portland,United States,Basic,1,$34.00,Referral,17,4.39,15,12,1.86,Yes,6.0,0,0,0,0
NF-100750,2023-02-14,44.0,Female,Austin,United States,Basic,1,$29.00,Website,25,2.01,6,6,1.03,Yes,6.0,1,0,1,1
NF-100888,2021-04-28,16.0, Male,Austin,United States,Plus,12,$49.00,Mobile App,4,2.03,6,0,5.36,Yes,5.0,0,0,1,1
NF-102645,2023-03-06,60.0,Male,Austin,United States,Plus,12,$49.00,Walk-in,26,1.24,5,6,1.96,Yes,5.0,0,0,1,1
NF-102254,2023-07-25,29.0,Male,Austin,United States,Plus,1,$49.00,Referral,31,1.21,4,0,0.89,No,8.0,0,1,0,0
NF-100373,2021-09-26,59.0,Female,Denver,United States,Basic,1,$25.00,Referral,9,1.23,3,0,7.79,No,3.0,1,0,1,1
NF-102954,2021-12-05,44.0,female,Austin,United States,Basic,1,$25.00,Website,11,2.84,8,7,2.47,Yes,7.0,0,0,0,0
NF-101394,2022-04-07,47.0,Female,Denver,United States,Plus,6,$54.00,Referral,15,1.22,5,0,5.76,No,3.0,-1,0,1,1
NF-101343,2023-06-23,39.0,Male,Austin,United States,Premium,12,$84.00,Partner Promo,30,1.86,6,0,0.71,No,6.0,0,0,0,0
NF-100507,2023-07-02,16.0,M,Denver,United States,Plus,6,$49.00,Website,30,1.29,5,0,2.35,Yes,5.0,0,0,1,1
NF-100764,2021-11-22,33.0,Male,Boise,United States,Basic,1,$25.00,Mobile App,11,1.38,5,3,,No,3.0,0,0,0,0
NF-100425,2022-12-02,39.0,male,Austin,United States,Plus,6,$49.00,Referral,23,1.52,3,0,,No,5.0,1,1,0,0
NF-101993,2022-03-29,47.0,male,Portland,United States,Premium,12,$79.00,Partner Promo,15,8.79,28,22,0.58,No,10.0,0,2,0,0
NF-102172,2023-05-06,42.0,Other,Raleigh,United States,Plus,12,$54.00,Website,28,1.65,3,4,1.52,Yes,8.0,1,0,0,0
NF-102137,2022-08-05,37.0,MALE,Austin,United States,Basic,1,$25.00,Website,19,1.94,8,0,3.25,No,,1,0,1,1
NF-102067,2022-01-20,23.0,F,Austin,United States,Basic,1,$34.00,Referral,13,1.99,9,0,10.26,Yes,6.0,2,1,1,1
NF-100686,2021-07-09,39.0,Female,Denver,United States,Plus,6,$49.00,Walk-in,6,4.44,14,6,4.18,No,8.0,0,2,0,0
NF-102716,2022-05-19,44.0,F,Columbus,United States,Basic,1,$25.00,Referral,17,1.7,3,0,5.08,No,5.0,0,0,0,1
NF-101726,2022-12-27,35.0,male,Columbus,United States,Basic,6,$29.00,Website,24,1.35,4,0,,Yes,4.0,0,1,0,0
NF-101111,2021-04-13,36.0,MALE,Austin,United States,Premium,12,$75.00,Mobile App,3,1.16,3,0,3.27,No,5.0,0,0,1,1
NF-101510,2021-09-24,39.0,Male,Portland,United States,Premium,12,$84.00,Mobile App,9,3.49,11,0,2.0,Yes,9.0,1,1,0,0
NF-100031,2022-08-06,54.0,Female,Columbus,United States,Basic,1,$25.00,Mobile App,19,0.77,3,0,1.27,Yes,5.0,1,0,1,1
NF-102064,2023-05-23,,Male,Austin,United States,Premium,12,$79.00,Walk-in,29,4.26,16,0,3.71,No,9.0,1,0,0,0
NF-101673,2022-07-20,34.0,male,Denver,United States,Basic,1,$34.00,Referral,19,2.19,9,0,3.45,No,7.0,0,0,0,0
NF-102993,2022-03-16,33.0,Other,Denver,United States,Basic,1,$29.00,Mobile App,14,1.98,6,5,2.21,No,5.0,0,1,0,0
NF-101818,2023-06-06,37.0,Male,Austin,United States,Premium,12,$79.00,Mobile App,29,1.9,7,0,3.03,Yes,5.0,0,0,1,1
NF-102961,2021-06-03,46.0,Female,Austin,United States,Plus,12,$54.00,Website,5,3.73,10,0,2.91,Yes,7.0,1,3,0,0
NF-101336,2023-09-11,16.0,Male,Austin,United States,Basic,6,$29.00,Walk-in,32,1.45,7,0,0.81,No,5.0,0,0,0,0
NF-100264,2023-07-10,58.0,Male,Denver,United States,Basic,6,$29.00,Walk-in,30,3.13,11,4,2.52,No,9.0,0,2,0,0
NF-100239,2022-09-06,31.0,M,Austin,United States,Basic,1,$25.00,Walk-in,20,1.92,5,0,5.01,No,6.0,0,0,0,0
NF-101441,2022-09-05,31.0,Male,Austin,United States,Basic,1,$29.00,Walk-in,20,0.87,4,0,1.5,No,4.0,1,0,1,1
NF-101806,2022-10-25,42.0,F,Columbus,United States,Plus,12,$49.00,Mobile App,22,1.61,7,0,3.16,Yes,6.0,2,0,1,1
NF-100184,2023-08-19,20.0,female,Portland,United States,Basic,6,$29.00,Referral,32,3.08,11,0,1.73,Yes,8.0,0,0,1,1
NF-102123,2022-06-14,30.0,Female,Columbus,United States,Premium,12,$79.00,Website,17,4.51,15,0,1.75,Yes,10.0,0,0,0,0
NF-101791,2023-02-15,32.0,Female,Portland,United States,Plus,12,$49.00,Website,25,1.39,5,0,,No,,2,0,0,1
NF-102689,2021-06-24,47.0,F,Denver,United States,Plus,6,$54.00,Mobile App,6,1.64,5,0,4.03,No,9.0,0,0,0,0
NF-102720,2021-07-07,47.0,Male,Austin,United States,Basic,1,$25.00,Mobile App,6,4.93,16,0,2.41,Yes,10.0,0,1,0,0
NF-102959,2023-03-02,38.0,M,Portland,United States,Basic,1,$29.00,Mobile App,26,4.17,13,0,0.7,No,7.0,0,1,0,0
NF-100577,2022-03-24,54.0,F ,Austin,United States,Basic,1,$29.00,Website,15,2.25,6,0,2.9,Yes,8.0,0,0,1,1
NF-100942,2022-05-09,43.0, Male,Raleigh,United States,Basic,12,$25.00,Referral,16,1.11,3,0,2.58,Yes,6.0,0,0,0,0
NF-102217,2022-07-10,48.0,Male,Denver,United States,Plus,1,$49.00,Referral,18,1.91,6,5,1.92,Yes,,1,0,0,0
NF-100903,2021-11-08,42.0,Female,Columbus,United States,Basic,1,$25.00,Walk-in,10,1.4,4,0,0.83,Yes,,0,0,1,1
NF-100424,2022-11-30,43.0,F ,Austin,United States,Plus,12,$49.00,Walk-in,23,1.78,5,0,1.27,No,6.0,0,0,1,1
NF-100845,2022-12-18,24.0, Male,Denver,United States,Plus,12,$49.00,Walk-in,24,1.82,5,0,6.2,No,7.0,1,0,0,0
NF-102598,2023-06-22,42.0,Female,Raleigh,United States,Basic,1,$29.00,Website,30,1.64,5,0,1.45,No,6.0,1,0,1,1
NF-102602,2023-09-05,39.0, Male,Denver,United States,Premium,6,$79.00,Walk-in,32,3.27,10,0,5.54,Yes,8.0,1,3,1,1
NF-100287,2021-10-18,55.0,Male,Portland,United States,Plus,12,$54.00,Mobile App,10,1.11,1,0,1.13,Yes,7.0,0,0,1,0
NF-102045,2021-11-15,27.0,Male,Austin,United States,Plus,6,$49.00,Walk-in,10,2.59,9,0,1.85,Yes,7.0,0,0,0,0
NF-101206,2022-10-22,50.0,F,Austin,United States,Plus,6,$45.00,Walk-in,22,1.5,5,0,1.68,No,7.0,1,0,0,0
NF-100198,2021-09-12,46.0,Male,Austin,United States,Basic,1,$29.00,Walk-in,8,1.87,4,0,4.63,Yes,5.0,1,0,0,0
NF-102535,2023-03-25,40.0,female,Portland,United States,Premium,12,$79.00,Mobile App,27,1.96,6,6,5.9,Yes,3.0,0,0,0,0
NF-101123,2021-07-02,48.0,F,Portland,United States,Premium,12,$79.00,Walk-in,6,2.48,7,0,1.9,Yes,7.0,0,1,0,0
NF-101866,2022-06-30,44.0,Prefer not to say,Denver,United States,Basic,1,$29.00,Walk-in,18,1.57,6,0,6.17,Yes,6.0,1,0,0,0
NF-102038,2023-06-20,47.0,Female,Portland,United States,Premium,24,$79.00,Referral,30,1.94,8,0,2.93,No,,0,0,0,0
NF-102222,2022-08-02,40.0,Female,Columbus,United States,Basic,6,$25.00,Walk-in,19,2.54,8,0,2.54,No,,0,2,0,0
NF-100700,2021-02-06,57.0,Male,Boise,United States,Premium,24,$79.00,Website,1,1.36,5,0,1.88,No,7.0,2,0,1,1
NF-101731,2022-08-22,26.0,M,Denver,United States,Plus,6,$54.00,Website,20,1.86,5,4,1.78,No,5.0,0,0,0,0
NF-100533,2021-12-06,43.0, Male,Austin,United States,Plus,12,$45.00,Website,11,1.95,7,0,1.98,No,7.0,0,0,0,0
NF-100478,2022-08-13,,Male,Austin,United States,Basic,6,$29.00,Mobile App,19,1.79,6,0,1.22,Yes,,0,0,1,1
NF-102577,2023-03-08,35.0,F,Austin,United States,Premium,12,$84.00,Referral,26,2.35,7,0,6.86,No,9.0,0,0,0,0
NF-102418,2023-06-05,30.0,female,Austin,United States,Basic,12,$34.00,Referral,29,1.02,4,0,2.08,No,6.0,2,0,1,1
NF-101263,2023-01-15,33.0,Male,Denver,United States,Basic,1,$34.00,Partner Promo,24,1.89,8,0,1.86,Yes,6.0,2,0,1,1
NF-101000,2023-01-19,29.0, Male,Austin,United States,Basic,6,$34.00,Website,25,1.35,4,1,,Yes,5.0,1,0,0,0
NF-101561,2021-03-04,35.0,Female,Portland,United States,Premium,24,$79.00,Referral,2,1.63,5,5,1.78,No,6.0,0,0,0,0
NF-101546,2021-10-16,63.0,Male,Columbus,United States,Basic,1,$29.00,Mobile App,9,0.68,3,0,1.93,Yes,3.0,0,0,1,1
NF-101750,2021-11-08,,F,Denver,United States,Basic,1,$29.00,Walk-in,10,2.53,8,0,2.78,Yes,8.0,0,0,0,0
NF-101875,2022-04-10,57.0,Female,Denver,United States,Basic,1,$29.00,Mobile App,15,1.7,6,0,4.79,Yes,8.0,0,0,0,0
NF-102533,2021-12-15,25.0,male,Austin,United States,Basic,6,$34.00,Walk-in,11,1.84,6,3,0.89,Yes,,0,0,0,0
NF-101292,2021-08-04,47.0,Female,Austin,United States,Plus,1,$49.00,Walk-in,7,1.98,7,0,6.93,No,5.0,2,0,0,0
NF-100916,2021-09-12,35.0, Male,Austin,United States,Plus,6,$49.00,Walk-in,8,1.39,3,7,0.97,Yes,5.0,0,0,0,0
NF-102468,2023-05-12,47.0,F ,Columbus,United States,Plus,6,$49.00,Mobile App,28,1.57,5,0,2.8,Yes,5.0,1,0,1,0
NF-101648,2022-04-01,19.0,Female,Raleigh,United States,Premium,12,$84.00,Mobile App,15,2.05,6,3,2.72,Yes,5.0,2,2,0,0
NF-101798,2022-07-13,43.0,Female,Austin,United States,Basic,1,$34.00,Mobile App,18,1.63,4,0,1.65,Yes,7.0,1,0,0,0
NF-100938,2023-08-12,26.0,Male,Boise,United States,Basic,6,$29.00,Mobile App,31,4.97,17,11,1.8,Yes,,0,2,0,0
NF-100591,2023-05-12,41.0,M,Austin,United States,Premium,12,$79.00,Website,28,1.27,4,2,5.67,No,,0,0,1,1
NF-101836,2021-11-09,32.0,Female,Raleigh,United States,Basic,1,$25.00,Walk-in,10,3.6,11,17,4.64,Yes,8.0,2,0,0,0
NF-100097,2022-04-22,24.0,Female,Raleigh,United States,Basic,1,$29.00,Walk-in,16,1.63,4,0,2.89,Yes,6.0,0,1,0,0
NF-100357,2023-07-10,43.0,Female,Austin,United States,Basic,1,$29.00,Walk-in,30,2.53,9,0,10.22,Yes,7.0,1,0,1,1
NF-102046,2021-08-27,45.0,Female,Portland,United States,Premium,12,$79.00,Referral,8,1.97,6,2,2.83,Yes,8.0,2,1,1,1
NF-101155,2023-05-17,51.0,Male,Denver,United States,Premium,12,$79.00,Website,28,1.86,7,0,5.2,Yes,5.0,0,1,1,1
NF-102512,2021-05-22,32.0,Prefer not to say,Denver,United States,Basic,6,$29.00,Website,5,3.03,9,0,1.0,Yes,8.0,0,0,0,0
NF-102152,2022-08-06,43.0,Female,Columbus,United States,Premium,12,$79.00,Mobile App,19,2.34,8,6,7.9,Yes,7.0,0,0,0,0
NF-101795,2022-09-07,37.0,MALE,Portland,United States,Premium,12,$79.00,Website,20,3.85,13,0,4.26,Yes,9.0,0,1,1,1
NF-102155,2023-08-16,31.0,Female,Denver,United States,Plus,24,$49.00,Website,31,5.1,16,0,3.25,Yes,10.0,0,1,0,0
NF-100061,2023-03-28,32.0,Male,Columbus,United States,Basic,6,$34.00,Walk-in,27,1.23,5,0,1.4,Yes,5.0,2,1,0,0
NF-102911,2021-01-24,34.0,F ,Austin,United States,Basic,12,$29.00,Mobile App,1,1.67,3,0,0.98,Yes,6.0,1,0,1,1
NF-102118,2023-08-14,35.0,Male,Columbus,United States,Plus,24,$45.00,Mobile App,31,1.94,6,0,,Yes,7.0,1,1,0,0
NF-102805,2022-06-20,30.0,Female,Denver,United States,Basic,1,$25.00,Referral,18,1.6,6,0,1.25,Yes,5.0,4,0,1,1
NF-102011,2022-08-26,51.0,M,Columbus,United States,Plus,6,$54.00,Walk-in,20,3.56,11,4,1.31,Yes,8.0,1,0,0,0
NF-101495,2021-11-16,33.0,female,Denver,United States,Basic,6,$29.00,Walk-in,10,3.1,10,0,1.1,No,,0,0,1,1
NF-100991,2022-12-21,27.0,Male,Portland,United States,Plus,6,$49.00,Website,24,2.37,7,0,1.6,Yes,9.0,0,0,1,0
NF-101374,2021-06-20,26.0,male,Austin,United States,Premium,24,$79.00,Walk-in,6,2.28,7,10,3.98,Yes,6.0,0,0,0,0
NF-102791,2022-04-13,48.0,F,Austin,United States,Plus,6,$49.00,Website,15,1.34,6,0,5.78,No,5.0,1,0,1,1
NF-102403,2022-06-29,30.0,F ,Columbus,United States,Basic,1,$25.00,Mobile App,18,2.12,8,8,2.2,Yes,7.0,0,0,0,0
NF-102697,2023-05-16,38.0,Female,Denver,United States,Plus,6,$54.00,Website,28,2.3,6,2,0.82,No,6.0,0,0,0,0
NF-102230,2023-09-11,16.0,Male,Denver,United States,Basic,12,$29.00,Referral,32,1.86,6,0,1.48,Yes,7.0,3,0,0,0
NF-101756,2021-06-22,33.0,Male,Denver,United States,Plus,24,$54.00,Mobile App,6,4.05,14,5,3.26,No,8.0,0,2,0,0
NF-102542,2023-03-29,46.0,Male,Columbus,United States,Plus,1,$49.00,Website,27,3.24,9,0,2.85,No,,0,1,0,0
NF-100016,2022-10-19,47.0,F,Austin,United States,Plus,6,$49.00,Mobile App,22,4.19,14,3,8.56,Yes,9.0,0,1,0,0
NF-102178,2021-02-19,36.0,Male,Columbus,United States,Premium,12,$79.00,Website,2,1.95,6,0,0.89,No,5.0,0,0,1,1
NF-102737,2021-12-18,41.0,Female,Austin,United States,Basic,1,$25.00,Website,12,1.64,5,0,,No,3.0,1,0,1,1
NF-102760,2023-06-10,39.0,F,Denver,United States,Plus,1,$49.00,Referral,29,2.2,7,1,0.98,Yes,6.0,0,0,0,0
NF-102445,2021-02-23,52.0,Female,Denver,United States,Basic,1,$34.00,Website,2,2.48,9,7,2.86,Yes,6.0,0,0,1,1
NF-101903,2023-05-22,52.0,Male,Portland,United States,Plus,12,$54.00,Website,29,1.44,4,5,2.77,No,6.0,2,0,1,1
NF-101174,2022-03-20,46.0,Female,Portland,United States,Basic,12,$29.00,Referral,15,3.25,11,0,1.97,Yes,6.0,0,0,0,0
NF-102398,2023-09-27,28.0,M,Portland,United States,Basic,1,$25.00,Referral,33,2.07,6,5,2.01,Yes,5.0,2,0,1,1
NF-100232,2021-06-29,55.0,Male,Portland,United States,Basic,6,$25.00,Partner Promo,6,1.94,7,0,1.01,Yes,7.0,0,1,0,0
NF-100680,2022-03-14,27.0,female,Denver,United States,Basic,6,$29.00,Website,14,2.68,9,0,1.84,Yes,7.0,1,0,0,0
NF-102709,2022-01-20,,MALE,Columbus,United States,Basic,6,$29.00,Partner Promo,13,2.63,9,2,4.32,No,7.0,0,1,0,0
NF-102262,2021-02-04,40.0,Female,Portland,United States,Basic,1,$34.00,Walk-in,1,2.89,10,0,1.2,No,6.0,0,1,0,0
NF-100311,2023-06-30,38.0,Female,Raleigh,United States,Basic,1,$29.00,Website,30,3.54,12,0,2.56,Yes,9.0,-1,1,0,0
NF-101281,2023-04-01,24.0,Male,Austin,United States,Plus,6,$54.00,Referral,27,1.6,5,0,0.91,Yes,7.0,0,1,0,0
NF-101563,2022-07-28,29.0,F,Portland,United States,Premium,24,$79.00,Mobile App,19,1.18,2,0,,Yes,7.0,1,0,0,0
NF-100379,2022-04-07,56.0,M,Austin,United States,Plus,12,$49.00,Website,15,3.33,12,0,5.59,Yes,8.0,0,0,0,0
NF-100689,2023-02-03,31.0,male,Denver,United States,Plus,12,$49.00,Mobile App,25,3.28,9,0,2.08,Yes,9.0,0,0,0,0
NF-102668,2023-09-22,39.0,Male,Columbus,United States,Basic,1,$29.00,Mobile App,33,1.72,5,0,1.07,Yes,7.0,0,0,0,0
NF-100663,2022-06-05,35.0,M,Columbus,United States,Basic,1,$29.00,Referral,17,2.42,8,0,23.49,Yes,7.0,0,2,0,0
NF-102486,2021-10-14,47.0,Female,Portland,United States,Basic,1,$25.00,Walk-in,9,3.17,12,4,4.07,No,9.0,0,1,0,0
NF-101922,2021-02-23,45.0,MALE,Austin,United States,Basic,12,$29.00,Mobile App,2,1.19,3,0,4.75,No,7.0,1,0,1,1
NF-100949,2021-10-20,38.0,female,Columbus,United States,Basic,1,$29.00,Referral,10,0.29,0,7,,No,5.0,0,0,1,1
NF-102467,2022-10-21,32.0,Female,Denver,United States,Premium,24,$79.00,Website,22,4.49,14,0,2.36,No,8.0,0,2,0,0
NF-100513,2022-01-26,44.0,F,Austin,United States,Plus,6,$45.00,Mobile App,13,1.98,6,4,1.33,Yes,8.0,2,0,0,0
NF-101349,2021-06-05,49.0,Female,Portland,United States,Plus,6,$45.00,Website,5,1.13,5,0,1.3,No,6.0,0,1,0,0
NF-900007,2022-03-27,35.0,Male,Columbus,United States,Basic,6,$29.00,Website,16,4.47,14,8,3.22,Yes,9.0,0,1,0,0
NF-102538,2021-03-15,54.0,male,Raleigh,United States,Plus,12,$49.00,Mobile App,2,2.12,5,0,1.85,Yes,7.0,0,1,1,0
NF-100917,2023-08-01,35.0,Male,Denver,United States,Premium,6,$79.00,Partner Promo,31,1.84,6,0,3.32,Yes,6.0,0,0,1,1
NF-102875,2023-09-13,36.0,Female,Portland,United States,Basic,1,$34.00,Website,32,0.6,2,0,2.34,Yes,3.0,2,0,1,1
NF-100713,2022-02-13,26.0,female,Austin,United States,Plus,12,$49.00,Website,13,1.72,6,0,6.37,No,6.0,1,0,0,0
NF-101311,2022-10-28,43.0,Female,Austin,United States,Basic,6,$25.00,Referral,22,2.92,10,0,1.6,No,8.0,0,0,0,0
NF-101621,2021-03-04,21.0,FEMALE,Portland,United States,Basic,1,$25.00,Referral,2,4.16,13,8,1.11,No,8.0,0,1,0,0
NF-101444,2021-08-04,29.0,Female,Columbus,United States,Plus,6,$49.00,Website,7,2.79,11,8,4.48,Yes,9.0,1,0,0,0
NF-101038,2023-02-16,33.0,female,Denver,United States,Basic,12,$34.00,Mobile App,26,2.58,7,19,1.42,Yes,8.0,0,1,0,0
NF-102444,2022-01-23,43.0,M,Denver,United States,Basic,1,$34.00,Mobile App,13,2.25,9,0,1.7,Yes,7.0,0,0,0,0
NF-100907,2021-11-03,26.0,Female,Portland,United States,Premium,12,$75.00,Walk-in,10,1.99,6,9,4.0,Yes,8.0,0,0,0,0
NF-101736,2023-09-26,24.0,male,Denver,United States,Plus,12,$49.00,Mobile App,33,2.39,7,0,3.08,Yes,8.0,1,0,0,0
NF-100571,2023-03-21,38.0,Male,Austin,United States,Plus,24,$54.00,Website,27,1.41,6,0,2.15,Yes,6.0,2,0,0,0
NF-100314,2022-09-06,37.0,Prefer not to say,Austin,United States,Basic,6,$34.00,Walk-in,20,1.11,3,2,5.07,Yes,,1,0,0,1
NF-101489,2022-05-13,45.0,M,Denver,United States,Plus,12,$49.00,Website,16,2.21,8,13,1.3,No,6.0,0,0,1,0
NF-102117,2021-10-16,,Female,Raleigh,United States,Basic,6,$29.00,Referral,9,1.01,4,0,4.37,No,7.0,0,0,0,1
NF-100441,2021-05-06,39.0,Male,Denver,United States,Plus,24,$49.00,Referral,4,1.92,6,0,4.13,Yes,4.0,0,0,0,0
NF-102317,2021-02-24,35.0,F,Denver,United States,Basic,6,$29.00,Website,2,1.02,4,4,,Yes,,1,0,1,1
NF-101544,2023-08-24,46.0,F,Boise,United States,Basic,1,$29.00,Mobile App,32,2.5,7,0,1.02,Yes,6.0,1,0,0,0
NF-101828,2023-03-05,16.0,Male,Denver,United States,Plus,12,$49.00,Referral,26,2.23,7,9,1.17,Yes,,2,0,0,0
NF-102605,2022-03-25,26.0,Female,Raleigh,United States,Premium,24,$79.00,Mobile App,15,2.5,8,0,13.12,Yes,6.0,0,1,0,0
NF-100281,2021-05-01,21.0,Female,Columbus,United States,Basic,1,$29.00,Referral,4,2.09,7,0,1.02,No,7.0,1,0,0,0
NF-101703,2021-06-29,45.0,Male,Denver,United States,Plus,6,$54.00,Mobile App,6,2.05,7,11,1.26,Yes,7.0,0,2,0,0
NF-100100,2022-08-27,35.0,Female,Austin,United States,Basic,1,$29.00,Website,20,1.03,2,1,5.85,No,3.0,1,0,0,0
NF-102661,2022-11-10,49.0,FEMALE,Denver,United States,Plus,1,$45.00,Website,22,1.53,4,0,4.31,Yes,7.0,0,0,0,0
NF-101380,2021-11-09,,female,Austin,United States,Plus,6,$49.00,Walk-in,10,1.68,5,1,1.48,No,6.0,1,0,0,0
NF-102795,2022-06-13,25.0,Male,Austin,United States,Basic,6,$25.00,Website,17,3.42,9,0,1.18,Yes,8.0,0,0,0,0
NF-100408,2023-04-18,34.0,F ,Portland,United States,Premium,6,$84.00,Website,28,1.97,6,4,4.43,Yes,8.0,1,1,0,0
NF-102790,2023-02-10,42.0,Female,Austin,United States,Basic,6,$29.00,Mobile App,25,1.05,5,0,1.72,Yes,5.0,2,0,1,1
NF-100402,2023-07-18,22.0,Female,Austin,United States,Premium,12,$79.00,Walk-in,31,2.87,11,0,2.44,Yes,8.0,1,1,0,0
NF-100993,2022-06-20,57.0,Female,Columbus,United States,Basic,12,$25.00,Website,18,1.96,6,0,0.78,No,5.0,1,0,1,1
NF-101904,2021-01-07,30.0,Female,Austin,United States,Basic,1,$29.00,Mobile App,1,1.42,4,1,2.16,No,5.0,1,0,0,0
NF-100043,2023-01-24,37.0,Male,Columbus,United States,Plus,6,$45.00,Mobile App,25,1.17,3,0,6.21,No,7.0,1,0,0,0
NF-102986,2021-09-07,43.0,FEMALE,Denver,United States,Premium,24,$79.00,Website,8,2.43,8,0,,Yes,8.0,0,0,0,0
NF-100139,2021-03-25,47.0,Female,Denver,United States,Plus,6,$45.00,Partner Promo,3,2.22,7,0,1.4,No,7.0,0,0,0,0
NF-101696,2021-09-18,,Male,Denver,United States,Basic,1,$34.00,Referral,9,3.18,10,0,3.15,Yes,8.0,0,2,0,0
NF-100248,2021-09-03,25.0,Male,Portland,United States,Plus,12,$54.00,Website,8,2.47,8,0,9.25,No,8.0,-1,1,0,0
NF-100960,2022-06-06,25.0,Male,Portland,United States,Basic,6,$29.00,Walk-in,17,3.88,13,1,1.94,No,8.0,0,0,0,0
NF-102453,2022-11-24,40.0,Male,Austin,United States,Plus,12,$49.00,Mobile App,23,1.86,5,0,6.14,Yes,7.0,0,1,1,1
NF-102397,2022-11-06,,F,Austin,United States,Plus,12,$49.00,Website,22,1.77,4,0,2.61,No,8.0,0,0,0,0
NF-102738,2023-04-15,35.0,Male,Denver,United States,Basic,1,$25.00,Mobile App,27,2.14,6,0,2.05,No,8.0,0,0,0,0
NF-102620,2021-04-20,36.0,Male,Raleigh,United States,Plus,12,$54.00,Website,4,2.75,7,2,3.74,Yes,6.0,0,0,0,0
NF-102480,2021-12-07,38.0,Female,Denver,United States,Premium,24,$84.00,Website,11,2.15,7,0,2.29,No,8.0,0,0,1,1
NF-100770,2023-06-14,40.0,F,Austin,United States,Basic,6,$34.00,Mobile App,29,0.9,3,8,4.95,Yes,,0,0,1,1
NF-100561,2022-11-15,55.0,Male,Denver,United States,Premium,12,$79.00,Website,22,2.54,8,2,6.47,No,8.0,0,3,0,0
NF-102032,2021-06-22,23.0,FEMALE,Denver,United States,Premium,24,$84.00,Mobile App,6,1.06,3,1,2.0,No,,3,0,0,0
NF-101771,2021-02-04,20.0,M,Austin,United States,Plus,12,$49.00,Referral,1,3.09,11,7,3.98,Yes,7.0,0,0,0,0
NF-101360,2022-09-25,,Male,Austin,United States,Plus,6,$49.00,Mobile App,21,2.33,6,9,2.23,Yes,8.0,0,0,0,0
NF-100518,2021-02-02,36.0,M,Denver,United States,Basic,6,$29.00,Website,1,0.95,3,0,6.37,Yes,7.0,3,0,0,1
NF-100011,2022-08-20,39.0,MALE,Raleigh,United States,Basic,1,$34.00,Mobile App,20,1.26,4,6,0.45,No,,0,0,1,1
NF-102134,2022-08-29,48.0,Female,Portland,United States,Basic,1,$34.00,Mobile App,20,1.5,5,1,2.84,Yes,,0,0,1,1
NF-101057,2021-02-19,21.0,Male,Portland,United States,Basic,6,$25.00,Website,2,1.63,6,0,2.25,No,7.0,1,0,0,0
NF-101920,2021-11-29,31.0,Male,Portland,United States,Basic,12,$25.00,Website,11,1.34,4,2,0.94,No,,1,0,1,1
NF-100040,2022-07-06,44.0,M,Austin,United States,Basic,12,$25.00,Walk-in,18,2.88,9,8,4.94,Yes,9.0,0,0,0,0
NF-100283,2023-05-21,56.0, Male,Columbus,United States,Basic,12,$34.00,Website,29,2.81,8,0,2.55,Yes,10.0,0,0,0,0
NF-102896,2022-09-12,34.0,Male,Portland,United States,Plus,1,$49.00,Mobile App,20,0.71,3,0,19.89,No,,0,1,1,1
NF-100708,2021-03-05,42.0,Male,Raleigh,United States,Plus,6,$49.00,Website,2,0.78,3,0,0.76,No,7.0,1,1,0,1
NF-101125,2023-07-15,20.0,Female,Portland,United States,Premium,12,$79.00,Referral,30,1.58,5,0,3.55,No,6.0,0,0,1,1
NF-102236,2021-09-02,53.0,male,Denver,United States,Basic,6,$29.00,Walk-in,8,2.23,9,0,3.17,No,7.0,0,0,0,0
NF-100759,2023-02-24,45.0,Male,Columbus,United States,Premium,6,$79.00,Partner Promo,26,2.24,5,0,3.3,No,9.0,1,1,0,0
NF-101734,2022-06-06,45.0,Female,Denver,United States,Basic,1,$25.00,Website,17,2.08,7,2,3.62,Yes,6.0,1,0,0,0
NF-100205,2021-05-20,32.0,Male,Denver,United States,Basic,1,$25.00,Referral,5,2.23,7,0,5.37,Yes,7.0,0,0,0,0
NF-101959,2023-02-23,,Female,Raleigh,United States,Basic,12,$29.00,Walk-in,26,4.83,15,4,2.47,Yes,8.0,0,1,0,0
NF-101775,2022-01-07,27.0,Female,Denver,United States,Premium,12,$79.00,Website,12,1.34,5,0,6.27,Yes,2.0,2,0,0,0
NF-101197,2022-03-29,49.0,Male,Portland,United States,Premium,12,$79.00,Walk-in,15,1.06,3,4,5.15,Yes,6.0,3,0,0,0
NF-100026,2022-10-12,51.0,MALE,Portland,United States,Premium,12,$79.00,Walk-in,21,2.67,8,0,3.14,Yes,7.0,0,1,0,0
NF-101745,2022-04-10,35.0,Female,Columbus,United States,Basic,12,$29.00,Walk-in,15,1.89,5,1,0.77,Yes,4.0,0,0,0,0
NF-100815,2021-07-01,49.0,Female,Raleigh,United States,Basic,6,$25.00,Walk-in,6,1.35,4,1,5.61,Yes,6.0,0,1,0,0
NF-100085,2021-02-24,42.0,Male,Austin,United States,Plus,6,$49.00,Mobile App,2,2.34,7,0,4.92,Yes,5.0,0,0,1,1
NF-102490,2022-11-27,39.0,Female,Denver,United States,Plus,12,$49.00,Walk-in,23,1.99,8,0,1.47,Yes,6.0,0,0,0,0
NF-101549,2022-05-23,28.0,F,Austin,United States,Basic,1,$29.00,Website,17,3.3,11,0,3.1,Yes,7.0,0,1,0,0
NF-102498,2021-01-16,25.0,Male,Denver,United States,Basic,1,$34.00,Walk-in,1,2.58,9,0,5.29,No,7.0,0,1,0,0
NF-101500,2021-07-26,43.0,M,Denver,United States,Plus,12,$45.00,Website,7,1.85,6,2,0.85,No,,0,0,0,0
NF-100079,2021-01-27,37.0,male,Columbus,United States,Plus,12,$49.00,Website,1,0.0,0,1,4.07,Yes,4.0,0,0,0,0
NF-100875,2022-03-14,30.0,F,Portland,United States,Basic,6,$29.00,Partner Promo,14,1.37,4,0,2.7,Yes,7.0,0,0,0,0
NF-100147,2021-03-16,18.0,Female,Columbus,United States,Basic,6,$25.00,Website,2,2.21,6,0,1.22,Yes,6.0,1,0,1,1
NF-102285,2022-12-07,21.0,Female,Austin,United States,Plus,24,$49.00,Walk-in,23,2.71,9,0,2.81,No,6.0,0,2,1,1
NF-101093,2023-04-22,29.0,Male,Raleigh,United States,Basic,6,$29.00,Website,28,1.75,6,3,3.32,No,6.0,0,1,0,0
NF-101979,2022-01-29,33.0,male,Portland,United States,Basic,6,$29.00,Mobile App,13,6.48,20,0,0.98,Yes,10.0,0,0,0,0
NF-102494,2021-10-30,37.0,F,Austin,United States,Basic,1,$34.00,Website,10,3.01,12,0,1.04,Yes,8.0,0,0,0,0
NF-100527,2023-07-19,43.0,F,Columbus,United States,Premium,6,$84.00,Referral,31,1.62,5,0,3.29,No,6.0,1,0,0,0
NF-102448,2021-08-20,51.0,Male,Austin,United States,Plus,12,$49.00,Referral,8,1.4,2,0,1.86,Yes,5.0,0,0,0,0
NF-101293,2021-04-25,36.0,Male,Austin,United States,Basic,1,$29.00,Website,4,1.39,6,0,,No,6.0,1,1,0,0
NF-102004,2021-10-03,50.0,Male,Columbus,United States,Basic,1,$25.00,Website,9,1.12,5,0,2.18,Yes,,2,0,1,1
NF-100565,2022-01-01,41.0,Male,Portland,United States,Basic,12,$29.00,Walk-in,12,1.99,5,0,7.65,No,7.0,1,0,0,0
NF-102208,2022-09-10,24.0,Male,Columbus,United States,Basic,6,$29.00,Referral,20,2.34,7,0,5.66,No,5.0,0,1,1,1
NF-101087,2022-02-04,35.0,F,Columbus,United States,Premium,12,$75.00,Website,13,1.59,4,2,3.52,No,7.0,1,0,0,0
NF-100310,2021-09-15,36.0,Male,Denver,United States,Basic,6,$29.00,Referral,8,2.37,8,0,6.04,Yes,7.0,0,1,0,0
NF-102387,2022-02-21,59.0,Female,Denver,United States,Plus,1,$54.00,Mobile App,14,3.26,9,1,1.25,Yes,8.0,0,0,0,0
NF-100381,2023-09-06,28.0,M,Columbus,United States,Premium,6,$79.00,Walk-in,32,1.83,5,0,1.95,Yes,7.0,0,0,1,1
NF-101212,2022-09-27,16.0,Female,Austin,United States,Basic,1,$29.00,Referral,21,1.21,3,0,0.93,Yes,5.0,0,0,0,0
NF-102344,2021-10-03,43.0,Female,Raleigh,United States,Plus,24,$54.00,Website,9,3.53,10,8,1.06,Yes,8.0,0,0,0,0
NF-101740,2023-04-18,49.0,M,Raleigh,United States,Basic,1,$29.00,Referral,28,2.73,5,2,4.35,Yes,7.0,0,1,1,0
NF-101337,2021-06-10,35.0,Female,Austin,United States,Plus,12,$49.00,Website,5,4.76,17,5,7.2,No,9.0,0,0,0,0
NF-101102,2022-04-06,28.0,Male,Denver,United States,Basic,1,$29.00,Website,15,0.92,3,7,11.08,Yes,4.0,0,0,0,0
NF-100596,2021-10-28,37.0,Female,Austin,United States,Plus,1,$49.00,Walk-in,10,3.48,10,0,1.06,Yes,7.0,0,2,0,0
NF-101085,2021-02-15,37.0,Female,Columbus,United States,Premium,12,$79.00,Website,1,1.34,5,0,0.45,No,5.0,0,0,0,0
NF-100492,2021-02-04,40.0,Male,Denver,United States,Basic,12,$29.00,Referral,1,3.62,12,11,5.35,Yes,7.0,0,0,0,0
NF-100578,2022-04-05,62.0,female,Austin,United States,Plus,1,$49.00,Website,15,1.7,7,9,2.12,No,,1,1,0,0
NF-101634,2022-02-24,44.0,Female,Denver,United States,Basic,12,$34.00,Walk-in,14,2.55,6,12,2.75,Yes,6.0,0,2,0,0
NF-101322,2023-08-19,38.0,Male,Austin,United States,Plus,12,$49.00,Partner Promo,32,1.13,4,0,1.35,Yes,4.0,1,0,0,0
NF-101273,2022-06-10,28.0,male,Denver,United States,Plus,6,$49.00,Partner Promo,17,1.98,7,0,5.54,Yes,8.0,0,2,1,0
NF-102002,2021-09-11,33.0, Male,Portland,United States,Basic,6,$29.00,Mobile App,8,1.35,4,1,9.05,Yes,3.0,4,0,1,1
NF-101283,2021-12-10,28.0,Male,Columbus,United States,Basic,1,$34.00,Mobile App,11,3.6,11,0,6.37,No,7.0,0,1,0,0
NF-102296,2022-03-31,43.0,Female,Columbus,United States,Plus,12,$54.00,Referral,15,2.82,10,0,6.11,Yes,,0,0,1,1
NF-102374,2022-09-24,31.0,Female,Denver,United States,Basic,1,$34.00,Referral,21,1.89,6,0,1.41,Yes,7.0,0,0,0,0
NF-101379,2023-06-19,40.0,Female,Austin,United States,Basic,12,$29.00,Website,30,1.56,7,0,,No,7.0,2,0,0,0
NF-101781,2021-09-14,40.0,Female,Denver,United States,Basic,1,$29.00,Walk-in,8,4.28,15,0,0.94,Yes,8.0,0,1,0,0
NF-102386,2022-03-18,16.0,F,Raleigh,United States,Plus,6,$49.00,Website,15,2.8,11,2,4.25,No,8.0,0,0,0,0
NF-102464,2022-02-25,32.0,male,Raleigh,United States,Plus,12,$49.00,Mobile App,14,2.9,8,8,1.78,Yes,7.0,1,1,0,0
NF-102508,2023-04-11,36.0,Male,Raleigh,United States,Plus,6,$49.00,Website,27,1.43,4,8,3.36,Yes,5.0,0,1,1,1
NF-101464,2021-03-23,31.0,Female,Austin,United States,Premium,6,$79.00,Website,3,3.18,11,0,1.38,No,9.0,0,1,0,0
NF-102169,2022-08-06,25.0,Male,Austin,United States,Plus,12,$49.00,Website,19,1.83,7,5,1.83,Yes,6.0,0,0,0,0
NF-102216,2021-09-05,16.0,F,Denver,United States,Basic,1,$29.00,Walk-in,8,2.35,7,0,3.14,No,8.0,1,2,0,1
NF-101243,2021-09-30,41.0,M,Portland,United States,Basic,12,$29.00,Website,9,2.86,10,0,4.04,Yes,7.0,0,1,0,0
NF-102878,2022-06-20,22.0,Female,Portland,United States,Basic,1,$29.00,Website,18,2.03,7,0,4.42,Yes,7.0,2,1,1,1
NF-101646,2023-06-26,25.0,Female,Portland,United States,Basic,6,$29.00,Walk-in,30,2.09,8,0,4.05,Yes,8.0,1,1,0,0
NF-102211,2022-07-04,54.0,F,Columbus,United States,Premium,12,$84.00,Website,18,0.5,0,0,1.37,No,,1,0,0,0
NF-100920,2022-03-26,27.0,Female,Austin,United States,Plus,1,$54.00,Partner Promo,15,3.51,10,6,2.42,Yes,9.0,0,1,0,0
NF-101333,2023-08-22,16.0,Female,Austin,United States,Basic,1,$29.00,Website,32,1.49,3,0,1.41,Yes,6.0,1,1,1,1
NF-102021,2021-11-19,25.0,F,Denver,United States,Plus,6,$49.00,Website,11,2.03,5,0,,Yes,7.0,0,1,0,0
NF-101574,2022-10-28,49.0,Female,Austin,United States,Basic,1,$34.00,Walk-in,22,1.46,6,0,0.58,No,4.0,2,0,1,1
NF-101741,2023-05-30,50.0,M,Portland,United States,Basic,6,$34.00,Mobile App,29,2.05,6,1,0.43,Yes,7.0,0,0,0,0
NF-102359,2023-02-28,47.0,M,Raleigh,United States,Premium,12,$79.00,Walk-in,26,1.52,5,0,2.71,Yes,7.0,0,0,0,0
NF-100433,2023-07-08,16.0, Male,Columbus,United States,Basic,6,$25.00,Walk-in,30,1.5,6,0,,No,6.0,0,0,1,1
NF-101921,2021-04-25,43.0,Female,Portland,United States,Basic,1,$29.00,Website,4,0.71,1,0,3.04,No,5.0,1,0,0,0
NF-102739,2021-09-12,51.0,Male,Austin,United States,Premium,6,$75.00,Walk-in,8,3.4,11,0,2.68,Yes,7.0,0,0,1,1
NF-102330,2021-03-27,51.0,M,Austin,United States,Basic,6,$29.00,Mobile App,3,1.63,4,2,15.41,No,5.0,1,0,1,1
NF-102663,2022-01-23,47.0,Male,Portland,United States,Basic,12,$29.00,Mobile App,13,0.91,3,7,4.31,Yes,,0,0,0,0
NF-100982,2021-12-11,31.0,Male,Raleigh,United States,Basic,6,$29.00,Walk-in,11,1.49,5,0,3.17,No,6.0,2,0,0,0
NF-102604,2022-06-22,35.0,Female,Denver,United States,Plus,24,$49.00,Walk-in,18,0.81,3,0,3.04,Yes,7.0,0,0,0,0
NF-101060,2022-05-19,43.0,female,Austin,United States,Plus,12,$49.00,Walk-in,17,2.58,8,0,3.19,Yes,6.0,0,0,1,1
NF-101776,2023-06-09,49.0,Female,Austin,United States,Basic,1,$29.00,Walk-in,29,4.16,12,4,8.65,Yes,8.0,0,1,0,0
NF-101540,2023-05-28,57.0,Male,Denver,United States,Plus,6,$54.00,Website,29,1.03,2,0,0.58,Yes,6.0,0,0,0,1
NF-101259,2021-11-14,38.0,F,Portland,United States,Premium,6,$79.00,Referral,10,2.41,9,1,0.73,No,7.0,0,0,0,0
NF-102674,2023-03-26,37.0,Female,Austin,United States,Basic,1,$29.00,Mobile App,27,3.76,11,3,6.71,Yes,8.0,0,1,0,0
NF-100206,2023-06-13,40.0,F,Raleigh,United States,Basic,12,$29.00,Website,29,1.15,5,0,6.7,Yes,4.0,0,0,0,0
NF-102188,2022-07-30,48.0,Male,Austin,United States,Basic,1,$29.00,Referral,19,1.57,6,6,2.38,No,,1,0,1,1
NF-101663,2022-11-24,18.0,Male,Raleigh,United States,Basic,6,$29.00,Website,23,2.59,10,0,2.22,No,8.0,1,0,1,1
NF-100748,2021-08-13,40.0,MALE,Portland,United States,Basic,1,$34.00,Walk-in,7,1.57,4,2,2.57,No,6.0,2,0,0,0
NF-101208,2021-11-18,27.0,Female,Portland,United States,Premium,12,$79.00,Website,11,3.34,12,0,6.74,Yes,8.0,1,0,0,0
NF-100948,2022-12-26,54.0,female,Portland,United States,Basic,6,$29.00,Referral,24,4.15,14,16,5.02,Yes,7.0,0,0,0,0
NF-100927,2021-12-03,21.0,Female,Austin,United States,Basic,6,$25.00,Website,11,1.3,5,0,8.11,No,8.0,0,1,1,1
NF-101610,2022-04-26,16.0,Other,Columbus,United States,Plus,12,$45.00,Website,16,1.6,3,0,10.07,No,,0,0,1,1
NF-101636,2021-12-22,67.0,female,Austin,United States,Plus,6,$49.00,Mobile App,12,1.82,6,0,2.61,Yes,6.0,0,0,1,1
NF-102872,2023-06-12,27.0,female,Denver,United States,Premium,12,$84.00,Website,29,1.27,6,0,0.86,Yes,7.0,2,0,1,1
NF-101847,2021-01-05,55.0,M,Austin,United States,Basic,1,$29.00,Walk-in,1,2.28,9,14,1.44,No,8.0,0,0,0,0
NF-100020,2023-04-04,39.0,Male,Denver,United States,Premium,6,$75.00,Mobile App,27,2.66,8,0,2.84,Yes,,1,0,0,0
NF-100868,2021-06-10,45.0,F,Raleigh,United States,Basic,12,$34.00,Mobile App,5,1.3,5,1,,Yes,,0,0,1,1
NF-102659,2023-02-10,46.0,Male,Austin,United States,Basic,12,$29.00,Mobile App,25,0.94,2,0,2.66,No,2.0,2,0,1,1
NF-100121,2022-06-04,48.0,M,Denver,United States,Basic,1,$29.00,Mobile App,17,2.17,5,0,1.93,Yes,9.0,-1,1,0,0
NF-100634,2021-08-06,33.0,Male,Austin,United States,Plus,1,$49.00,Walk-in,7,1.72,3,0,0.84,Yes,8.0,0,0,0,1
NF-100199,2023-07-17,48.0,Female,Portland,United States,Basic,1,$29.00,Website,30,1.8,5,1,1.27,No,8.0,0,0,1,1
NF-101672,2023-05-04,36.0,male,Austin,United States,Basic,1,$29.00,Referral,28,1.71,5,0,1.9,No,7.0,0,0,1,1
NF-100703,2022-12-02,,Male,Portland,United States,Basic,1,$29.00,Referral,23,1.48,5,3,2.9,Yes,4.0,0,0,1,1
NF-101728,2022-06-27,25.0,Female,Columbus,United States,Premium,24,$75.00,Walk-in,18,2.07,5,0,1.67,No,8.0,0,0,0,0
NF-102349,2022-09-24,49.0,F,Austin,United States,Plus,12,$49.00,Referral,21,1.79,4,2,0.85,No,5.0,0,0,1,1
NF-102718,2021-02-24,57.0,Male,Austin,United States,Plus,12,$54.00,Mobile App,2,2.41,7,1,3.43,Yes,5.0,0,0,0,0
NF-100744,2022-10-06,38.0,F,Austin,United States,Basic,6,$25.00,Walk-in,21,3.56,12,12,2.28,Yes,8.0,0,0,0,0
NF-101437,2021-03-22,,Female,Denver,United States,Basic,1,$29.00,Website,3,0.95,4,0,2.59,No,7.0,2,0,1,1
NF-100036,2021-04-28,32.0,Male,Portland,United States,Premium,6,$79.00,Website,4,4.15,13,0,4.27,Yes,9.0,1,1,0,0
NF-100304,2022-01-28,42.0,Male,Austin,United States,Premium,24,$79.00,Referral,13,3.55,10,5,2.05,Yes,8.0,1,1,0,0
NF-101049,2023-08-16,49.0,Female,Austin,United States,Plus,1,$54.00,Mobile App,31,2.07,7,1,2.66,Yes,6.0,1,0,0,0
NF-100521,2021-08-16,35.0,Female,Denver,United States,Plus,1,$49.00,Website,7,1.78,6,0,5.95,Yes,5.0,0,0,1,1
NF-100018,2021-11-16,33.0,F,Portland,United States,Plus,12,$49.00,Website,10,2.74,7,0,3.76,Yes,7.0,2,0,0,0
NF-100664,2022-04-20,33.0,Female,Portland,United States,Basic,1,$34.00,Walk-in,16,0.57,3,0,2.65,Yes,3.0,1,0,0,1
NF-101416,2022-11-03,48.0,male,Portland,United States,Premium,24,$79.00, ,22,6.8,21,0,2.61,Yes,10.0,0,2,0,0
NF-101874,2021-09-29,29.0,female,Austin,United States,Premium,24,$79.00,Website,9,2.74,7,0,3.26,Yes,8.0,1,1,0,0
NF-101368,2023-06-13,33.0,M,Portland,United States,Basic,6,$29.00,Referral,29,4.09,11,0,0.69,Yes,10.0,1,1,0,0
NF-100046,2023-05-31,44.0,Female,Denver,United States,Plus,24,$49.00,Mobile App,29,1.77,6,1,5.41,No,4.0,0,1,1,1
NF-101163,2022-03-26,16.0, Male,Denver,United States,Plus,1,$49.00,Website,15,1.13,4,0,3.78,No,6.0,0,0,1,1
NF-101145,2023-03-21,38.0,M,Austin,United States,Basic,1,$25.00,Walk-in,27,1.66,7,0,2.92,Yes,8.0,2,1,0,1
NF-100612,2023-01-26,48.0,Female,Columbus,United States,Basic,6,$29.00,Referral,25,5.39,15,4,2.46,Yes,9.0,0,0,0,0
NF-102162,2021-12-13,35.0,M,Columbus,United States,Plus,6,$54.00,Website,11,1.56,3,0,3.37,Yes,6.0,1,0,0,0
NF-102179,2022-03-05,36.0,FEMALE,Denver,United States,Basic,6,$29.00,Website,14,1.56,4,1,10.5,Yes,,0,0,1,1
NF-100485,2021-04-21,33.0,F,Austin,United States,Basic,1,$29.00,Mobile App,4,2.47,9,0,2.61,Yes,5.0,3,0,1,1
NF-102794,2022-10-06,34.0,female,Austin,United States,Plus,12,$49.00,Mobile App,21,2.85,7,0,4.89,Yes,5.0,0,0,0,0
NF-102341,2021-11-23,30.0,female,Denver,United States,Premium,12,$75.00,Referral,11,2.93,9,0,2.02,Yes,,0,0,0,0
NF-102150,2022-01-22,29.0,F,Denver,United States,Premium,12,$84.00,Walk-in,13,1.03,2,0,1.2,Yes,6.0,1,0,1,1
NF-102463,2022-03-16,48.0,Female,Austin,United States,Plus,1,$49.00, ,14,1.52,8,1,2.01,No,5.0,2,0,0,0
NF-100522,2021-08-26,39.0,Male,Columbus,United States,Basic,1,$25.00,Mobile App,8,2.28,6,0,5.11,Yes,7.0,0,0,0,0
NF-101331,2021-04-06,31.0,Female,Austin,United States,Basic,6,$29.00,Website,3,2.34,8,5,2.14,No,7.0,0,0,0,0
NF-101094,2021-07-07,16.0,F,Austin,United States,Basic,1,$25.00,Website,6,1.64,6,0,2.24,No,6.0,0,0,0,0
NF-102225,2023-04-19,42.0,male,Raleigh,United States,Premium,24,$79.00,Referral,28,2.3,7,4,0.89,Yes,5.0,0,0,0,0
NF-101816,2021-10-26,36.0,Male,Austin,United States,Basic,6,$25.00,Website,10,2.4,7,0,0.46,Yes,8.0,0,0,0,0
NF-100078,2021-08-14,50.0,Male,Boise,United States,Plus,1,$49.00,Website,7,0.33,1,3,2.8,Yes,4.0,2,0,1,1
NF-102928,2023-06-14,47.0, Male,Portland,United States,Basic,1,$29.00,Website,29,2.77,10,11,2.41,No,9.0,-1,0,0,0
NF-101198,2021-08-14,32.0,Male,Raleigh,United States,Premium,24,$84.00,Walk-in,7,1.65,3,2,1.92,Yes,7.0,0,0,0,0
NF-102618,2023-07-31,24.0,Female,Columbus,United States,Plus,1,$49.00,Walk-in,31,2.0,7,0,2.28,Yes,5.0,2,2,0,0
NF-102128,2022-10-29,32.0,Male,Austin,United States,Premium,12,$79.00,Walk-in,22,2.77,8,0,2.55,Yes,8.0,2,0,0,0
NF-101244,2023-03-09,32.0,Male,Denver,United States,Basic,12,$34.00,Mobile App,26,1.66,4,0,2.47,Yes,7.0,0,0,0,0
NF-101231,2023-08-07,37.0,M,Portland,United States,Basic,12,$29.00,Mobile App,31,1.84,7,0,0.92,No,,2,1,0,1
NF-101946,2023-04-16,34.0,F,Raleigh,United States,Basic,6,$34.00,Walk-in,27,1.3,5,0,3.74,Yes,5.0,0,0,0,0
NF-102861,2022-06-06,38.0,F ,Raleigh,United States,Plus,6,$49.00,Website,17,2.05,7,0,2.77,Yes,6.0,0,1,0,0
NF-102408,2023-07-17,53.0,Male,Denver,United States,Premium,24,$84.00,Partner Promo,30,1.98,7,0,,Yes,5.0,0,1,0,0
NF-102485,2022-09-01,27.0,Female,Portland,United States,Basic,1,$34.00,Walk-in,20,1.88,6,0,1.32,Yes,5.0,1,0,1,1
NF-102277,2023-05-27,20.0,Male,Denver,United States,Plus,12,$49.00,Mobile App,29,1.65,5,5,0.61,No,6.0,2,1,0,1
NF-101217,2022-12-29,32.0,Male,Denver,United States,Basic,6,$34.00,Walk-in,24,1.88,7,0,,Yes,7.0,1,0,0,0
NF-100504,2023-04-28,31.0,FEMALE,Columbus,United States,Plus,1,$49.00,Walk-in,28,1.28,5,2,1.89,Yes,5.0,0,0,0,0
NF-102735,2021-07-02,18.0,female,Portland,United States,Premium,12,$79.00,Website,6,1.91,6,0,2.53,No,5.0,2,0,0,0
NF-102263,2022-03-01,18.0,F,Denver,United States,Basic,6,$29.00,Website,14,1.84,5,2,2.25,Yes,8.0,2,0,0,0
NF-101367,2021-10-17,38.0,Female,Austin,United States,Plus,12,$54.00,Referral,10,2.4,8,0,,Yes,6.0,0,0,1,0
NF-101409,2021-07-10,26.0,Male,Portland,United States,Premium,24,$84.00,Walk-in,6,3.75,13,0,1.81,Yes,8.0,-1,0,0,0
NF-100542,2022-04-26,46.0,Male,Austin,United States,Basic,1,$29.00, ,16,1.68,4,5,5.23,No,5.0,1,0,1,1
NF-102762,2021-07-29,30.0,Female,Denver,United States,Premium,12,$79.00,Walk-in,7,0.95,1,0,2.64,Yes,4.0,2,0,0,0
NF-102897,2022-05-03,23.0,F,Austin,United States,Basic,1,$34.00,Referral,16,0.43,1,0,0.92,Yes,3.0,1,0,0,0
NF-100537,2021-07-21,57.0,Female,Portland,United States,Basic,6,$29.00,Walk-in,7,1.71,4,0,2.0,No,6.0,1,0,0,0
NF-102566,2021-04-03,45.0,F,Portland,United States,Plus,24,$49.00,Walk-in,3,0.19,0,0,3.43,Yes,5.0,1,0,1,1
NF-102503,2023-01-31,38.0,Male,Portland,United States,Plus,1,$54.00,Partner Promo,25,0.89,2,0,12.98,Yes,,3,0,1,1
NF-101598,2022-05-15,44.0,M,Denver,United States,Premium,24,$79.00,Website,16,1.5,6,0,2.37,Yes,6.0,1,0,0,0
NF-100752,2023-09-08,22.0,male,Portland,United States,Plus,12,$49.00,Website,32,1.45,6,0,1.57,No,6.0,1,0,1,0
NF-100243,2023-02-26,30.0,Male,Columbus,United States,Plus,6,$49.00,Website,26,2.17,7,9,1.04,Yes,6.0,0,0,0,0
NF-102276,2021-11-10,33.0,M,Portland,United States,Plus,12,$49.00,Walk-in,10,2.01,6,2,2.2,Yes,7.0,0,0,1,1
NF-102806,2023-07-26,43.0,F ,Austin,United States,Premium,12,$79.00,Referral,31,4.06,11,6,1.02,Yes,8.0,0,1,0,0
NF-102186,2021-09-14,30.0,Male,Portland,United States,Plus,12,$45.00,Website,8,2.91,11,0,1.56,Yes,7.0,0,1,1,0
NF-102145,2023-03-04,18.0,Male,Denver,United States,Plus,1,$49.00,Website,26,2.89,11,1,2.85,Yes,8.0,0,0,0,0
NF-102013,2021-06-05,44.0,M,Denver,United States,Basic,1,$34.00,Website,5,1.27,5,0,2.36,No,7.0,0,1,0,0
NF-102552,2022-02-07,41.0, Male,Raleigh,United States,Basic,12,$34.00,Website,13,2.19,7,5,7.82,Yes,6.0,1,0,1,1
NF-102636,2023-09-06,48.0,Female,Portland,United States,Basic,1,$34.00,Mobile App,32,2.54,8,0,4.31,Yes,,0,0,0,0
NF-100288,2021-06-14,48.0,MALE,Portland,United States,Basic,1,$29.00,Mobile App,5,1.92,7,0,2.11,Yes,7.0,1,0,1,1
NF-100893,2022-04-21,37.0,Female,Portland,United States,Premium,24,$79.00,Website,16,2.39,9,0,4.63,Yes,6.0,0,0,0,0
NF-102947,2022-04-12,31.0,Female,Portland,United States,Plus,1,$54.00,Website,15,2.18,8,10,0.92,Yes,7.0,0,1,1,1
NF-101625,2023-05-06,34.0,Female,Portland,United States,Basic,6,$29.00,Mobile App,28,2.82,9,0,1.0,Yes,8.0,0,0,0,0
NF-100002,2023-06-24,39.0,F,Denver,United States,Plus,12,$45.00,Website,30,1.87,6,3,4.17,Yes,5.0,2,0,0,0
NF-102893,2021-11-17,29.0,MALE,Austin,United States,Premium,12,$84.00,Website,11,1.93,5,0,1.36,Yes,5.0,0,0,1,0
NF-100567,2022-09-15,31.0,F ,Raleigh,United States,Basic,12,$29.00,Website,20,1.48,3,0,2.1,Yes,5.0,0,1,0,0
NF-101067,2023-03-28,39.0,Male,Boise,United States,Basic,1,$34.00,Website,27,3.79,14,0,0.91,No,10.0,0,1,0,0
NF-100399,2021-05-26,26.0,Prefer not to say,Portland,United States,Premium,12,$84.00,Walk-in,5,1.3,3,0,,No,5.0,0,0,1,1
NF-100180,2021-12-06,20.0,M,Denver,United States,Plus,6,$49.00,Mobile App,11,1.42,6,2,6.1,No,3.0,0,0,1,1
NF-100146,2023-08-06,34.0,female,Portland,United States,Basic,1,$29.00,Website,31,0.74,3,5,0.93,Yes,4.0,0,0,1,1
NF-100629,2021-12-17,26.0,FEMALE,Raleigh,United States,Plus,1,$49.00,Walk-in,12,1.65,5,2,3.41,No,4.0,0,0,0,0
NF-100760,2022-01-13,31.0,Female,Portland,United States,Basic,6,$29.00,Walk-in,12,1.5,4,0,2.67,No,5.0,1,0,0,0
NF-100401,2023-01-22,33.0,Male,Denver,United States,Basic,6,$29.00,Partner Promo,25,2.17,6,0,2.61,Yes,7.0,0,0,0,0
NF-100413,2021-01-05,48.0,female,Denver,United States,Plus,12,$49.00,Mobile App,1,2.26,7,0,1.08,Yes,6.0,2,1,0,0
NF-101104,2021-02-06,17.0,F,Denver,United States,Plus,1,$49.00,Partner Promo,1,1.58,6,0,8.84,Yes,5.0,0,0,1,1
NF-100859,2023-05-28,4.0,Female,Denver,United States,Basic,6,$29.00,Website,29,4.75,15,0,6.96,Yes,8.0,0,0,0,0
NF-100606,2022-11-10,51.0,F ,Columbus,United States,Basic,1,$34.00,Referral,22,2.76,6,2,0.6,Yes,8.0,0,1,0,0
NF-100172,2021-12-24,36.0,male,Portland,United States,Basic,1,$29.00,Walk-in,12,1.17,3,0,5.09,Yes,5.0,1,0,1,1
NF-100667,2021-01-06,39.0,Female,Portland,United States,Basic,1,$25.00,Referral,1,1.38,5,3,6.44,No,4.0,2,0,1,1
NF-102079,2022-02-08,,Female,Portland,United States,Plus,6,$49.00,Mobile App,13,4.24,13,4,,No,9.0,0,0,0,0
NF-100227,2021-10-24,37.0,Male,Portland,United States,Basic,6,$29.00,Referral,10,2.71,9,0,3.91,No,8.0,0,0,1,0
NF-102144,2021-10-06,16.0,male,Denver,United States,Plus,1,$49.00,Referral,9,2.29,10,0,13.33,No,7.0,0,2,0,0
NF-100475,2023-06-06,37.0,Female,Denver,United States,Basic,6,$29.00,Referral,29,1.31,5,0,7.41,Yes,,0,1,1,1
NF-102303,2021-11-05,38.0,MALE,Portland,United States,Plus,6,$45.00,Website,10,2.18,6,5,1.67,Yes,6.0,1,0,0,0
NF-100487,2023-09-04,31.0,F,Denver,United States,Basic,6,$29.00,Mobile App,32,1.89,5,4,0.27,Yes,4.0,0,1,1,1
NF-102029,2022-11-11,33.0,Male,Austin,United States,Basic,12,$25.00,Mobile App,22,2.54,7,0,8.87,Yes,7.0,1,0,1,1
NF-100642,2022-07-27,27.0,Female,Portland,United States,Plus,12,$54.00,Website,19,1.51,4,0,2.91,Yes,5.0,0,0,0,0
NF-101940,2022-12-19,35.0,F,Portland,United States,Basic,6,$29.00,Walk-in,24,0.95,2,0,3.12,Yes,1.0,2,0,0,1
NF-100575,2023-05-04,38.0,Male,Denver,United States,Basic,6,$25.00,Website,28,1.21,5,0,2.66,Yes,4.0,0,0,1,1
NF-102823,2022-03-09,45.0,female,Austin,United States,Basic,1,$29.00,Walk-in,14,1.89,4,0,2.55,Yes,7.0,1,0,0,0
NF-102191,2022-07-19,43.0,M,Portland,United States,Plus,1,$49.00,Mobile App,19,1.46,5,0,3.53,Yes,4.0,1,0,0,0
NF-102972,2021-07-02,42.0,Female,Columbus,United States,Basic,6,$29.00, ,6,1.03,3,0,2.56,No,4.0,0,0,0,0
NF-101004,2021-01-10,,Other,Portland,United States,Plus,6,$49.00,Referral,1,2.76,11,0,3.97,Yes,10.0,1,1,0,0
NF-100203,2022-06-05,44.0,Male,Austin,United States,Basic,1,$29.00,Website,17,1.43,4,0,3.88,Yes,,0,0,1,1
NF-100411,2022-02-23,17.0,Male,Denver,United States,Plus,12,$49.00,Mobile App,14,0.16,3,4,6.26,No,7.0,3,0,1,1
NF-100258,2022-09-22,53.0,female,Columbus,United States,Premium,12,$79.00,Website,21,1.39,7,0,1.85,Yes,5.0,0,0,0,1
NF-102833,2021-10-15,25.0,M,Portland,United States,Premium,24,$84.00,Website,9,3.38,10,0,8.03,Yes,9.0,0,1,0,0
NF-101671,2021-04-05,36.0,F ,Columbus,United States,Premium,12,$79.00,Mobile App,3,3.26,11,0,1.56,Yes,8.0,0,1,0,0
NF-100791,2023-01-17,24.0,male,Portland,United States,Basic,6,$34.00,Mobile App,25,1.13,4,0,0.67,No,5.0,0,0,0,0
NF-100530,2022-08-20,31.0,Female,Portland,United States,Basic,12,$29.00,Walk-in,20,0.98,3,0,1.3,Yes,5.0,0,0,0,0
NF-102326,2022-02-23,32.0,M,Portland,United States,Plus,1,$49.00,Mobile App,14,2.84,9,0,4.72,Yes,8.0,1,0,0,0
NF-102541,2021-06-20,32.0,M,Austin,United States,Basic,6,$34.00,Mobile App,6,3.18,11,14,6.92,Yes,6.0,1,2,1,1
NF-102879,2021-12-23,30.0,Female,Boise,United States,Plus,1,$49.00,Website,12,2.81,10,0,2.82,No,7.0,1,0,0,0
NF-101948,2023-02-22,42.0,Male,Portland,United States,Basic,6,$29.00,Partner Promo,26,2.94,11,14,5.03,Yes,7.0,0,1,0,0
NF-102937,2021-12-19,16.0,female,Portland,United States,Basic,1,$29.00,Mobile App,12,1.47,5,0,6.18,No,6.0,1,0,0,0
NF-100965,2021-07-26,47.0,Female,Austin,United States,Basic,6,$29.00,Mobile App,7,1.98,7,1,1.69,Yes,,0,1,1,1
NF-102366,2023-01-14,20.0,Male,Raleigh,United States,Plus,12,$45.00,Mobile App,24,1.82,6,0,3.06,Yes,8.0,0,0,0,0
NF-100833,2023-05-22,16.0,Male,Austin,United States,Plus,12,$54.00,Website,29,2.52,8,0,7.05,Yes,5.0,0,1,1,1
NF-102992,2023-04-03,28.0,F,Portland,United States,Basic,1,$29.00,Website,27,2.81,11,4,,Yes,5.0,1,1,0,0
NF-102907,2021-08-23,,F,Columbus,United States,Plus,12,$45.00,Website,8,0.51,1,0,3.73,No,4.0,2,0,1,1
NF-100550,2022-10-18,47.0,Male,Portland,United States,Premium,12,$79.00,Website,22,3.55,9,1,3.7,Yes,7.0,0,1,0,0
NF-102305,2022-03-23,16.0,Female,Austin,United States,Basic,6,$29.00,Walk-in,15,1.06,4,0,3.45,Yes,4.0,0,0,0,0
NF-101620,2021-06-17,36.0,Prefer not to say,Denver,United States,Plus,12,$49.00,Walk-in,5,1.73,5,0,2.8,Yes,4.0,0,1,0,0
NF-101373,2022-08-10,16.0, Male,Denver,United States,Plus,6,$49.00,Website,19,1.34,3,2,,Yes,6.0,3,0,0,0
NF-102723,2021-02-22,38.0,male,Portland,United States,Plus,24,$54.00,Referral,2,3.0,9,0,1.84,No,,0,2,0,0
NF-102487,2021-04-19,45.0,male,Denver,United States,Basic,6,$34.00,Referral,4,1.65,6,0,7.95,Yes,6.0,1,0,0,0
NF-100803,2023-08-25,31.0,Female,Columbus,United States,Plus,12,$49.00,Referral,32,2.88,8,1,2.95,Yes,7.0,0,0,0,0
NF-101774,2023-08-26,16.0,male,Columbus,United States,Basic,6,$25.00,Website,32,4.24,13,17,3.81,Yes,10.0,1,0,0,0
NF-102613,2021-11-05,50.0,M,Portland,United States,Plus,12,$49.00,Referral,10,1.61,5,0,3.24,No,8.0,1,0,0,0
NF-102140,2022-02-25,35.0,F,Raleigh,United States,Premium,6,$79.00,Referral,14,2.58,7,6,3.22,Yes,8.0,0,0,0,0
NF-100387,2023-01-10,30.0,Male,Boise,United States,Basic,1,$29.00,Website,24,1.91,6,0,7.66,Yes,6.0,0,0,0,0
NF-102001,2021-11-20,41.0,Female,Columbus,United States,Plus,6,$45.00,Website,11,3.07,8,0,0.74,No,7.0,0,1,1,1
NF-101432,2021-12-24,37.0,Female,Denver,United States,Plus,12,$49.00,Walk-in,12,3.32,12,0,2.8,Yes,8.0,0,0,0,0
NF-101902,2021-04-15,18.0,Male,Columbus,United States,Premium,12,$79.00,Mobile App,3,2.18,8,1,2.84,Yes,,0,1,0,0
NF-102726,2021-11-15,29.0,M,Portland,United States,Basic,1,$29.00,Website,10,2.37,10,0,1.35,No,6.0,1,0,1,1
NF-102857,2022-02-04,33.0,Female,Austin,United States,Plus,24,$49.00,Walk-in,13,2.86,7,0,2.73,Yes,7.0,0,0,0,0
NF-101521,2021-12-29,31.0,M,Denver,United States,Basic,6,$34.00,Mobile App,12,3.63,11,0,4.01,Yes,8.0,0,0,0,0
NF-102165,2022-05-17,28.0,Male,Portland,United States,Basic,12,$29.00,Mobile App,16,3.61,10,0,1.18,No,9.0,0,1,0,0
NF-102854,2023-02-23,44.0,Male,Denver,United States,Plus,6,$49.00,Website,26,0.49,1,0,6.71,Yes,3.0,0,0,1,1
NF-102400,2022-01-02,31.0,Female,Austin,United States,Basic,1,$29.00,Referral,12,5.4,16,0,10.43,Yes,,0,1,0,0
NF-101969,2021-05-23,42.0,F ,Austin,United States,Plus,12,$49.00,Website,5,2.2,7,0,1.49,Yes,7.0,1,0,0,0
NF-102434,2021-02-13,31.0,male,Columbus,United States,Plus,12,$49.00,Mobile App,1,1.48,4,0,8.1,No,5.0,1,0,1,1
NF-102742,2022-10-31,40.0,Prefer not to say,Austin,United States,Basic,1,$34.00,Mobile App,22,1.33,5,0,3.06,No,,0,2,0,1
NF-101404,2022-07-30,23.0,female,Austin,United States,Premium,12,$79.00,Website,19,4.38,14,0,,Yes,9.0,0,2,0,0
NF-100702,2021-04-20,29.0,Female,Austin,United States,Plus,24,$49.00,Website,4,2.16,7,0,4.31,Yes,5.0,-1,0,0,0
NF-101296,2022-06-11,42.0,Male,Austin,United States,Plus,1,$45.00,Mobile App,17,2.29,7,0,,Yes,7.0,0,0,0,0
NF-100779,2021-03-21,40.0,F,Portland,United States,Plus,6,$49.00,Walk-in,3,1.35,4,0,1.22,Yes,5.0,1,0,1,1
NF-100675,2021-03-02,29.0,Female,Portland,United States,Plus,12,$49.00,Website,2,2.09,9,2,17.26,No,6.0,1,0,0,0
NF-100421,2021-11-06,36.0,female,Columbus,United States,Plus,12,$49.00,Mobile App,10,1.68,6,0,,Yes,7.0,2,0,0,0
NF-101772,2023-08-19,41.0,Male,Austin,United States,Basic,1,$29.00,Walk-in,32,2.19,8,0,1.19,Yes,7.0,0,0,0,0
NF-101752,2022-09-07,46.0,male,Columbus,United States,Basic,1,$29.00,Mobile App,20,1.76,6,0,,Yes,7.0,2,0,0,0
NF-102543,2021-03-18,26.0,male,Denver,United States,Plus,24,$49.00,Website,2,1.59,6,0,1.15,Yes,7.0,1,0,0,0
NF-102257,2023-03-19,16.0,Male,Raleigh,United States,Basic,6,$29.00,Website,27,1.69,4,0,1.95,Yes,,0,0,1,1
NF-100610,2023-02-07,35.0,male,Columbus,United States,Premium,12,$79.00,Referral,25,2.14,7,0,3.99,No,10.0,0,0,0,0
NF-101314,2022-07-15,38.0,Male,Columbus,United States,Basic,1,$29.00,Website,18,0.91,4,4,4.08,Yes,4.0,2,0,0,0
NF-100037,2022-09-09,34.0,M,Columbus,United States,Plus,6,$49.00,Walk-in,20,3.11,10,11,,Yes,,1,1,0,0
NF-100474,2021-05-22,16.0,Female,Denver,United States,Basic,1,$34.00,Website,5,3.9,15,6,8.38,Yes,,0,1,1,1
NF-101808,2022-06-23,45.0,Male,Portland,United States,Basic,6,$29.00,Mobile App,18,1.08,5,2,7.84,No,7.0,2,0,1,1
NF-101727,2022-02-26,21.0,Prefer not to say,Denver,United States,Basic,6,$29.00,Walk-in,14,1.52,7,11,2.68,Yes,5.0,0,0,0,0
NF-102673,2022-04-28,34.0,Female,Denver,United States,Plus,6,$49.00,Website,16,3.42,10,0,3.92,Yes,9.0,0,0,0,0
NF-102982,2023-07-04,26.0,Female,Denver,United States,Basic,12,$25.00,Mobile App,30,3.02,8,1,1.19,Yes,8.0,0,0,0,0
NF-101420,2022-02-12,36.0,F,Raleigh,United States,Basic,12,$29.00,Mobile App,13,2.29,5,0,1.0,Yes,6.0,0,2,0,0
NF-100633,2021-09-02,26.0,Female,Denver,United States,Basic,12,$25.00,Website,8,2.2,5,0,1.49,Yes,7.0,0,2,0,0
NF-100144,2022-05-09,36.0,Female,Austin,United States,Plus,12,$54.00,Website,16,1.51,7,0,5.83,Yes,4.0,1,0,1,1
NF-102085,2021-10-30,32.0,M,Denver,United States,Basic,6,$29.00,Website,10,5.14,17,3,5.81,No,10.0,0,1,0,0
NF-102880,2022-04-30,30.0,M,Portland,United States,Basic,1,$29.00,Website,16,1.84,8,0,1.55,Yes,7.0,1,0,1,1
NF-102999,2022-07-03,38.0,Female,Denver,United States,Premium,24,$79.00,Mobile App,18,1.78,7,0,6.6,Yes,5.0,0,0,1,1
NF-101892,2022-05-15,16.0,male,Columbus,United States,Basic,6,$34.00,Walk-in,16,1.87,6,0,1.88,No,5.0,1,0,0,0
NF-100382,2022-09-27,31.0,female,Portland,United States,Basic,6,$34.00,Walk-in,21,1.92,5,13,4.5,No,8.0,0,1,0,0
NF-101073,2021-04-11,32.0,Female,Columbus,United States,Plus,1,$49.00,Website,3,1.39,2,2,12.27,Yes,8.0,0,0,1,1
NF-101476,2021-04-08,31.0,FEMALE,Denver,United States,Plus,12,$49.00,Referral,3,1.03,5,2,1.09,Yes,4.0,2,0,0,0
NF-102955,2022-04-11,42.0,MALE,Raleigh,United States,Basic,1,$29.00,Website,15,3.14,10,0,1.75,Yes,9.0,0,0,0,0
NF-101139,2022-05-25,58.0,Female,Raleigh,United States,Premium,12,$79.00,Website,17,1.91,4,0,1.06,Yes,5.0,0,0,0,0
NF-102030,2023-06-12,23.0,F,Raleigh,United States,Basic,1,$34.00,Referral,29,2.49,9,0,5.81,No,8.0,-1,0,0,0
NF-102440,2023-05-22,37.0,Male,Austin,United States,Basic,1,$25.00,Mobile App,29,2.62,9,0,0.74,Yes,8.0,0,0,1,1
NF-102817,2022-09-09,16.0,Male,Denver,United States,Premium,24,$79.00,Mobile App,20,0.54,2,1,,Yes,4.0,0,0,1,1
NF-101150,2021-01-09,45.0,Female,Columbus,United States,Basic,1,$34.00,Walk-in,1,2.68,8,0,8.63,Yes,,1,3,1,1
NF-100769,2022-10-31,42.0,Female,Austin,United States,Premium,12,$75.00,Website,22,1.65,5,4,4.66,Yes,7.0,1,0,0,0
NF-100297,2021-03-18,38.0,Female,Austin,United States,Basic,6,$29.00,Partner Promo,2,2.97,8,0,,Yes,9.0,0,0,0,0
NF-102616,2023-08-24,34.0,Female,Austin,United States,Basic,6,$25.00,Website,32,2.2,7,0,3.02,Yes,6.0,0,0,1,1
NF-101258,2023-05-16,28.0,male,Austin,United States,Premium,6,$84.00,Website,28,3.45,11,5,1.09,Yes,7.0,0,1,0,0
NF-102352,2021-01-26,16.0,male,Denver,United States,Premium,12,$84.00,Walk-in,1,1.41,4,6,1.35,Yes,5.0,2,0,0,0
NF-101133,2023-08-22,43.0,Male,Boise,United States,Basic,6,$29.00,Walk-in,32,1.36,4,5,2.97,Yes,6.0,0,0,0,0
NF-100004,2021-01-01,56.0,Male,Portland,United States,Basic,6,$25.00,Mobile App,1,2.2,8,0,4.0,Yes,5.0,1,0,0,0
NF-102912,2023-07-03,32.0,female,Austin,United States,Basic,1,$29.00,Mobile App,30,1.44,4,11,1.18,Yes,5.0,0,0,1,1
NF-101888,2022-04-09,22.0,Female,Austin,United States,Plus,1,$49.00,Referral,15,0.94,2,0,3.5,No,3.0,1,0,1,1
NF-101179,2022-01-20,34.0,female,Columbus,United States,Premium,12,$75.00,Walk-in,13,2.13,7,0,1.68,Yes,7.0,0,3,0,0
NF-101142,2021-02-05,36.0,F ,Columbus,United States,Plus,12,$45.00,Mobile App,1,2.01,6,0,3.01,Yes,5.0,1,1,1,1
NF-100101,2023-09-15,39.0,female,Austin,United States,Basic,6,$29.00,Website,32,0.92,2,0,5.94,Yes,4.0,0,0,1,1
NF-100436,2022-03-18,47.0,Male,Columbus,United States,Basic,12,$34.00,Mobile App,15,2.65,9,0,,Yes,6.0,0,1,0,0
NF-101091,2021-11-26,38.0,F,Austin,United States,Basic,1,$34.00,Mobile App,11,3.46,10,1,3.08,Yes,10.0,1,0,0,0
NF-100609,2021-09-04,32.0,F,Raleigh,United States,Basic,1,$29.00,Walk-in,8,2.85,9,0,6.38,No,5.0,0,0,1,1
NF-101501,2023-08-02,32.0,F,Austin,United States,Basic,1,$29.00,Referral,31,2.55,9,0,2.45,Yes,8.0,1,0,0,0
NF-101309,2022-11-20,38.0,Female,Columbus,United States,Premium,24,$79.00,Mobile App,23,2.69,10,0,7.44,Yes,8.0,0,1,0,0
NF-101154,2021-08-13,29.0,M,Denver,United States,Basic,1,$29.00,Referral,7,4.15,13,0,2.72,Yes,8.0,0,4,0,0
NF-100731,2022-01-27,46.0, Male,Raleigh,United States,Basic,1,$25.00,Website,13,1.97,6,6,4.42,No,6.0,0,0,1,1
NF-101410,2022-01-03,29.0,Male,Denver,United States,Plus,12,$54.00,Website,12,2.02,4,7,6.84,Yes,8.0,1,1,0,0
NF-100734,2021-08-23,34.0, Male,Denver,United States,Basic,1,$25.00,Website,8,1.1,5,0,5.45,Yes,6.0,0,0,0,1
NF-102106,2022-08-02,28.0,Female,Portland,United States,Plus,6,$49.00,Mobile App,19,1.64,8,9,2.86,Yes,5.0,0,0,0,0
NF-100467,2021-12-06,26.0,M,Austin,United States,Basic,12,$34.00,Partner Promo,11,1.51,3,0,4.52,No,6.0,1,0,0,0
NF-101417,2021-05-12,,MALE,Denver,United States,Plus,12,$45.00,Website,4,1.29,3,2,9.32,No,7.0,0,0,0,0
NF-101015,2022-07-02,,Male,Austin,United States,Plus,1,$49.00,Referral,18,3.49,11,12,2.93,Yes,7.0,0,2,1,0
NF-101674,2021-04-13,42.0,Female,Austin,United States,Basic,6,$29.00,Mobile App,3,1.98,6,0,3.44,No,7.0,0,0,0,0
NF-101079,2021-12-28,31.0,Male,Austin,United States,Plus,1,$45.00,Mobile App,12,1.6,4,0,3.5,Yes,3.0,0,0,1,1
NF-102862,2023-09-05,39.0,Female,Austin,United States,Basic,1,$34.00,Walk-in,32,1.43,5,0,4.14,Yes,3.0,1,0,0,0
NF-101110,2021-05-06,35.0,F,Denver,United States,Basic,6,$29.00,Website,4,2.6,7,7,11.93,Yes,,0,1,1,1
NF-102102,2021-04-03,1.0,male,Raleigh,United States,Basic,6,$34.00,Walk-in,3,2.82,8,7,2.03,Yes,5.0,2,1,0,0
NF-101457,2023-02-07,18.0,Male,Austin,United States,Premium,12,$79.00,Website,25,2.36,8,0,1.77,Yes,,0,0,1,1
NF-102832,2021-02-07,46.0,F,Denver,United States,Basic,1,$29.00,Walk-in,1,2.11,7,0,9.52,No,6.0,1,0,0,0
NF-100670,2022-07-29,44.0,Female,Austin,United States,Plus,1,$49.00,Website,19,2.07,7,0,3.37,No,9.0,0,0,0,0
NF-102017,2022-11-17,51.0,F ,Austin,United States,Premium,24,$79.00,Mobile App,23,2.43,8,0,2.78,Yes,9.0,1,0,0,0
NF-101221,2021-02-20,38.0,M,Portland,United States,Basic,6,$29.00,Mobile App,2,1.25,4,0,,Yes,5.0,0,0,1,1
NF-101650,2023-03-14,29.0,Male,Portland,United States,Basic,1,$29.00,Website,26,2.01,7,1,3.78,Yes,8.0,0,0,0,0
NF-102012,2021-08-07,49.0,male,Portland,United States,Basic,1,$34.00,Website,7,1.44,3,0,6.19,No,7.0,0,1,0,0
NF-102286,2023-08-20,33.0,female,Denver,United States,Premium,24,$84.00,Mobile App,32,3.21,10,0,5.33,No,7.0,0,0,0,0
NF-100756,2021-10-07,21.0,M,Austin,United States,Basic,1,$29.00,Referral,9,2.64,8,0,4.4,Yes,5.0,0,1,0,0
NF-100701,2022-11-05,29.0,Other,Raleigh,United States,Plus,1,$49.00,Website,22,3.79,13,6,7.31,No,7.0,0,0,0,0
NF-100284,2023-05-22,17.0,female,Portland,United States,Plus,6,$45.00,Referral,29,0.22,0,1,1.26,Yes,4.0,0,0,0,0
NF-100115,2022-04-11,40.0,Male,Austin,United States,Plus,12,$49.00,Website,15,0.98,2,0,1.24,No,4.0,1,0,1,1
NF-101930,2023-09-16,29.0,Female,Portland,United States,Plus,6,$54.00,Website,32,1.69,5,0,2.42,No,6.0,0,0,0,0
NF-102826,2021-12-10,16.0,Female,Columbus,United States,Premium,12,$75.00,Walk-in,11,1.03,4,0,4.96,Yes,5.0,0,1,0,0
NF-101863,2021-02-09,26.0,male,Columbus,United States,Basic,1,$25.00,Referral,1,1.81,6,0,2.27,No,6.0,-1,0,0,0
NF-101938,2022-01-17,26.0,female,Raleigh,United States,Premium,6,$79.00,Website,13,2.75,9,0,5.14,No,5.0,0,0,0,0
NF-101538,2023-02-26,19.0,Female,Columbus,United States,Plus,6,$49.00,Walk-in,26,3.28,10,0,2.38,Yes,8.0,1,0,0,0
NF-100265,2022-11-15,30.0,MALE,Denver,United States,Basic,1,$29.00,Walk-in,22,1.27,4,0,3.33,Yes,4.0,1,0,1,1
NF-101945,2021-01-12,27.0,M,Columbus,United States,Plus,24,$45.00,Website,1,1.66,6,3,1.82,No,6.0,-1,1,0,0
NF-100193,2022-12-09,23.0,Female,Austin,United States,Basic,6,$29.00,Walk-in,23,3.04,10,0,,Yes,9.0,1,0,0,0
NF-102153,2022-12-26,29.0,M,Denver,United States,Basic,1,$34.00,Website,24,1.06,5,0,0.73,No,3.0,1,0,1,1
NF-102469,2021-02-27,27.0,Female,Denver,United States,Premium,12,$79.00,Walk-in,2,1.78,7,0,10.0,No,4.0,2,1,0,0
NF-100782,2021-06-06,21.0,male,Portland,United States,Premium,12,$84.00,Mobile App,5,1.09,4,0,5.27,No,4.0,3,0,1,1
NF-101126,2021-08-09,42.0,Female,Portland,United States,Basic,1,$34.00,Walk-in,7,4.3,14,0,7.77,No,,0,2,0,0
NF-101515,2022-11-17,19.0,FEMALE,Portland,United States,Basic,1,$25.00,Website,23,1.38,5,5,1.94,Yes,6.0,0,0,1,0
NF-100733,2021-06-27,52.0,Female,Denver,United States,Premium,12,$84.00,Referral,6,4.98,15,3,1.42,Yes,7.0,0,0,0,0
NF-102214,2022-12-30,40.0,Female,Raleigh,United States,Plus,12,$49.00,Mobile App,24,1.81,7,0,1.03,No,5.0,0,0,0,0
NF-100711,2022-12-08,49.0,Male,Portland,United States,Premium,12,$75.00,Walk-in,23,2.81,10,2,1.55,Yes,8.0,0,0,0,0
NF-100946,2021-07-14,27.0,Male,Raleigh,United States,Premium,12,$79.00, ,6,2.37,8,0,3.72,Yes,5.0,0,0,0,0
NF-100735,2021-02-11,28.0,Female,Austin,United States,Basic,6,$29.00,Walk-in,1,5.03,17,0,1.63,Yes,10.0,0,2,0,0
NF-100811,2023-07-22,33.0,Male,Austin,United States,Premium,12,$79.00,Walk-in,31,2.36,7,0,4.71,Yes,5.0,0,1,0,0
NF-100627,2022-10-29,45.0,F,Columbus,United States,Premium,12,$79.00,Website,22,1.72,4,5,5.7,Yes,5.0,1,1,0,0
NF-102962,2021-06-10,26.0,Female,Portland,United States,Basic,1,$34.00,Walk-in,5,1.29,4,0,5.25,Yes,6.0,2,0,1,1
NF-102405,2023-06-30,45.0, Male,Denver,United States,Basic,6,$34.00,Website,30,1.87,8,0,1.94,Yes,6.0,4,0,1,1
NF-100122,2021-08-02,29.0,M,Raleigh,United States,Basic,12,$29.00,Mobile App,7,2.8,9,0,3.66,No,9.0,0,0,0,0
NF-102881,2023-01-01,25.0,Female,Denver,United States,Basic,1,$29.00,Mobile App,24,0.86,2,0,0.92,No,5.0,1,0,1,1
NF-102278,2021-09-16,36.0,MALE,Austin,United States,Premium,12,$79.00,Website,8,0.64,2,0,7.5,No,7.0,1,0,1,1
NF-102244,2021-07-14,35.0, Male,Denver,United States,Premium,6,$79.00,Referral,6,2.77,9,6,4.03,No,8.0,1,2,0,0
NF-102043,2022-02-22,32.0,female,Columbus,United States,Basic,1,$29.00,Mobile App,14,1.49,5,0,4.16,Yes,4.0,1,0,1,1
NF-101405,2022-10-20,21.0,MALE,Portland,United States,Basic,1,$29.00,Walk-in,22,2.39,9,0,2.58,Yes,8.0,0,0,0,0
NF-101601,2021-05-21,31.0,Male,Columbus,United States,Basic,12,$34.00,Website,5,2.89,9,7,8.26,Yes,7.0,2,2,0,0
NF-102431,2022-11-01,16.0,F,Denver,United States,Plus,1,$49.00,Walk-in,22,0.68,0,0,,No,4.0,0,0,1,1
NF-102530,2022-01-19,32.0,Female,Portland,United States,Basic,1,$34.00,Website,13,2.67,8,5,10.93,Yes,6.0,0,0,0,0
NF-102009,2023-05-21,36.0,Male,Columbus,United States,Plus,12,$49.00,Mobile App,29,1.69,6,2,2.17,No,,0,0,1,1
NF-100105,2023-03-15,23.0,female,Portland,United States,Plus,12,$49.00,Walk-in,26,1.9,6,0,1.47,Yes,6.0,0,0,0,1
NF-101439,2021-02-04,39.0,Male,Portland,United States,Premium,24,$79.00,Mobile App,1,1.8,7,1,0.36,Yes,5.0,1,0,0,0
NF-100181,2023-05-12,35.0,F ,Portland,United States,Plus,1,$49.00,Mobile App,28,1.74,4,2,2.26,No,2.0,1,0,0,0
NF-102055,2022-01-03,28.0,Male,Austin,United States,Premium,12,$75.00,Website,12,1.86,5,0,2.54,Yes,8.0,0,0,1,0
NF-100874,2022-03-13,39.0,female,Austin,United States,Premium,24,$75.00,Website,14,2.29,7,0,,Yes,5.0,0,1,0,0
NF-101255,2022-03-17,46.0,Male,Denver,United States,Basic,6,$29.00,Website,14,1.73,5,0,1.2,No,6.0,1,0,0,0
NF-102768,2023-01-27,20.0,Female,Austin,United States,Premium,12,$75.00,Website,25,1.89,8,3,2.42,No,6.0,2,1,1,1
NF-101282,2021-04-17,37.0,Male,Austin,United States,Basic,1,$29.00,Website,3,1.49,5,0,2.91,No,5.0,1,0,1,1
NF-101377,2022-06-14,16.0,Female,Denver,United States,Plus,24,$49.00,Referral,17,2.24,8,2,13.43,Yes,5.0,2,1,1,1
NF-100866,2023-05-07,29.0,Female,Portland,United States,Plus,6,$49.00,Walk-in,28,2.69,8,0,3.06,Yes,7.0,0,2,0,0
NF-102158,2022-12-17,26.0,F ,Austin,United States,Plus,1,$49.00,Website,24,1.68,4,4,,Yes,8.0,0,0,1,1
NF-102798,2023-06-13,25.0,Female,Denver,United States,Plus,6,$54.00,Website,29,3.05,7,0,3.46,Yes,6.0,0,1,0,0
NF-102362,2023-02-04,46.0,F,Denver,United States,Basic,12,$34.00,Referral,25,0.81,2,0,1.02,Yes,3.0,0,0,1,1
NF-100906,2023-05-11,22.0,Female,Portland,United States,Plus,1,$49.00,Website,28,1.26,3,0,11.53,No,5.0,2,0,1,1
NF-101453,2023-02-22,55.0,Female,Denver,United States,Premium,12,$79.00,Website,26,2.22,6,0,0.73,Yes,6.0,2,1,1,1
NF-100679,2022-04-06,44.0,male,Portland,United States,Basic,6,$34.00,Walk-in,15,1.28,5,0,1.54,No,,0,0,1,1
NF-101576,2022-11-15,38.0,female,Columbus,United States,Basic,6,$25.00,Website,22,0.91,2,1,2.05,Yes,,0,0,1,1
NF-101153,2022-02-07,48.0,Female,Denver,United States,Premium,24,$79.00,Walk-in,13,0.88,1,0,1.04,Yes,3.0,0,0,0,0
NF-100959,2023-04-11,44.0,F ,Boise,United States,Premium,24,$75.00,Mobile App,27,1.95,6,0,1.52,Yes,5.0,0,1,0,1
NF-102740,2022-04-11,43.0,Female,Raleigh,United States,Plus,6,$49.00,Website,15,0.69,3,5,3.27,No,3.0,2,0,1,1
NF-102775,2023-06-04,32.0,Other,Austin,United States,Plus,6,$45.00,Referral,29,1.54,4,3,7.58,No,4.0,1,0,1,1
NF-101807,2021-02-17,44.0,F,Columbus,United States,Basic,1,$25.00,Website,2,1.66,4,2,2.33,Yes,9.0,0,0,1,1
NF-102207,2022-08-01,52.0,Female,Denver,United States,Basic,6,$29.00,Website,19,0.97,2,0,9.43,No,5.0,1,0,1,1
NF-102882,2021-10-17,31.0,Female,Austin,United States,Plus,12,$54.00,Walk-in,10,1.63,4,0,2.18,Yes,6.0,2,0,1,1
NF-100963,2023-01-16,50.0,M,Austin,United States,Plus,12,$49.00,Walk-in,25,1.81,4,0,5.52,Yes,5.0,0,0,0,0
NF-102830,2021-12-21,37.0,Female,Denver,United States,Basic,12,$34.00,Partner Promo,12,1.21,3,0,,Yes,4.0,2,0,0,1
NF-102291,2021-11-30,24.0,Female,Denver,United States,Plus,6,$54.00,Mobile App,11,1.2,4,0,0.87,Yes,5.0,1,0,0,0
NF-100271,2023-03-04,29.0,Female,Denver,United States,Basic,1,$29.00,Mobile App,26,2.78,7,0,5.48,Yes,8.0,0,1,0,0
NF-100099,2022-03-29,26.0,female,Denver,United States,Basic,1,$34.00,Mobile App,15,0.01,0,0,5.52,Yes,,0,0,1,1
NF-100169,2021-10-21,50.0,F,Denver,United States,Plus,1,$49.00,Walk-in,10,2.23,7,0,3.18,Yes,7.0,1,0,0,0
NF-101739,2023-09-17,45.0,female,Austin,United States,Plus,1,$49.00,Website,33,1.24,3,1,5.14,No,5.0,1,0,1,1
NF-101623,2023-02-25,46.0,Male,Portland,United States,Plus,12,$54.00,Referral,26,1.98,7,0,2.23,Yes,6.0,1,0,0,0
NF-101053,2023-07-01,45.0,Male,Austin,United States,Basic,6,$34.00,Website,30,2.62,10,3,1.86,Yes,7.0,1,0,0,0
NF-101327,2021-01-24,43.0,Female,Denver,United States,Plus,6,$49.00,Referral,1,0.86,2,0,2.13,Yes,6.0,0,0,1,1
NF-100668,2021-10-12,44.0,M,Austin,United States,Plus,24,$49.00,Mobile App,9,0.88,3,0,8.31,No,6.0,1,0,0,0
NF-100509,2023-02-16,49.0,F ,Austin,United States,Plus,6,$49.00,Partner Promo,26,2.62,6,3,0.91,Yes,7.0,1,1,0,0
NF-102375,2021-01-06,34.0,male,Austin,United States,Plus,12,$49.00,Referral,1,1.71,5,0,1.97,Yes,8.0,1,0,0,1
NF-100247,2023-04-02,16.0,F,Austin,United States,Plus,1,$49.00,Referral,27,1.35,3,0,4.7,Yes,3.0,2,0,1,1
NF-100745,2023-03-08,35.0,F,Raleigh,United States,Basic,6,$29.00,Website,26,2.84,8,2,2.18,Yes,9.0,1,0,0,0
NF-100699,2022-08-23,47.0,MALE,Austin,United States,Plus,12,$49.00,Website,20,2.2,5,6,1.07,Yes,8.0,0,0,1,1
NF-100427,2022-12-08,37.0,F,Austin,United States,Basic,1,$29.00,Referral,23,0.82,3,0,6.42,No,5.0,1,0,1,1
NF-101584,2022-06-19,16.0,Female,Austin,United States,Plus,1,$49.00,Website,18,3.03,9,0,,No,,0,0,0,0
NF-100153,2021-05-18,35.0,Female,Denver,United States,Premium,12,$79.00,Website,5,2.18,6,5,2.31,Yes,6.0,2,1,0,0
NF-102139,2023-01-19,48.0,Prefer not to say,Raleigh,United States,Basic,6,$29.00,Website,25,2.06,10,0,0.56,No,7.0,1,0,1,1
NF-100359,2023-09-04,36.0, Male,Portland,United States,Premium,6,$79.00,Mobile App,32,4.42,13,0,4.0,No,8.0,0,1,0,0
NF-100010,2023-03-28,40.0,male,Columbus,United States,Plus,1,$45.00,Website,27,1.87,4,0,6.06,Yes,6.0,1,1,0,0
NF-101753,2022-10-07,27.0,Female,Columbus,United States,Basic,1,$25.00,Walk-in,21,0.97,4,1,1.21,Yes,6.0,1,0,1,1
NF-100825,2023-08-17,61.0,Female,Portland,United States,Plus,12,$45.00,Website,32,1.85,5,0,1.58,Yes,7.0,2,2,0,0
NF-101363,2023-01-22,32.0,Female,Raleigh,United States,Basic,1,$29.00,Website,25,1.71,6,2,2.33,Yes,7.0,0,0,0,0
NF-100807,2022-10-02,38.0,FEMALE,Denver,United States,Basic,6,$29.00,Walk-in,21,1.06,1,2,1.53,Yes,6.0,1,0,0,0
NF-100976,2022-09-28,33.0,F,Denver,United States,Basic,1,$29.00,Mobile App,21,1.59,6,0,5.58,No,6.0,0,0,0,0
NF-102531,2022-05-09,48.0,Male,Denver,United States,Basic,12,$25.00,Mobile App,16,1.42,5,0,1.29,No,6.0,1,1,0,0
NF-100340,2021-12-17,43.0, Male,Columbus,United States,Basic,1,$34.00,Website,12,2.88,10,0,4.41,No,6.0,0,0,0,0
NF-102816,2023-05-24,41.0,Female,Austin,United States,Premium,12,$79.00,Walk-in,29,4.52,15,1,5.77,Yes,7.0,0,1,0,0
NF-100829,2021-02-08,34.0,Female,Austin,United States,Premium,24,$75.00,Website,1,2.49,8,0,1.16,Yes,7.0,0,1,0,0
NF-102167,2022-07-08,56.0,F,Raleigh,United States,Basic,1,$25.00,Referral,18,1.75,5,0,6.38,No,6.0,0,0,1,1
NF-101475,2021-06-08,16.0,Male,Austin,United States,Plus,24,$49.00,Walk-in,5,2.58,8,0,1.93,No,7.0,0,0,0,0
NF-102119,2021-01-17,39.0,Male,Austin,United States,Plus,6,$45.00,Walk-in,1,1.47,3,0,2.59,Yes,2.0,1,0,1,1
NF-101931,2023-01-30,46.0,Male,Austin,United States,Premium,24,$84.00,Website,25,0.29,1,0,8.52,No,3.0,0,0,0,0
NF-100962,2021-03-12,46.0,male,Denver,United States,Basic,6,$29.00,Mobile App,2,1.08,6,1,3.27,Yes,2.0,1,0,1,1
NF-101257,2022-08-05,24.0,Male,Austin,United States,Basic,12,$34.00,Referral,19,3.62,12,0,1.21,Yes,8.0,0,0,0,0
NF-100843,2021-06-21,35.0,female,Portland,United States,Plus,12,$49.00,Mobile App,6,3.78,12,6,1.51,Yes,9.0,0,2,0,0
NF-102298,2021-10-21,24.0,Female,Columbus,United States,Plus,1,$54.00,Walk-in,10,1.75,5,0,3.71,Yes,,0,0,1,1
NF-100420,2021-05-19,,Female,Austin,United States,Basic,6,$29.00,Walk-in,5,3.37,10,0,1.17,Yes,9.0,0,3,0,0
NF-100498,2023-09-13,22.0,F,Austin,United States,Basic,1,$25.00,Walk-in,32,2.11,6,0,1.83,Yes,7.0,0,0,0,0
NF-100416,2023-01-21,33.0,F ,Columbus,United States,Premium,24,$75.00,Mobile App,25,1.39,3,0,1.77,No,8.0,1,0,0,0
NF-100620,2022-09-09,34.0,MALE,Austin,United States,Basic,1,$29.00,Website,20,1.82,5,0,2.39,No,6.0,2,0,0,0
NF-102182,2021-02-13,36.0,Male,Columbus,United States,Basic,1,$29.00,Walk-in,1,4.02,13,10,1.22,Yes,9.0,0,0,0,0
NF-102729,2021-06-17,33.0,MALE,Columbus,United States,Plus,6,$45.00,Mobile App,5,0.95,4,0,3.29,Yes,,2,0,0,0
NF-100360,2023-02-02,44.0,Female,Columbus,United States,Plus,6,$45.00,Walk-in,25,2.32,7,0,4.23,Yes,8.0,0,0,0,0
NF-101013,2021-10-04,59.0,Prefer not to say,Austin,United States,Premium,6,$75.00,Website,9,1.63,5,0,1.6,No,5.0,2,0,1,1
NF-100846,2022-10-15,34.0,M,Denver,United States,Premium,6,$79.00,Walk-in,21,0.9,3,1,2.88,No,5.0,0,0,0,0
NF-102065,2022-09-06,43.0,other,Raleigh,United States,Plus,12,$49.00,Mobile App,20,1.21,4,0,20.02,No,3.0,0,0,0,1
NF-102498,2021-01-16,25.0,Male,Denver,United States,Basic,1,$34.00,Walk-in,1,2.58,9,0,5.29,No,7.0,0,1,0,0
NF-102371,2023-02-09,22.0,Female,Columbus,United States,Plus,12,$49.00,Referral,25,2.36,8,6,1.81,No,8.0,0,0,0,0
NF-100468,2021-02-21,45.0,F,Denver,United States,Basic,6,$25.00,Walk-in,2,1.37,5,0,3.23,No,5.0,0,0,0,0
NF-102290,2022-03-13,24.0,M,Austin,United States,Premium,12,$79.00,Referral,14,1.97,6,0,2.6,Yes,,1,0,0,0
NF-100137,2022-08-18,49.0,Male,Raleigh,United States,Plus,1,$45.00,Walk-in,20,4.77,15,7,3.03,No,8.0,0,0,0,0
NF-102107,2022-05-02,36.0,Female,Portland,United States,Basic,6,$29.00,Website,16,0.61,2,3,4.61,No,4.0,0,0,1,1
NF-101465,2022-07-31,22.0,Female,Portland,United States,Basic,1,$25.00,Mobile App,19,3.63,13,19,3.53,No,8.0,0,3,0,0
NF-102297,2022-08-06,33.0,Female,Portland,United States,Basic,1,$29.00,Walk-in,19,1.68,5,3,6.7,No,7.0,0,0,0,0
NF-100840,2022-01-06,43.0,Male,Austin,United States,Basic,6,$34.00,Mobile App,12,0.69,4,0,1.68,No,4.0,2,0,1,1
NF-101490,2021-06-03,37.0,Female,Denver,United States,Basic,12,$29.00,Walk-in,5,3.04,10,3,1.18,No,8.0,0,0,0,0
NF-101746,2023-06-09,28.0,Female,Denver,United States,Plus,12,$45.00,Website,29,1.65,6,0,1.1,No,8.0,2,0,1,1
NF-101074,2021-01-05,27.0, Male,Denver,United States,Plus,6,$49.00,Website,1,2.48,8,0,4.59,No,6.0,0,1,0,0
NF-102380,2023-02-18,25.0,Male,Portland,United States,Plus,6,$54.00,Walk-in,26,0.79,1,0,1.48,No,3.0,0,0,0,0
NF-100691,2021-05-13,40.0,Male,Denver,United States,Plus,6,$49.00,Website,4,2.25,6,0,4.85,No,5.0,0,0,0,0
NF-102372,2021-01-19,29.0,female,Austin,United States,Basic,6,$34.00,Mobile App,1,0.85,4,0,2.07,Yes,2.0,2,0,0,0
NF-101290,2021-06-04,35.0,Female,Columbus,United States,Plus,6,$49.00,Mobile App,5,2.72,9,0,2.91,Yes,8.0,1,1,0,0
NF-102281,2021-01-21,33.0,Female,Columbus,United States,Plus,6,$49.00,Mobile App,1,2.66,10,0,1.46,Yes,8.0,0,0,0,0
NF-100224,2021-04-07,55.0,Female,Austin,United States,Basic,1,$34.00,Referral,3,2.55,6,0,5.86,No,7.0,0,0,1,1
NF-102690,2022-09-10,31.0,Female,Boise,United States,Basic,1,$34.00,Walk-in,20,1.72,5,4,12.05,Yes,5.0,0,2,0,0
NF-102402,2023-01-05,31.0,Male,Austin,United States,Plus,12,$45.00,Website,24,5.04,15,0,5.43,Yes,9.0,0,1,0,0
NF-102251,2021-09-25,31.0,Male,Portland,United States,Basic,6,$29.00,Referral,9,2.26,9,0,0.74,Yes,6.0,0,1,1,1
NF-101458,2021-03-04,57.0,Male,Denver,United States,Basic,12,$29.00,Website,2,1.51,6,0,4.43,Yes,5.0,0,0,0,0
NF-100995,2022-04-04,28.0,FEMALE,Portland,United States,Plus,12,$54.00,Mobile App,15,2.36,6,0,2.06,No,6.0,0,0,0,0
NF-101659,2021-01-24,30.0,Female,Austin,United States,Basic,12,$25.00,Website,1,2.81,10,3,0.63,No,5.0,1,0,0,0
NF-101941,2021-08-13,45.0,M,Austin,United States,Basic,1,$29.00,Mobile App,7,2.46,7,11,2.08,Yes,,0,0,0,0
NF-900000,2021-02-25,30.0,Male,Denver,United States,Basic,1,$25.00,Walk-in,3,2.32,6,0,6.71,Yes,7.0,0,0,1,1
NF-102078,2022-03-22,36.0,Male,Austin,United States,Plus,1,$49.00,Referral,15,2.81,9,6,2.22,No,6.0,0,0,0,0
NF-100080,2022-10-19,33.0,Female,Austin,United States,Basic,6,$29.00,Mobile App,22,3.16,11,0,0.55,No,,0,0,1,1
NF-101175,2021-01-08,22.0,M,Portland,United States,Premium,24,$84.00,Mobile App,1,2.24,7,4,9.97,No,6.0,0,0,0,0
NF-100033,2022-06-04,42.0,Female,Austin,United States,Premium,12,$79.00,Referral,17,3.55,12,21,3.18,No,8.0,0,0,0,0
NF-101355,2021-12-10,30.0,Female,Denver,United States,Plus,6,$49.00,Referral,11,1.62,4,0,10.33,No,4.0,0,0,0,0
NF-101063,2021-08-31,54.0,MALE,Denver,United States,Plus,6,$49.00,Mobile App,8,2.84,10,0,2.07,Yes,10.0,1,0,0,0
NF-101240,2023-07-13,32.0,Female,Denver,United States,Basic,1,$29.00,Referral,30,1.09,4,0,4.66,Yes,5.0,1,0,0,0
NF-102770,2022-04-19,28.0,Male,Raleigh,United States,Basic,6,$29.00,Mobile App,16,1.55,7,0,1.23,No,7.0,1,0,0,0
NF-101660,2023-06-25,44.0,Female,Portland,United States,Basic,1,$29.00,Website,30,1.39,2,10,8.37,Yes,4.0,2,0,0,1
NF-100999,2022-10-19,26.0,Male,Austin,United States,Plus,12,$45.00,Referral,22,2.82,8,8,1.2,No,7.0,0,1,0,0
NF-101913,2022-09-10,16.0,Female,Austin,United States,Premium,12,$79.00,Mobile App,20,1.42,3,0,2.71,Yes,4.0,0,0,1,1
NF-102803,2021-12-20,,Male,Austin,United States,Plus,12,$45.00,Referral,12,1.81,6,0,6.55,No,6.0,0,0,0,0
NF-100804,2021-02-08,28.0,Female,Austin,United States,Basic,1,$25.00,Website,1,1.1,4,0,6.08,Yes,5.0,0,0,1,1
NF-100134,2023-03-17,46.0,Female,Austin,United States,Plus,1,$49.00,Mobile App,26,2.14,6,2,3.08,No,7.0,0,0,0,0
NF-100324,2023-09-24,35.0,Male,Raleigh,United States,Plus,12,$54.00,Walk-in,33,2.16,8,0,1.66,Yes,5.0,0,0,0,0
NF-102649,2021-04-24,28.0,male,Austin,United States,Basic,12,$29.00,Walk-in,4,1.31,3,1,1.67,No,3.0,0,0,1,1
NF-100879,2022-06-04,28.0,F,Columbus,United States,Basic,1,$29.00,Website,17,1.33,4,0,1.76,Yes,4.0,0,0,1,1
NF-100913,2022-12-04,32.0,Female,Denver,United States,Premium,12,$75.00,Partner Promo,23,1.32,6,5,2.72,Yes,6.0,0,0,0,0
NF-101112,2021-01-19,50.0,Female,Portland,United States,Basic,1,$25.00,Walk-in,1,2.61,9,0,6.31,Yes,,1,1,0,0
NF-102611,2021-07-11,,Female,Austin,United States,Plus,12,$49.00,Mobile App,6,2.49,9,0,2.77,Yes,,0,0,1,1
NF-101407,2023-08-24,25.0,Female,Denver,United States,Basic,12,$25.00,Walk-in,32,1.05,2,0,0.74,No,5.0,0,0,0,0
NF-102991,2023-03-04,30.0,female,Austin,United States,Premium,24,$79.00,Mobile App,26,2.33,6,5,1.78,Yes,7.0,1,3,0,0
NF-101452,2023-03-13,53.0,Male,Columbus,United States,Plus,12,$49.00,Mobile App,26,1.69,7,8,3.8,Yes,,0,0,0,0
NF-102247,2023-04-18,37.0,Male,Denver,United States,Basic,6,$29.00,Mobile App,28,0.53,1,1,6.68,Yes,,3,0,1,1
NF-101543,2021-01-25,16.0,Female,Columbus,United States,Basic,6,$25.00,Mobile App,1,1.17,2,6,1.1,No,5.0,1,0,1,0
NF-101643,2023-02-15,24.0,Male,Denver,United States,Basic,12,$29.00,Referral,25,3.07,11,0,3.96,Yes,7.0,0,1,0,0
NF-101695,2021-01-03,41.0,Male,Portland,United States,Basic,6,$34.00,Referral,1,1.34,5,4,1.5,No,5.0,0,0,1,0
NF-102842,2021-03-15,23.0,M,Denver,United States,Plus,6,$49.00,Mobile App,2,1.62,7,0,3.25,Yes,8.0,0,0,0,0
NF-101345,2023-09-21,33.0,FEMALE,Austin,United States,Basic,6,$29.00,Website,33,1.35,6,0,1.02,No,,0,0,0,1
NF-100863,2022-11-24,29.0,Other,Columbus,United States,Basic,1,$34.00,Referral,23,4.05,12,0,12.18,Yes,10.0,0,0,0,0
NF-100023,2022-04-23,43.0,Male,Austin,United States,Plus,6,$49.00,Website,16,0.64,4,0,0.89,No,,0,0,0,0
NF-100148,2022-01-02,48.0,Prefer not to say,Portland,United States,Plus,12,$49.00,Walk-in,12,2.02,5,0,2.1,Yes,5.0,0,0,0,0
NF-101693,2023-08-14,26.0,M,Austin,United States,Plus,12,$49.00,Mobile App,31,1.83,5,0,2.63,Yes,6.0,1,0,0,0
NF-101942,2022-05-07,16.0,Female,Austin,United States,Plus,12,$54.00,Website,16,3.1,11,8,6.33,Yes,7.0,1,2,0,0
NF-102037,2023-05-19,30.0,female,Denver,United States,Premium,24,$79.00,Mobile App,29,1.95,7,0,4.29,Yes,6.0,0,0,0,0
NF-101415,2021-01-28,25.0,Male,Austin,United States,Plus,6,$49.00,Mobile App,1,2.27,10,0,9.06,Yes,7.0,1,0,1,1
NF-102195,2021-03-01,32.0,Male,Denver,United States,Basic,6,$29.00,Mobile App,2,1.96,7,0,0.92,Yes,7.0,0,1,0,0
NF-100930,2022-10-05,39.0,F,Columbus,United States,Premium,12,$79.00,Walk-in,21,2.35,8,0,1.79,No,7.0,0,0,0,0
NF-102171,2021-10-06,26.0,Female,Austin,United States,Premium,12,$79.00,Partner Promo,9,2.53,9,15,1.28,No,6.0,0,0,0,0
NF-100279,2023-03-25,43.0,Female,Austin,United States,Basic,6,$25.00,Mobile App,27,1.18,3,0,2.37,Yes,2.0,0,0,0,0
NF-102951,2022-10-03,34.0,female,Denver,United States,Plus,12,$49.00,Walk-in,21,2.16,6,6,3.64,Yes,6.0,1,1,0,0
NF-100076,2022-10-04,45.0,male,Portland,United States,Plus,1,$49.00,Referral,21,1.81,5,1,,Yes,5.0,2,0,1,1
NF-101357,2021-06-06,39.0,Male,Portland,United States,Basic,6,$29.00,Website,5,1.45,4,0,0.6,No,5.0,1,0,1,1
NF-102751,2022-07-31,40.0,M,Austin,United States,Plus,1,$49.00,Partner Promo,19,2.22,6,15,3.59,Yes,7.0,0,1,0,0
NF-101891,2021-09-26,44.0,Female,Austin,United States,Plus,12,$45.00,Mobile App,9,1.42,3,0,3.4,Yes,4.0,0,0,0,0
NF-102669,2023-02-06,39.0,Male,Columbus,United States,Basic,6,$34.00,Website,25,3.04,9,9,2.14,Yes,,3,1,0,0
NF-102133,2023-07-18,48.0,F,Portland,United States,Basic,6,$25.00,Mobile App,31,0.9,1,0,3.04,No,5.0,0,0,1,1
NF-101869,2021-08-26,36.0,female,Denver,United States,Basic,6,$29.00,Referral,8,0.74,1,2,13.99,Yes,5.0,1,1,1,1
NF-101779,2021-05-17,36.0,Male,Portland,United States,Basic,1,$29.00,Walk-in,4,1.97,6,2,3.12,Yes,9.0,0,0,1,1
NF-101813,2022-01-16,51.0,Other,Austin,United States,Plus,12,$49.00,Referral,12,3.89,12,3,3.35,Yes,8.0,1,1,0,0
NF-100546,2023-09-03,56.0,M,Portland,United States,Basic,1,$25.00,Referral,32,1.87,7,4,2.22,No,6.0,0,1,0,0
NF-102088,2021-12-15,40.0,Female,Columbus,United States,Premium,24,$75.00,Walk-in,11,3.06,10,0,2.01,Yes,9.0,0,1,0,0
NF-100500,2022-08-30,27.0,male,Austin,United States,Plus,1,$49.00,Website,20,2.45,8,1,3.23,No,7.0,0,0,0,0
NF-101853,2022-12-11,16.0,female,Portland,United States,Plus,12,$49.00,Walk-in,23,1.76,8,0,2.3,No,7.0,0,0,0,0
NF-102121,2023-06-11,,Female,Columbus,United States,Plus,24,$49.00,Mobile App,29,2.1,4,7,1.01,Yes,8.0,1,0,1,0
NF-100505,2022-01-03,42.0,F,Portland,United States,Basic,6,$25.00,Mobile App,12,0.77,3,0,2.89,Yes,,0,0,1,1
NF-102780,2021-01-16,16.0,Female,Portland,United States,Plus,12,$49.00,Mobile App,1,3.72,11,0,3.8,Yes,8.0,0,2,0,0
NF-102307,2022-11-20,42.0,F ,Columbus,United States,Plus,12,$49.00,Website,23,2.44,8,0,5.01,No,7.0,0,0,0,0
NF-102241,2023-04-26,47.0,FEMALE,Raleigh,United States,Plus,12,$49.00,Website,28,3.38,12,0,1.99,Yes,8.0,1,0,0,0
NF-102462,2023-08-02,47.0,Male,Denver,United States,Basic,1,$29.00,Referral,31,2.23,7,0,,No,8.0,0,2,1,1
NF-101784,2021-07-25,40.0,F,Columbus,United States,Basic,12,$29.00,Mobile App,7,1.39,5,0,1.29,No,6.0,0,0,0,0
NF-100957,2022-12-17,16.0,Female,Denver,United States,Basic,6,$29.00,Walk-in,24,1.66,7,4,1.16,Yes,6.0,1,0,0,0
NF-102426,2022-04-17,49.0,Female,Portland,United States,Premium,12,$75.00,Website,15,1.83,5,0,1.13,Yes,6.0,1,0,0,0
NF-100165,2023-07-27,22.0,M,Portland,United States,Plus,12,$49.00,Website,31,1.99,6,0,4.99,Yes,6.0,1,0,0,0
NF-101449,2021-11-10,41.0,Female,Denver,United States,Premium,12,$79.00,Referral,10,1.67,7,1,2.05,No,8.0,1,1,0,0
NF-100201,2022-07-19,45.0,Female,Columbus,United States,Basic,6,$29.00,Website,19,1.32,4,0,17.5,Yes,7.0,1,1,0,0
NF-101843,2022-07-31,41.0,Female,Austin,United States,Plus,24,$49.00,Website,19,1.01,4,0,2.46,Yes,7.0,2,0,1,1
NF-100238,2022-04-07,16.0,Male,Portland,United States,Plus,12,$49.00,Website,15,1.67,7,1,2.95,Yes,6.0,1,0,0,0
NF-101050,2022-09-28,30.0,Female,Denver,United States,Basic,6,$29.00,Website,21,1.26,3,2,,Yes,7.0,0,0,0,0
NF-100985,2021-06-16,42.0,Male,Raleigh,United States,Basic,6,$29.00,Walk-in,5,3.15,9,0,3.78,Yes,7.0,0,0,0,0
NF-100552,2023-04-04,46.0,Female,Denver,United States,Basic,1,$25.00,Website,27,4.14,13,13,9.24,Yes,9.0,0,0,0,0
NF-102450,2023-05-19,48.0,Female,Columbus,United States,Premium,12,$79.00,Mobile App,29,2.34,6,9,2.71,Yes,7.0,1,1,1,1
NF-102633,2022-07-02,38.0,Male,Austin,United States,Basic,1,$29.00,Website,18,0.75,3,3,1.04,Yes,4.0,3,0,0,0
NF-102411,2022-05-08,31.0,female,Denver,United States,Basic,12,$29.00,Mobile App,16,3.13,11,4,1.15,No,8.0,0,2,0,0
NF-102033,2023-06-16,46.0,Male,Denver,United States,Plus,6,$54.00,Website,29,2.96,11,0,3.72,No,7.0,1,0,0,0
NF-100989,2023-03-12,35.0,Female,Austin,United States,Plus,6,$54.00,Mobile App,26,1.37,5,1,3.74,No,6.0,1,0,0,0
NF-102938,2023-08-28,21.0,Female,Columbus,United States,Plus,12,$54.00,Walk-in,32,1.59,4,1,8.41,No,6.0,-1,0,0,0
NF-101195,2022-07-08,30.0,Male,Austin,United States,Basic,6,$29.00,Website,18,1.81,4,9,0.61,Yes,7.0,0,2,0,0
NF-101280,2022-08-09,20.0,male,Columbus,United States,Basic,12,$25.00,Website,19,1.27,3,0,,Yes,5.0,0,0,0,0
NF-101399,2023-09-14,45.0,F,Denver,United States,Plus,24,$49.00,Walk-in,32,2.72,8,0,2.77,Yes,7.0,0,1,0,0
NF-100623,2022-04-07,52.0,Female,Austin,United States,Plus,12,$49.00,Website,15,2.83,10,2,1.39,Yes,7.0,0,1,0,0
NF-100048,2022-09-04,45.0,Female,Denver,United States,Basic,6,$25.00,Website,20,1.3,2,17,2.3,Yes,6.0,0,0,0,0
NF-101835,2021-02-28,,Female,Austin,United States,Plus,1,$49.00,Referral,2,1.59,5,0,3.2,Yes,,0,0,1,1
NF-102491,2021-06-16,16.0,Female,Austin,United States,Plus,12,$49.00,Mobile App,5,1.7,6,0,0.91,Yes,8.0,0,0,1,0
NF-102474,2023-01-28,43.0,Female,Raleigh,United States,Plus,12,$45.00,Website,25,1.57,6,0,0.68,Yes,6.0,2,0,0,0
NF-102859,2021-07-27,21.0,M,Austin,United States,Plus,6,$49.00,Website,7,1.16,6,2,2.93,Yes,5.0,1,0,0,0
NF-102733,2022-04-15,16.0,Female,Austin,United States,Basic,1,$29.00,Mobile App,15,2.05,5,0,8.67,Yes,6.0,1,0,1,1
NF-102601,2023-03-05,16.0,female,Raleigh,United States,Plus,6,$49.00,Mobile App,26,2.25,7,0,4.28,Yes,8.0,0,1,0,0
NF-100114,2022-04-20,39.0,F,Austin,United States,Basic,12,$34.00,Website,16,0.8,3,0,1.31,Yes,6.0,0,0,0,1
NF-102730,2022-05-22,48.0,MALE,Austin,United States,Basic,1,$29.00,Website,17,2.86,8,0,7.49,Yes,8.0,0,0,0,0
NF-101378,2022-01-08,33.0,Female,Austin,United States,Basic,12,$29.00,Mobile App,12,18.9,6,4,0.94,No,6.0,0,1,0,0
NF-100790,2023-03-05,35.0,FEMALE,Austin,United States,Premium,6,$79.00,Website,26,2.76,9,7,2.89,No,,1,0,1,1
NF-102904,2021-08-02,32.0,Male,Raleigh,United States,Premium,24,$75.00,Website,7,2.14,7,0,1.31,Yes,6.0,0,0,0,0
NF-900001,2021-11-30,39.0,Male,Denver,United States,Plus,12,$49.00,Website,12,2.34,9,0,4.44,Yes,7.0,1,0,0,0
NF-100896,2022-09-09,54.0,F,Portland,United States,Premium,12,$84.00,Website,20,4.26,13,0,4.27,Yes,10.0,0,2,0,0
NF-101096,2022-02-02,48.0,Female,Portland,United States,Premium,12,$79.00,Mobile App,13,1.39,4,0,4.97,Yes,6.0,0,0,0,0
NF-102354,2021-11-15,40.0,MALE,Raleigh,United States,Basic,12,$34.00,Mobile App,10,2.16,7,0,3.15,No,7.0,1,0,1,1
NF-101193,2021-08-05,35.0,M,Austin,United States,Plus,12,$49.00,Referral,7,1.4,5,0,1.07,No,7.0,0,0,0,0
NF-100220,2021-12-02,28.0,Male,Austin,United States,Premium,24,$79.00,Mobile App,11,2.09,6,2,4.51,Yes,5.0,1,0,0,0
NF-100514,2023-07-05,45.0,Male,Austin,United States,Basic,1,$29.00,Website,30,2.26,7,0,0.68,No,7.0,0,0,1,1
NF-100150,2021-04-11,24.0,M,Denver,United States,Basic,6,$34.00,Referral,3,4.26,12,11,0.79,Yes,,0,1,0,0
NF-101431,2022-11-30,28.0,FEMALE,Denver,United States,Plus,12,$49.00,Referral,23,2.43,8,0,5.5,Yes,5.0,0,0,1,0
NF-100715,2022-06-30,34.0,M,Raleigh,United States,Basic,1,$29.00,Walk-in,18,2.3,7,0,1.85,Yes,8.0,0,0,0,0
NF-101483,2023-02-17,28.0,Female,Denver,United States,Premium,12,$79.00,Referral,26,3.37,13,0,2.34,Yes,,0,2,0,0
NF-102845,2021-10-02,48.0,Male,Columbus,United States,Plus,12,$49.00,Referral,9,4.5,13,16,1.14,No,8.0,0,1,0,0
NF-101128,2023-09-23,25.0,Other,Denver,United States,Plus,12,$49.00,Referral,33,1.93,6,0,3.72,No,,1,0,0,0
NF-102027,2022-10-21,32.0,Male,Portland,United States,Basic,12,$25.00,Walk-in,22,2.21,6,0,2.85,Yes,8.0,0,1,0,0
NF-101826,2023-01-03,22.0,F,Portland,United States,Basic,1,$29.00,Walk-in,24,0.81,2,0,12.53,No,6.0,0,0,0,0
NF-101095,2023-01-16,47.0,Female,Portland,United States,Basic,1,$29.00,Mobile App,25,1.15,1,0,2.26,No,8.0,0,0,0,0
NF-100953,2023-09-25,29.0,Male,Columbus,United States,Plus,1,$49.00,Website,33,2.47,7,0,3.02,Yes,,1,0,1,1
NF-101635,2021-02-04,16.0,F,Denver,United States,Plus,6,$49.00,Website,1,1.4,5,3,0.43,Yes,7.0,1,0,0,0
NF-100862,2022-12-05,56.0,Male,Raleigh,United States,Basic,1,$29.00,Referral,23,2.52,8,4,1.27,Yes,7.0,0,0,0,0
NF-102858,2021-01-29,46.0,Male,Portland,United States,Basic,1,$25.00,Website,1,2.81,8,0,3.5,No,6.0,0,0,0,0
NF-101971,2021-09-12,34.0,male,Portland,United States,Basic,1,$29.00,Referral,8,1.85,5,3,6.29,No,6.0,1,1,1,1
NF-102890,2021-06-16,42.0,Female,Denver,United States,Basic,6,$25.00,Website,5,1.69,6,0,4.19,No,7.0,2,0,0,0
NF-102413,2022-02-26,45.0,Female,Austin,United States,Plus,12,$54.00,Walk-in,14,1.04,4,5,1.22,Yes,,0,1,1,1
NF-101897,2022-06-06,34.0,F ,Portland,United States,Basic,12,$29.00,Mobile App,17,3.52,12,1,8.74,Yes,7.0,0,1,0,0
NF-100188,2022-05-03,38.0,Female,Columbus,United States,Plus,24,$49.00,Mobile App,16,1.66,4,0,4.24,Yes,6.0,1,0,1,1
NF-101785,2023-07-03,50.0,F,Austin,United States,Plus,6,$45.00,Referral,30,1.25,5,0,2.46,Yes,5.0,0,0,1,1
NF-100923,2021-07-17,19.0,Other,Portland,United States,Basic,12,$29.00,Walk-in,6,1.53,5,0,4.53,Yes,5.0,1,1,0,0
NF-101670,2022-06-29,31.0,Female,Columbus,United States,Plus,12,$49.00,Mobile App,18,1.35,4,0,7.27,Yes,6.0,0,1,0,0
NF-102934,2022-06-03,27.0,Female,Austin,United States,Plus,12,$45.00,Mobile App,17,2.75,9,0,1.05,Yes,6.0,0,0,0,0
NF-101852,2022-11-04,35.0,Male,Austin,United States,Plus,6,$49.00,Website,22,1.72,4,0,4.31,Yes,6.0,0,0,1,1
NF-102757,2023-09-08,30.0,Male,Austin,United States,Basic,12,$29.00,Website,32,1.76,6,0,9.65,Yes,8.0,1,0,0,1
NF-101054,2021-01-13,44.0,M,Austin,United States,Premium,12,$84.00,Walk-in,1,1.08,3,0,1.53,Yes,,0,0,0,0
NF-102731,2021-08-19,55.0,Female,Denver,United States,Basic,1,$34.00,Website,8,1.79,3,1,2.68,No,,0,0,1,1
NF-101657,2023-03-02,55.0,male,Boise,United States,Basic,12,$29.00,Walk-in,26,2.05,7,0,1.91,No,4.0,0,0,0,0
NF-102843,2022-11-24,61.0,Female,Portland,United States,Premium,12,$79.00,Website,23,1.53,5,0,2.43,Yes,6.0,0,0,0,0
NF-102008,2022-12-26,28.0,Male,Austin,United States,Basic,1,$34.00,Mobile App,24,1.05,5,0,2.98,Yes,5.0,1,0,0,1
NF-100268,2022-04-12,30.0,female,Portland,United States,Basic,1,$29.00,Referral,15,2.1,9,11,0.95,No,6.0,0,0,0,0
NF-100308,2021-03-17,38.0,Male,Boise,United States,Plus,1,$54.00,Walk-in,2,1.37,3,0,,No,6.0,1,0,0,0
NF-102076,2022-06-04,27.0,Female,Austin,United States,Basic,1,$29.00,Walk-in,17,0.93,4,0,1.57,Yes,4.0,0,1,1,1
NF-101992,2022-03-15,40.0,Male,Portland,United States,Premium,12,$79.00,Mobile App,14,1.38,2,0,3.52,No,6.0,0,0,1,1
NF-102781,2021-12-12,42.0,Male,Austin,United States,Plus,1,$49.00,Walk-in,11,2.64,9,1,2.83,No,8.0,0,0,0,0
NF-101242,2023-05-02,43.0,Male,Columbus,United States,Basic,12,$29.00,Website,28,1.01,6,5,1.64,Yes,6.0,1,0,0,0
NF-101647,2022-09-15,17.0,Female,Austin,United States,Premium,24,$79.00,Website,20,0.82,3,4,2.95,No,6.0,0,0,0,0
NF-101957,2023-05-30,35.0,female,Raleigh,United States,Premium,6,$75.00,Mobile App,29,2.5,10,1,5.6,Yes,,1,1,0,0
NF-101975,2021-09-19,18.0,MALE,Boise,United States,Basic,1,$29.00,Walk-in,9,1.31,4,0,1.52,Yes,7.0,0,0,0,0
NF-101090,2021-11-16,29.0,Male,Denver,United States,Basic,6,$34.00,Website,10,4.12,13,0,0.98,Yes,10.0,1,1,0,0
NF-100821,2022-01-02,36.0,Male,Austin,United States,Basic,6,$34.00,Referral,12,3.05,10,0,2.32,Yes,8.0,0,1,0,0
NF-102944,2021-10-29,25.0,Male,Denver,United States,Basic,12,$34.00,Website,10,2.36,9,4,4.72,No,4.0,0,0,0,0
NF-100107,2022-03-19,,Female,Portland,United States,Premium,12,$79.00,Referral,15,1.16,3,2,1.7,No,,0,1,0,1
NF-102376,2021-12-23,33.0,F,Columbus,United States,Basic,6,$25.00,Mobile App,12,1.75,5,0,1.25,No,4.0,1,0,1,1
NF-102987,2021-08-30,46.0,Male,Columbus,United States,Basic,6,$29.00,Website,8,3.85,12,0,14.77,Yes,7.0,0,2,0,0
NF-101413,2021-11-30,16.0,male,Austin,United States,Premium,24,$84.00,Website,11,2.08,6,0,4.77,Yes,5.0,1,1,0,0
NF-101256,2022-03-14,37.0,Female,Portland,United States,Basic,1,$29.00,Walk-in,14,1.41,6,0,,Yes,6.0,1,0,1,1
NF-102318,2021-02-24,42.0,F,Boise,United States,Plus,1,$49.00,Referral,2,1.47,5,0,2.31,No,5.0,1,0,0,0
NF-101364,2021-05-17,45.0,female,Denver,United States,Premium,12,$79.00,Referral,4,1.3,4,0,1.55,Yes,,0,0,0,0
NF-102632,2021-04-26,46.0,Male,Raleigh,United States,Basic,6,$25.00,Website,4,1.77,6,7,7.6,No,5.0,2,1,0,0
NF-100457,2022-03-19,42.0,FEMALE,Portland,United States,Basic,12,$29.00,Walk-in,15,1.33,5,0,2.79,Yes,5.0,1,0,0,0
NF-101275,2022-11-09,49.0,Female,Austin,United States,Plus,12,$49.00,Mobile App,22,0.47,1,0,8.73,No,4.0,1,0,1,1
NF-100758,2021-12-24,36.0,M,Austin,United States,Plus,1,$45.00,Referral,12,2.07,9,4,3.38,Yes,7.0,0,0,0,0
NF-100706,2023-03-04,47.0,Female,Columbus,United States,Basic,1,$29.00,Website,26,0.91,4,1,11.58,Yes,,0,0,1,1
NF-102773,2022-01-11,44.0,Female,Portland,United States,Plus,12,$54.00,Website,12,1.22,5,8,3.36,No,7.0,1,0,0,0
NF-102422,2022-04-03,31.0,Male,Austin,United States,Premium,12,$79.00,Referral,15,4.01,13,0,3.06,No,9.0,0,0,0,0
NF-101294,2022-01-06,27.0,F,Raleigh,United States,Basic,1,$34.00,Mobile App,12,2.86,9,0,1.45,Yes,9.0,0,0,0,0
NF-100092,2022-07-10,23.0,MALE,Denver,United States,Plus,12,$54.00,Walk-in,18,1.96,7,0,0.41,Yes,8.0,0,1,0,0
NF-100816,2021-09-04,54.0, Male,Portland,United States,Plus,12,$49.00,Mobile App,8,1.75,6,0,1.91,Yes,6.0,1,0,1,1
NF-102902,2021-03-13,51.0,M,Austin,United States,Basic,12,$29.00,Website,2,1.11,3,1,1.07,No,4.0,0,0,0,0
NF-100855,2021-06-29,24.0,Female,Portland,United States,Plus,12,$49.00,Walk-in,6,1.66,5,0,1.9,Yes,6.0,0,0,1,1
NF-100869,2022-08-16,37.0,Male,Denver,United States,Plus,6,$54.00,Mobile App,19,1.35,4,0,4.29,No,1.0,0,0,0,0
NF-101025,2023-02-23,27.0,M,Austin,United States,Plus,6,$54.00,Website,26,1.1,3,3,8.01,Yes,5.0,0,0,0,0
NF-100142,2021-02-27,53.0,Female,Raleigh,United States,Plus,6,$49.00,Mobile App,2,2.79,10,0,3.44,No,6.0,2,1,0,0
NF-102500,2022-06-16,37.0,Male,Austin,United States,Basic,12,$34.00,Mobile App,17,1.73,4,2,1.22,No,6.0,0,0,0,0
NF-101482,2022-11-04,32.0,Male,Portland,United States,Premium,12,$79.00,Walk-in,22,2.2,7,0,5.36,Yes,8.0,1,1,0,0
NF-101473,2021-09-08,,Male,Denver,United States,Basic,12,$29.00,Referral,8,1.88,5,0,4.06,Yes,6.0,1,0,0,0
NF-100162,2022-08-19,27.0,Male,Portland,United States,Basic,6,$29.00,Mobile App,20,1.63,5,0,3.71,Yes,5.0,0,1,0,0
NF-102370,2022-10-12,48.0,male,Columbus,United States,Plus,1,$49.00,Mobile App,21,0.95,4,4,2.35,Yes,8.0,1,0,0,0
NF-100861,2023-04-19,60.0,Female,Austin,United States,Plus,1,$54.00,Walk-in,28,1.88,4,0,1.18,No,5.0,1,0,1,1
NF-102433,2023-03-19,37.0,Male,Austin,United States,Plus,12,$49.00,Website,27,2.94,10,0,1.32,Yes,8.0,0,0,0,0
NF-100616,2023-09-15,40.0,Other,Portland,United States,Plus,6,$49.00,Website,32,2.83,10,2,5.09,Yes,6.0,0,0,1,1
NF-101721,2022-06-29,35.0,Female,Denver,United States,Basic,1,$29.00,Walk-in,18,2.02,8,0,5.08,No,3.0,1,0,0,0
NF-101427,2023-04-01,,M,Columbus,United States,Basic,12,$29.00,Referral,27,2.13,4,11,1.22,Yes,7.0,0,0,1,1
NF-102159,2022-01-19,29.0,F,Austin,United States,Basic,1,$29.00,Website,13,0.75,2,0,14.89,Yes,3.0,1,0,1,1
NF-101450,2023-03-31,48.0,Male,Austin,United States,Basic,1,$29.00,Mobile App,27,2.22,6,0,3.31,Yes,8.0,1,0,1,1
NF-102415,2021-05-12,40.0,Male,Columbus,United States,Plus,1,$49.00,Mobile App,4,3.17,9,16,1.1,Yes,9.0,2,1,0,0
NF-102141,2022-11-13,52.0,Female,Portland,United States,Premium,12,$84.00,Partner Promo,22,1.4,5,0,4.24,No,5.0,0,0,0,0
NF-100570,2021-09-12,40.0,male,Denver,United States,Basic,12,$29.00,Website,8,1.67,6,0,2.06,No,6.0,1,0,0,0
NF-100710,2021-04-10,43.0,Male,Raleigh,United States,Premium,12,$84.00,Mobile App,3,3.26,9,0,5.61,Yes,8.0,2,1,0,0
NF-102828,2021-05-03,30.0,Male,Austin,United States,Basic,1,$29.00,Mobile App,4,1.07,4,7,0.39,No,7.0,0,0,1,1
NF-100931,2022-06-30,41.0,F,Austin,United States,Basic,1,$34.00,Website,18,1.04,4,0,3.58,Yes,3.0,2,0,1,1
NF-100327,2021-04-29,30.0,male,Raleigh,United States,Plus,12,$45.00,Mobile App,4,2.23,7,0,1.84,No,6.0,0,1,0,0
NF-102957,2022-02-27,27.0,Male,Denver,United States,Premium,12,$75.00,Website,14,1.95,6,0,3.19,No,6.0,0,1,1,1
NF-100579,2022-06-17,47.0,Male,Denver,United States,Premium,12,$79.00,Referral,18,2.22,8,2,1.45,No,5.0,1,0,0,0
NF-101401,2022-11-15,31.0,Female,Portland,United States,Basic,1,$29.00,Website,22,1.25,4,3,,Yes,5.0,0,0,0,0
NF-101578,2022-11-04,32.0,Female,Austin,United States,Plus,12,$54.00,Mobile App,22,2.56,8,0,0.87,No,5.0,0,1,0,0
NF-100857,2023-06-22,47.0,M,Denver,United States,Basic,12,$25.00,Referral,30,1.99,7,1,1.41,Yes,8.0,0,0,0,0
NF-101533,2022-12-23,46.0,Female,Denver,United States,Plus,6,$54.00,Website,24,0.74,2,0,2.3,Yes,4.0,1,0,1,1
NF-100925,2023-06-14,39.0,FEMALE,Denver,United States,Basic,6,$29.00,Website,29,1.48,4,5,8.15,Yes,5.0,1,0,0,0
NF-102758,2023-05-01,44.0,FEMALE,Raleigh,United States,Basic,1,$29.00,Mobile App,28,1.27,3,0,1.26,Yes,5.0,1,0,0,0
NF-101001,2021-11-10,28.0,Male,Denver,United States,Basic,1,$29.00,Website,10,1.44,4,0,0.51,Yes,7.0,0,0,0,0
NF-100951,2022-02-10,43.0,Female,Portland,United States,Premium,12,$84.00,Website,13,3.44,11,0,3.37,Yes,8.0,0,1,0,0
NF-102581,2021-02-23,46.0,Male,Austin,United States,Basic,6,$29.00,Website,2,2.45,7,2,1.78,Yes,7.0,0,1,0,0
NF-100244,2022-11-03,42.0,Female,Austin,United States,Basic,12,$29.00,Walk-in,22,1.76,4,2,2.39,Yes,6.0,1,0,0,0
NF-100321,2021-08-14,31.0,Male,Denver,United States,Basic,12,$29.00,Partner Promo,7,0.76,3,0,5.67,No,7.0,1,0,0,0
NF-100787,2023-04-02,41.0,Male,Austin,United States,Plus,1,$45.00,Referral,27,2.51,7,1,1.08,Yes,8.0,1,0,0,0
NF-100854,2022-03-30,24.0,M,Portland,United States,Basic,1,$29.00,Mobile App,15,1.14,4,0,1.68,Yes,6.0,0,0,0,0
NF-102550,2022-06-24,41.0,Female,Raleigh,United States,Basic,1,$25.00,Walk-in,18,2.36,7,0,6.71,Yes,6.0,1,0,1,1
NF-102813,2021-03-05,28.0,Female,Portland,United States,Basic,6,$34.00,Mobile App,2,3.27,9,0,8.91,Yes,7.0,0,1,0,0
NF-101131,2022-05-20,28.0,Female,Austin,United States,Basic,1,$29.00,Mobile App,17,1.5,6,0,,No,6.0,0,0,1,1
NF-101451,2022-10-29,30.0,MALE,Austin,United States,Basic,12,$29.00,Website,22,1.92,7,0,5.3,No,7.0,0,0,0,0
NF-102922,2021-03-09,54.0,Male,Portland,United States,Plus,12,$49.00,Walk-in,2,1.23,3,3,2.3,Yes,6.0,0,0,0,0
NF-102441,2023-07-28,32.0,Male,Denver,United States,Plus,6,$54.00,Website,31,1.32,3,12,3.61,No,7.0,1,0,0,0
NF-102676,2022-12-31,23.0,Female,Raleigh,United States,Plus,6,$54.00,Website,24,1.12,3,0,3.02,No,5.0,0,0,0,0
NF-101124,2021-06-05,27.0,Other,Portland,United States,Basic,1,$29.00,Website,5,1.56,5,0,1.31,Yes,6.0,1,0,1,1
NF-100881,2022-07-04,50.0,M,Austin,United States,Basic,12,$29.00,Referral,18,1.01,3,0,10.84,Yes,6.0,0,0,0,0
NF-102913,2021-07-22,63.0,Male,Denver,United States,Plus,6,$49.00,Website,7,1.34,5,0,3.1,No,2.0,0,0,1,1
NF-101211,2023-06-13,29.0,Female,Denver,United States,Plus,12,$45.00,Website,29,2.37,8,0,2.82,Yes,7.0,0,0,0,0
NF-101631,2021-02-15,37.0,Male,Denver,United States,Basic,6,$29.00,Website,1,1.74,4,3,3.93,Yes,6.0,0,0,1,1
NF-102711,2021-03-22,25.0,Male,Portland,United States,Plus,12,$49.00,Partner Promo,3,1.67,5,0,2.97,Yes,7.0,0,0,0,0
NF-101030,2021-06-20,16.0,Male,Denver,United States,Plus,24,$49.00,Website,6,1.51,4,0,1.28,Yes,7.0,0,2,0,0
NF-102499,2023-03-25,53.0,F,Denver,United States,Basic,1,$29.00,Website,27,1.4,4,1,1.13,Yes,5.0,1,0,0,0
NF-100884,2022-02-01,48.0,female,Austin,United States,Basic,1,$29.00,Mobile App,13,1.07,1,0,1.36,No,,1,0,1,1
NF-101318,2023-08-03,52.0,Female,Austin,United States,Premium,12,$79.00,Website,31,1.11,2,0,5.01,No,5.0,1,0,1,1
NF-102384,2021-08-02,18.0,Male,Columbus,United States,Plus,12,$49.00,Walk-in,7,1.0,2,0,6.18,Yes,6.0,1,0,1,1
NF-100519,2022-07-01,42.0,M,Austin,United States,Premium,12,$84.00,Referral,18,2.6,10,0,3.02,Yes,7.0,1,0,1,1
NF-100056,2023-02-08,61.0,M,Austin,United States,Plus,24,$49.00, ,25,1.06,6,3,2.01,Yes,6.0,2,0,0,0
NF-101151,2023-06-30,16.0,Female,Denver,United States,Premium,24,$79.00,Website,30,2.24,7,0,1.49,No,6.0,0,1,0,0
NF-100844,2021-05-13,38.0,Female,Raleigh,United States,Basic,1,$29.00,Walk-in,4,2.49,9,0,1.5,Yes,6.0,2,0,0,0
NF-102103,2021-03-09,54.0,Female,Portland,United States,Premium,12,$79.00,Referral,2,1.26,3,0,4.89,Yes,3.0,1,0,1,1
NF-102264,2023-02-08,28.0,Female,Austin,United States,Plus,1,$49.00,Mobile App,25,2.43,8,0,3.14,No,5.0,2,0,1,1
NF-100771,2021-10-31,22.0,Female,Austin,United States,Basic,1,$29.00,Website,10,1.24,3,1,2.21,No,6.0,1,0,0,0
NF-100255,2022-03-05,45.0,M,Raleigh,United States,Premium,24,$75.00,Mobile App,14,1.7,7,0,3.41,Yes,4.0,0,0,0,0
NF-101353,2021-04-24,31.0,F,Austin,United States,Basic,1,$29.00,Mobile App,4,1.56,5,0,6.41,Yes,5.0,1,0,1,1
NF-100235,2023-03-20,40.0,F,Raleigh,United States,Plus,12,$45.00,Walk-in,27,2.08,5,3,5.57,No,6.0,0,0,0,0
NF-102871,2021-02-09,34.0,Female,Portland,United States,Premium,12,$75.00,Mobile App,1,2.86,8,0,0.98,Yes,8.0,1,0,0,1
NF-102239,2021-06-06,35.0,F,Denver,United States,Premium,12,$79.00,Website,5,2.88,8,0,2.24,No,8.0,1,2,0,0
NF-102695,2023-09-02,27.0,Female,Denver,United States,Premium,6,$84.00,Mobile App,32,1.92,7,1,7.17,Yes,5.0,0,0,1,1
NF-100343,2022-05-15,16.0,Male,Denver,United States,Plus,1,$49.00,Walk-in,16,1.99,6,0,1.2,Yes,7.0,0,0,0,0
NF-100338,2021-09-07,16.0,F,Columbus,United States,Plus,12,$49.00,Website,8,1.95,7,0,2.77,Yes,,1,0,1,1
NF-100696,2021-12-21,44.0,M,Raleigh,United States,Basic,1,$29.00,Walk-in,12,3.72,10,0,1.78,Yes,9.0,0,1,0,0
NF-100990,2022-07-14,52.0,Male,Denver,United States,Premium,12,$79.00,Mobile App,18,2.25,7,1,1.32,Yes,6.0,0,0,0,0
NF-101428,2021-04-28,43.0,Male,Denver,United States,Plus,12,$49.00,Mobile App,4,2.94,10,0,13.43,Yes,7.0,0,0,0,0
NF-101986,2022-06-29,32.0,Female,Portland,United States,Basic,6,$29.00, ,18,0.79,4,0,4.61,No,2.0,0,0,1,1
NF-102173,2021-03-29,34.0,Female,Columbus,United States,Premium,12,$79.00,Website,3,1.97,7,0,1.01,Yes,5.0,2,2,0,0
NF-100315,2023-07-16,,Male,Austin,United States,Basic,6,$34.00,Partner Promo,30,2.21,8,0,2.04,Yes,7.0,0,0,0,0
NF-102847,2023-02-21,41.0,Male,Austin,United States,Premium,12,$79.00,Mobile App,26,1.65,5,7,12.04,Yes,5.0,2,1,0,0
NF-101144,2023-05-19,50.0,male,Denver,United States,Plus,6,$49.00,Mobile App,29,4.28,11,0,3.13,Yes,9.0,0,0,0,0
NF-101325,2022-01-17,39.0, Male,Denver,United States,Basic,1,$29.00,Mobile App,13,4.17,12,4,1.46,Yes,8.0,0,1,0,0
NF-100207,2022-06-09,24.0,Male,Boise,United States,Basic,1,$29.00,Referral,17,1.47,4,0,1.71,No,5.0,2,0,1,1
NF-101442,2021-07-03,37.0,F ,Denver,United States,Plus,12,$49.00,Website,6,2.48,7,0,1.15,Yes,9.0,0,0,0,0
NF-102933,2023-03-25,44.0,F,Austin,United States,Plus,6,$45.00,Mobile App,27,2.33,5,0,5.41,Yes,8.0,0,1,0,0
NF-101066,2023-05-15,36.0,Female,Denver,United States,Premium,24,$84.00,Website,28,4.02,12,11,1.98,Yes,,1,2,0,0
NF-100593,2022-09-15,19.0,Male,Austin,United States,Basic,1,$29.00,Walk-in,20,3.92,11,0,2.63,Yes,6.0,1,1,0,0
NF-101651,2023-01-04,37.0,Female,Portland,United States,Plus,12,$54.00,Website,24,2.8,8,0,,No,8.0,0,1,0,0
NF-100656,2022-07-11,34.0,Male,Portland,United States,Basic,6,$25.00,Mobile App,18,2.46,9,11,4.68,No,7.0,0,1,0,0
NF-101381,2022-01-09,35.0,Female,Denver,United States,Basic,1,$29.00,Mobile App,12,2.04,5,13,,Yes,7.0,1,0,0,0
NF-101034,2021-04-09,53.0,male,Austin,United States,Basic,1,$29.00,Website,3,0.78,2,0,8.39,No,5.0,0,0,1,1
NF-101553,2023-07-27,27.0,Female,Portland,United States,Premium,24,$79.00,Walk-in,31,3.02,9,0,1.96,Yes,6.0,1,1,0,0
NF-101111,2021-04-13,36.0,MALE,Austin,United States,Premium,12,$75.00,Mobile App,3,1.16,3,0,3.27,No,5.0,0,0,1,1
NF-102399,2023-06-16,34.0,Male,Portland,United States,Basic,1,$29.00,Website,29,1.09,2,3,4.85,Yes,5.0,3,0,1,1
NF-102052,2021-03-02,28.0,M,Denver,United States,Basic,1,$25.00,Website,2,1.62,5,1,1.1,Yes,,0,0,1,1
NF-102143,2021-10-19,30.0,Male,Austin,United States,Premium,24,$75.00,Mobile App,10,1.28,3,3,1.24,Yes,6.0,3,0,0,0
NF-100905,2021-09-19,45.0,Male,Austin,United States,Plus,6,$45.00,Walk-in,9,1.59,4,3,7.53,Yes,,2,0,0,1
NF-100796,2021-03-31,51.0,Male,Columbus,United States,Plus,6,$49.00,Referral,3,1.69,6,0,8.12,Yes,6.0,1,0,0,0
NF-102803,2021-12-20,,Male,Austin,United States,Plus,12,$45.00,Referral,12,1.81,6,0,6.55,No,6.0,0,0,0,0
NF-100178,2022-08-17,52.0,Male,Denver,United States,Basic,1,$34.00,Website,20,0.72,2,0,2.0,Yes,,0,0,1,1
NF-101006,2021-07-24,41.0,male,Denver,United States,Basic,6,$29.00,Walk-in,7,1.91,7,0,4.6,Yes,5.0,0,0,1,1
NF-100535,2021-09-18,20.0,male,Denver,United States,Plus,1,$54.00,Website,9,3.17,11,0,5.03,Yes,6.0,0,0,0,0
NF-101443,2022-05-22,32.0,F,Denver,United States,Basic,1,$29.00,Website,17,1.71,5,5,4.4,No,,5,0,1,1
NF-100608,2022-12-10,29.0,Other,Portland,United States,Plus,1,$49.00,Referral,23,1.6,5,2,3.81,No,6.0,2,0,0,0
NF-101838,2021-07-02,26.0,male,Austin,United States,Premium,6,$75.00,Walk-in,6,1.55,6,7,1.89,Yes,7.0,0,0,0,0
NF-100001,2021-07-27,54.0,F,Columbus,United States,Plus,1,$49.00,Mobile App,7,1.46,4,0,2.79,Yes,7.0,0,0,1,1
NF-100335,2021-11-19,35.0,male,Austin,United States,Basic,1,$29.00,Website,11,1.16,5,0,1.14,No,5.0,2,0,0,0
NF-102378,2023-08-31,22.0,Female,Austin,United States,Basic,6,$25.00,Referral,32,1.28,4,0,3.14,No,6.0,0,0,1,1
NF-102259,2023-07-07,33.0,Other,Austin,United States,Basic,1,$29.00,Website,30,1.44,6,5,8.21,No,,3,0,1,1
NF-101640,2022-11-12,38.0,F ,Portland,United States,Premium,24,$79.00,Website,22,0.96,4,1,2.2,Yes,5.0,2,0,0,0
NF-101819,2022-10-01,34.0,female,Portland,United States,Premium,24,$84.00,Mobile App,21,3.2,11,0,3.5,Yes,5.0,1,3,1,1
NF-101422,2022-09-17,28.0,male,Denver,United States,Basic,12,$29.00,Referral,21,0.7,1,1,2.02,No,3.0,0,0,1,1
NF-101196,2023-03-14,26.0,Female,Portland,United States,Plus,12,$49.00,Website,26,1.37,4,0,1.45,Yes,8.0,0,0,1,1
NF-100648,2021-05-06,33.0,male,Columbus,United States,Premium,12,$75.00,Website,4,1.67,4,0,3.13,Yes,5.0,1,0,1,1
NF-100559,2021-10-14,47.0,F ,Columbus,United States,Plus,12,$45.00,Mobile App,9,1.47,4,0,1.74,Yes,5.0,0,0,0,0
NF-102915,2021-05-19,25.0,Female,Austin,United States,Plus,24,$49.00,Website,5,1.95,5,0,1.31,No,7.0,0,0,0,0
NF-101002,2022-10-25,24.0,Male,Columbus,United States,Premium,12,$75.00,Partner Promo,22,1.6,4,0,4.66,Yes,6.0,2,0,0,0
NF-101970,2022-04-04,41.0,Male,Raleigh,United States,Plus,1,$49.00,Mobile App,15,0.83,3,0,3.82,Yes,6.0,3,0,1,1
NF-100187,2021-09-27,31.0,FEMALE,Austin,United States,Plus,12,$45.00,Mobile App,9,3.38,12,6,11.03,Yes,,1,2,1,1
NF-102866,2022-11-09,33.0,F ,Denver,United States,Plus,12,$45.00,Mobile App,22,5.28,17,0,2.78,Yes,10.0,0,0,0,0
NF-100231,2021-01-04,42.0,female,Columbus,United States,Plus,12,$49.00,Walk-in,1,1.4,4,0,2.32,Yes,7.0,0,1,0,0
NF-101310,2021-12-29,45.0,female,Portland,United States,Basic,1,$29.00,Website,12,1.25,5,0,2.92,No,5.0,0,0,0,0
NF-100584,2023-02-02,23.0,F ,Raleigh,United States,Plus,6,$54.00,Referral,25,2.58,9,0,2.31,No,8.0,0,0,0,0
NF-101612,2021-09-20,45.0,male,Raleigh,United States,Basic,1,$29.00,Website,9,0.87,4,2,8.43,No,6.0,0,0,1,1
NF-100774,2022-09-08,49.0,Male,Austin,United States,Basic,6,$34.00,Website,20,2.09,5,1,1.27,Yes,7.0,0,0,0,0
NF-101272,2023-04-21,48.0,M,Portland,United States,Premium,12,$84.00,Referral,28,3.7,13,4,,Yes,10.0,0,0,0,0
NF-100799,2023-02-06,35.0,Male,Columbus,United States,Basic,1,$29.00,Walk-in,25,2.72,8,8,2.91,Yes,7.0,2,0,0,0
NF-102320,2022-12-10,27.0,FEMALE,Portland,United States,Basic,1,$29.00,Mobile App,23,2.26,7,0,4.05,Yes,8.0,0,1,0,0
NF-102509,2022-07-02,32.0,Female,Denver,United States,Plus,6,$49.00,Walk-in,18,1.17,4,0,0.85,Yes,3.0,0,0,1,1
NF-101624,2023-02-27,44.0,F ,Portland,United States,Basic,12,$29.00,Referral,26,3.62,11,7,1.98,Yes,10.0,0,0,0,0
NF-100755,2022-04-18,47.0, Male,Portland,United States,Basic,12,$29.00,Referral,16,1.52,5,0,1.77,No,5.0,0,0,1,1
NF-101716,2022-10-17,57.0,M,Portland,United States,Plus,6,$49.00,Referral,22,4.2,14,0,1.38,Yes,8.0,0,0,0,0
NF-101990,2022-11-28,35.0,FEMALE,Portland,United States,Basic,1,$34.00,Website,23,1.97,7,3,2.99,Yes,5.0,1,0,1,1
NF-101249,2021-01-30,36.0,Male,Columbus,United States,Premium,12,$79.00,Walk-in,1,3.04,13,2,1.58,Yes,7.0,-1,0,0,0
NF-100614,2023-09-05,48.0,Female,Austin,United States,Plus,12,$45.00,Website,32,2.22,6,4,0.49,Yes,7.0,0,0,0,0
NF-102214,2022-12-30,40.0,Female,Raleigh,United States,Plus,12,$49.00,Mobile App,24,1.81,7,0,1.03,No,5.0,0,0,0,0
NF-102701,2021-02-22,20.0,F,Raleigh,United States,Plus,12,$54.00,Walk-in,2,1.73,5,0,1.66,Yes,7.0,0,0,1,1
NF-101947,2023-03-14,24.0,female,Austin,United States,Basic,1,$29.00,Website,26,1.09,3,0,7.84,No,3.0,2,0,1,1
NF-101911,2022-10-27,31.0,M,Boise,United States,Basic,6,$25.00,Partner Promo,22,2.81,9,0,8.16,Yes,8.0,2,0,0,0
NF-100386,2022-10-14,22.0,female,Raleigh,United States,Plus,6,$54.00,Website,21,1.4,3,0,3.7,Yes,3.0,2,1,1,1
NF-100186,2021-01-11,42.0,Female,Austin,United States,Basic,6,$29.00,Referral,1,1.5,4,0,2.52,Yes,5.0,0,0,0,1
NF-101882,2022-12-22,29.0,Female,Raleigh,United States,Basic,1,$29.00,Website,24,0.72,4,0,1.2,Yes,,2,0,1,1
NF-102884,2023-06-01,50.0,Male,Austin,United States,Plus,12,$49.00,Website,29,1.82,8,0,0.41,No,6.0,-1,0,0,0
NF-101338,2023-03-28,30.0,Male,Raleigh,United States,Premium,12,$79.00,Referral,27,2.93,10,4,3.81,Yes,7.0,0,2,0,0
NF-101513,2023-09-25,27.0,Male,Denver,United States,Plus,1,$54.00,Mobile App,33,1.26,2,0,3.13,Yes,,1,0,1,1
NF-102908,2021-02-25,30.0,female,Columbus,United States,Basic,12,$34.00,Mobile App,2,3.63,10,0,1.78,Yes,9.0,0,1,0,0
NF-100261,2022-08-06,40.0,Female,Austin,United States,Basic,12,$25.00,Mobile App,19,0.76,2,0,1.82,Yes,,4,0,1,1
NF-101679,2023-08-03,21.0,Female,Austin,United States,Basic,1,$29.00,Mobile App,31,3.79,12,0,1.01,Yes,8.0,0,0,1,1
NF-100904,2022-07-09,34.0,Female,Denver,United States,Basic,6,$29.00,Referral,18,2.88,8,10,0.91,No,6.0,0,0,0,0
NF-102280,2021-03-14,30.0,Male,Columbus,United States,Premium,24,$79.00,Referral,2,2.12,6,9,3.26,Yes,9.0,0,1,0,0
NF-100252,2021-12-05,40.0,Female,Denver,United States,Plus,1,$45.00,Mobile App,11,6.28,21,0,2.15,Yes,,0,3,0,1
NF-102019,2021-01-07,35.0,Male,Austin,United States,Plus,12,$49.00,Website,1,3.6,12,16,1.59,Yes,8.0,-1,0,0,0
NF-101658,2022-10-25,24.0,Male,Columbus,United States,Plus,6,$49.00,Referral,22,3.08,7,0,1.77,Yes,,0,0,0,0
NF-100678,2022-12-13,29.0,MALE,Portland,United States,Basic,1,$34.00,Walk-in,23,2.28,7,3,2.11,Yes,9.0,0,0,0,0
NF-100074,2023-03-23,28.0,Male,Columbus,United States,Basic,1,$29.00,Website,27,1.4,3,2,2.26,No,7.0,0,0,0,1
NF-100598,2023-05-02,34.0,male,Portland,United States,Plus,1,$49.00,Website,28,2.16,7,5,,Yes,6.0,0,0,0,0
NF-101725,2021-09-15,27.0,Female,Columbus,United States,Basic,1,$29.00,Website,8,2.0,7,6,3.14,Yes,7.0,0,0,0,0
NF-100316,2022-10-16,24.0,Male,Portland,United States,Premium,6,$75.00,Website,21,1.85,6,0,0.83,No,7.0,0,0,1,1
NF-100937,2023-03-29,37.0,Female,Portland,United States,Basic,12,$29.00,Referral,27,2.04,7,0,12.88,Yes,7.0,1,0,0,0
NF-101468,2021-09-22,36.0,Female,Austin,United States,Plus,12,$54.00,Website,9,0.62,2,3,1.34,No,4.0,1,0,0,0
NF-101454,2022-01-19,27.0,male,Austin,United States,Basic,1,$29.00,Website,13,4.73,16,1,8.76,No,10.0,0,1,0,0
NF-101147,2021-12-25,54.0,Female,Raleigh,United States,Plus,12,$49.00,Walk-in,12,1.11,4,0,3.14,Yes,5.0,3,0,1,1
NF-102034,2021-03-07,32.0,Female,Portland,United States,Plus,6,$49.00,Website,2,1.12,2,6,2.53,Yes,,0,0,1,1
NF-101306,2022-07-04,27.0,F,Denver,United States,Plus,12,$49.00,Mobile App,18,3.15,9,10,7.98,Yes,5.0,0,1,0,0
NF-102073,2023-06-02,36.0,Male,Austin,United States,Basic,1,$29.00,Website,29,1.73,5,0,,Yes,,0,0,0,1
NF-102105,2021-08-29,45.0,male,Austin,United States,Plus,1,$49.00,Website,8,1.8,6,0,4.18,Yes,7.0,0,0,0,0
NF-100323,2023-08-23,,Other,Columbus,United States,Premium,6,$84.00,Walk-in,32,2.26,7,0,8.13,Yes,6.0,0,0,1,1
NF-102941,2023-08-29,26.0,female,Portland,United States,Basic,1,$34.00,Walk-in,32,3.45,12,2,7.97,Yes,8.0,0,2,0,0
NF-102198,2022-09-28,43.0, Male,Austin,United States,Plus,12,$54.00,Partner Promo,21,0.55,3,2,1.96,No,4.0,1,0,0,0
NF-100635,2022-09-08,27.0,Male,Denver,United States,Premium,24,$75.00,Referral,20,1.59,5,0,2.75,Yes,5.0,0,0,1,0
NF-101116,2023-02-20,46.0,M,Denver,United States,Premium,24,$75.00,Website,26,1.54,4,5,0.87,No,6.0,1,0,1,1
NF-101845,2022-06-12,31.0,Male,Denver,United States,Basic,1,$25.00,Mobile App,17,0.94,3,0,0.91,No,3.0,3,0,1,1
NF-101267,2023-07-05,27.0,Male,Columbus,United States,Basic,12,$29.00,Website,30,0.43,1,1,3.2,No,4.0,1,0,1,1
NF-101285,2021-04-28,54.0,Female,Austin,United States,Basic,6,$29.00,Referral,4,1.57,3,7,5.78,Yes,8.0,0,0,0,0
NF-101472,2023-01-19,23.0,male,Denver,United States,Plus,12,$49.00,Mobile App,25,1.29,2,2,5.25,Yes,6.0,1,0,0,0
NF-102687,2021-07-19,27.0,Male,Denver,United States,Basic,6,$29.00,Website,7,1.66,6,0,,Yes,,0,0,1,1
NF-102603,2021-09-22,40.0, Male,Portland,United States,Premium,12,$84.00,Mobile App,9,3.2,12,0,4.64,No,7.0,1,0,0,0
NF-101209,2023-09-24,29.0,Male,Raleigh,United States,Plus,6,$49.00,Mobile App,33,1.29,4,0,2.81,No,5.0,0,0,1,1
NF-100568,2022-01-10,47.0,Female,Portland,United States,Plus,12,$54.00,Mobile App,12,0.68,3,0,7.63,No,4.0,0,0,1,1
NF-100743,2021-03-27,35.0,female,Portland,United States,Basic,12,$25.00,Walk-in,3,1.57,5,0,,Yes,6.0,1,0,1,1
NF-102651,2021-12-21,20.0,Female,Austin,United States,Plus,6,$54.00,Walk-in,12,2.31,8,2,1.32,No,8.0,0,0,0,0
NF-100286,2021-10-26,40.0,Female,Denver,United States,Basic,6,$34.00,Website,10,1.71,6,0,3.0,Yes,4.0,0,0,1,1
NF-100955,2022-06-01,48.0,Male,Austin,United States,Premium,24,$79.00,Mobile App,17,1.5,3,4,1.21,Yes,4.0,0,0,0,0
NF-100152,2022-01-30,52.0,Female,Raleigh,United States,Plus,12,$49.00,Walk-in,13,1.04,1,1,2.51,No,4.0,0,0,0,0
NF-900004,2022-03-04,30.0,M,Denver,United States,Plus,12,$49.00,Mobile App,15,2.01,8,0,,No,5.0,0,0,0,0
NF-102193,2022-03-13,26.0,Female,Austin,United States,Plus,1,$49.00,Website,14,1.9,8,0,5.69,Yes,6.0,0,0,0,0
NF-100761,2021-08-23,22.0,Female,Austin,United States,Plus,6,$49.00,Referral,8,2.34,8,6,1.3,No,7.0,0,2,0,0
NF-100477,2021-09-06,36.0,female,Portland,United States,Plus,1,$49.00,Walk-in,8,1.17,3,7,17.55,No,4.0,0,0,0,0
NF-100984,2023-07-09,34.0,Female,Austin,United States,Basic,6,$34.00,Website,30,1.79,6,5,2.47,No,6.0,1,0,0,0
NF-102591,2023-06-09,28.0,Female,Austin,United States,Plus,12,$45.00,Website,29,2.86,8,0,0.74,Yes,7.0,0,3,0,0
NF-101811,2022-08-24,39.0,M,Austin,United States,Basic,12,$29.00,Website,20,1.64,3,0,3.02,Yes,6.0,2,0,0,1
NF-100262,2023-05-07,57.0,Male,Austin,United States,Premium,24,$79.00,Website,28,2.19,7,14,1.44,Yes,7.0,0,0,1,1
NF-101081,2023-02-19,33.0,Male,Austin,United States,Plus,24,$49.00,Mobile App,26,3.72,10,16,0.84,Yes,7.0,1,0,1,1
NF-100429,2022-03-25,21.0,Female,Denver,United States,Basic,1,$29.00,Referral,15,2.32,10,14,2.42,Yes,5.0,0,0,1,1
NF-100249,2023-07-21,36.0,M,Denver,United States,Basic,12,$25.00,Mobile App,31,1.83,7,4,1.3,No,5.0,0,0,0,0
NF-102990,2021-02-12,16.0,Female,Denver,United States,Basic,12,$29.00,Walk-in,1,2.66,10,0,9.42,Yes,6.0,0,0,0,0
NF-102831,2023-06-09,24.0,Female,Denver,United States,Basic,6,$29.00,Website,29,2.82,9,27,2.23,Yes,7.0,0,0,0,1
NF-100019,2021-10-20,27.0, Male,Columbus,United States,Plus,6,$49.00,Website,10,2.72,9,0,1.9,Yes,8.0,0,1,0,0
NF-102537,2022-07-13,55.0,Female,Portland,United States,Plus,12,$49.00,Website,18,1.14,4,0,0.9,No,5.0,2,0,0,0
NF-101917,2021-07-22,29.0,Female,Denver,United States,Premium,24,$79.00,Walk-in,7,2.63,9,0,1.69,Yes,8.0,0,1,1,1
NF-100658,2023-05-17,41.0,Female,Raleigh,United States,Plus,6,$49.00,Website,28,2.01,6,0,3.93,No,6.0,0,1,0,0
NF-102997,2022-09-04,22.0,Male,Columbus,United States,Plus,12,$54.00,Mobile App,20,2.44,8,2,10.67,Yes,6.0,1,0,0,0
NF-102201,2022-10-04,35.0,Male,Portland,United States,Basic,6,$34.00,Mobile App,21,1.01,3,0,3.48,No,5.0,1,0,0,0
NF-100806,2022-06-18,39.0, Male,Austin,United States,Plus,6,$49.00,Website,18,2.9,10,0,2.01,Yes,,0,1,0,0
NF-101509,2022-02-05,30.0,Female,Portland,United States,Plus,12,$49.00,Website,13,1.85,6,0,1.36,Yes,3.0,1,0,0,0
NF-102327,2022-10-11,53.0,M,Austin,United States,Basic,6,$29.00,Mobile App,21,1.27,6,0,4.13,No,7.0,0,0,1,1
NF-100921,2022-01-14,33.0,Female,Austin,United States,Basic,6,$29.00,Walk-in,12,2.32,6,0,4.28,Yes,8.0,1,0,0,0
NF-100818,2022-02-20,29.0,Female,Portland,United States,Plus,12,$49.00,Website,14,2.4,9,0,1.44,Yes,6.0,0,0,1,1
NF-102681,2022-11-19,48.0,Female,Raleigh,United States,Premium,6,$79.00,Website,23,4.36,14,4,0.85,Yes,9.0,0,1,0,0
NF-100342,2023-07-01,33.0,male,Denver,United States,Basic,12,$25.00,Mobile App,30,3.21,12,0,4.93,Yes,9.0,0,1,0,0
NF-100353,2022-06-11,26.0,Male,Austin,United States,Basic,6,$29.00,Mobile App,17,2.39,6,4,1.89,Yes,7.0,0,2,0,0
NF-100520,2021-05-17,35.0,Male,Columbus,United States,Plus,12,$49.00,Website,4,0.56,3,0,0.28,Yes,6.0,2,0,1,1
NF-102016,2023-04-04,50.0,Male,Austin,United States,Plus,6,$45.00,Mobile App,27,2.53,9,12,,No,8.0,0,0,1,1
NF-100015,2021-11-30,38.0,male,Columbus,United States,Basic,1,$29.00,Website,11,2.95,8,2,5.47,Yes,6.0,1,0,0,0
NF-102570,2022-02-06,43.0,M,Austin,United States,Premium,6,$79.00,Walk-in,13,1.06,4,4,19.49,Yes,3.0,3,0,1,1
NF-102406,2023-09-23,31.0, Male,Columbus,United States,Plus,6,$54.00,Website,33,1.43,6,0,1.73,Yes,4.0,0,0,1,1
NF-100842,2021-05-26,25.0,F,Columbus,United States,Plus,6,$49.00,Referral,5,2.67,11,0,3.01,No,7.0,1,1,0,0
NF-100564,2023-05-26,53.0,Male,Austin,United States,Basic,1,$29.00,Mobile App,29,0.79,3,0,1.88,No,6.0,0,0,1,1
NF-102200,2022-07-19,24.0,male,Columbus,United States,Premium,12,$79.00,Referral,19,1.36,5,0,4.86,Yes,3.0,2,0,1,1
NF-101140,2022-06-28,41.0,Female,Austin,United States,Basic,1,$29.00,Website,18,0.65,3,0,4.09,Yes,3.0,0,0,0,0
NF-100051,2022-08-16,39.0,Female,Austin,United States,Basic,12,$25.00,Website,19,1.86,6,0,1.57,Yes,5.0,1,0,1,1
NF-102792,2021-05-11,27.0,Female,Denver,United States,Plus,6,$54.00,Mobile App,4,2.1,7,0,17.6,No,6.0,2,0,0,0
NF-102093,2021-04-15,36.0,Male,Columbus,United States,Basic,6,$34.00,Website,3,1.44,5,7,1.86,Yes,5.0,1,0,1,1
NF-102849,2022-03-07,40.0,Female,Columbus,United States,Plus,1,$49.00,Mobile App,14,1.04,2,1,1.1,No,,1,0,0,0
NF-102727,2021-06-23,25.0,male,Portland,United States,Plus,12,$49.00,Website,6,2.46,8,0,10.28,Yes,,1,0,1,1
NF-101594,2021-05-03,20.0,male,Columbus,United States,Plus,24,$49.00,Website,4,2.79,11,0,2.93,Yes,7.0,1,0,0,0
NF-101956,2022-02-19,45.0,M,Portland,United States,Plus,12,$54.00,Mobile App,14,2.01,4,0,1.22,No,7.0,3,0,1,0
NF-100394,2023-01-28,36.0,F,Denver,United States,Plus,1,$49.00,Referral,25,1.52,6,2,10.23,No,5.0,0,0,1,1
NF-102112,2021-12-31,25.0,Female,Austin,United States,Plus,12,$49.00,Website,12,2.57,9,5,1.49,Yes,,0,2,1,1
NF-100831,2023-07-18,29.0,Female,Austin,United States,Premium,12,$79.00,Website,31,3.09,11,11,2.1,No,9.0,0,0,0,0
NF-100447,2022-04-22,43.0,Male,Austin,United States,Plus,24,$49.00,Website,16,2.33,8,0,2.13,Yes,8.0,0,1,0,0
NF-101323,2022-10-16,,F ,Raleigh,United States,Basic,12,$25.00,Referral,21,1.51,5,0,1.04,Yes,6.0,0,0,0,0
NF-100971,2022-08-11,48.0,female,Columbus,United States,Plus,6,$49.00,Mobile App,19,1.71,8,5,3.06,Yes,4.0,2,0,0,0
NF-102226,2022-09-25,33.0,male,Austin,United States,Plus,6,$49.00,Walk-in,21,1.2,3,0,1.29,Yes,5.0,2,0,0,0
NF-102548,2021-03-16,46.0,female,Raleigh,United States,Basic,12,$29.00,Website,2,2.3,6,0,0.36,No,6.0,1,1,0,0
NF-101855,2023-08-08,31.0,Female,Denver,United States,Plus,6,$49.00,Walk-in,31,1.81,6,0,3.79,No,7.0,1,0,0,0
NF-100042,2022-06-15,32.0,Male,Portland,United States,Plus,1,$45.00,Mobile App,17,1.8,5,2,6.22,Yes,3.0,1,0,0,0
NF-102807,2021-12-08,24.0,Male,Columbus,United States,Plus,12,$54.00,Website,11,1.12,4,2,19.89,Yes,3.0,2,0,1,1
NF-101905,2021-05-13,62.0,Female,Raleigh,United States,Basic,6,$25.00,Mobile App,4,1.51,5,0,2.78,Yes,7.0,0,0,1,1
NF-101387,2021-05-05,30.0,Male,Columbus,United States,Premium,12,$79.00,Walk-in,4,1.86,5,0,6.2,No,6.0,0,0,1,1
NF-102766,2022-06-22,60.0,female,Columbus,United States,Basic,6,$29.00,Website,18,1.34,4,1,1.61,No,7.0,0,0,0,0
NF-101383,2023-08-03,49.0,Female,Austin,United States,Premium,6,$79.00,Walk-in,31,1.79,5,0,1.24,Yes,8.0,2,1,0,0
NF-101376,2022-02-11,37.0,Female,Columbus,United States,Plus,1,$49.00,Walk-in,13,2.74,8,0,1.38,Yes,9.0,0,1,0,0
NF-102547,2022-10-30,49.0,Male,Portland,United States,Plus,24,$49.00,Website,22,4.03,13,0,3.23,Yes,8.0,0,1,0,0
NF-100430,2022-09-16,35.0,Female,Portland,United States,Plus,1,$54.00,Mobile App,20,2.05,8,0,1.05,Yes,5.0,1,1,0,0
NF-100075,2022-03-18,43.0,Male,Austin,United States,Plus,12,$54.00,Walk-in,15,2.29,6,0,1.01,Yes,7.0,0,0,0,0
NF-101251,2021-04-25,33.0,female,Columbus,United States,Plus,1,$49.00,Referral,4,0.8,2,3,1.3,Yes,4.0,1,0,0,0
NF-100638,2023-06-03,40.0,Prefer not to say,Raleigh,United States,Basic,6,$25.00,Walk-in,29,3.15,10,0,2.91,No,9.0,0,1,0,0
NF-102870,2023-01-19,29.0,Male,Austin,United States,Basic,6,$29.00,Walk-in,25,1.16,4,0,2.19,No,4.0,1,0,1,1
NF-101972,2021-03-03,38.0,Female,Austin,United States,Plus,6,$49.00,Website,2,2.02,6,3,1.77,No,7.0,2,0,1,1
NF-100155,2021-06-14,34.0,Female,Austin,United States,Plus,6,$49.00,Partner Promo,5,1.81,7,0,4.62,Yes,7.0,0,1,1,1
NF-101872,2023-02-06,59.0,M,Denver,United States,Plus,12,$54.00,Website,25,2.78,8,0,3.06,No,7.0,0,1,0,0
NF-101176,2021-08-02,50.0,Female,Austin,United States,Basic,1,$25.00,Mobile App,7,2.12,8,0,2.33,No,5.0,3,1,0,0
NF-100352,2021-10-05,,Female,Austin,United States,Basic,6,$34.00,Walk-in,9,1.55,6,5,9.35,No,4.0,0,0,1,1
NF-102994,2021-01-25,41.0,Male,Austin,United States,Plus,12,$45.00,Walk-in,1,0.87,3,0,4.36,No,4.0,0,0,0,0
NF-102728,2022-02-11,20.0,Other,Boise,United States,Plus,6,$54.00,Mobile App,13,1.18,4,1,1.07,Yes,5.0,0,0,0,0
NF-101371,2022-02-13,54.0,M,Austin,United States,Basic,12,$29.00,Mobile App,13,3.08,11,0,1.68,Yes,6.0,0,1,0,0
NF-101867,2022-03-02,27.0,female,Raleigh,United States,Plus,12,$54.00,Mobile App,14,2.18,6,5,1.71,Yes,6.0,1,0,1,1
NF-101977,2021-03-04,27.0,M,Raleigh,United States,Plus,12,$54.00,Walk-in,2,1.12,4,0,3.72,No,5.0,1,0,0,0
NF-100694,2021-11-30,39.0,Male,Denver,United States,Plus,12,$49.00,Website,11,2.34,9,0,4.44,Yes,7.0,1,0,0,0
NF-100891,2023-02-22,36.0,Female,Austin,United States,Basic,6,$29.00,Website,26,2.16,6,4,1.13,Yes,,-1,0,1,1
NF-100813,2021-08-24,30.0,Male,Denver,United States,Premium,6,$84.00,Mobile App,8,2.39,7,0,2.18,Yes,8.0,0,2,0,0
NF-101497,2021-06-16,,Male,Denver,United States,Premium,12,$79.00,Website,5,2.24,7,1,1.23,Yes,7.0,0,0,0,0
NF-102062,2022-03-08,48.0,Female,Austin,United States,Basic,1,$34.00,Referral,14,0.93,2,0,12.13,No,7.0,-1,0,0,0
NF-101793,2023-08-14,33.0,female,Portland,United States,Basic,1,$25.00,Mobile App,31,3.07,11,2,1.22,Yes,8.0,0,0,0,0
NF-100119,2022-04-27,51.0,female,Columbus,United States,Basic,1,$25.00,Mobile App,16,1.03,4,4,2.66,No,5.0,0,0,0,0
NF-102679,2021-12-22,28.0,MALE,Denver,United States,Basic,1,$29.00,Website,12,1.01,7,0,2.12,Yes,8.0,2,0,0,0
NF-101989,2021-08-13,42.0,Female,Austin,United States,Plus,12,$49.00,Walk-in,7,1.16,4,4,1.05,No,8.0,2,1,1,1
NF-100158,2021-07-07,51.0,Prefer not to say,Portland,United States,Plus,12,$49.00,Referral,6,1.6,6,0,1.17,Yes,7.0,0,1,0,0
NF-100746,2021-09-11,41.0,Male,Denver,United States,Plus,12,$49.00,Walk-in,8,1.86,5,0,6.0,Yes,8.0,0,0,1,1
NF-100189,2022-07-14,29.0,female,Portland,United States,Premium,12,$79.00,Mobile App,18,1.8,4,0,2.38,No,7.0,1,0,1,1
NF-102365,2022-04-12,61.0,female,Portland,United States,Basic,1,$29.00,Website,15,1.65,6,1,1.09,No,8.0,0,0,0,0
NF-102472,2023-06-07,23.0,Female,Austin,United States,Basic,1,$29.00,Website,29,1.83,6,7,3.77,No,5.0,0,0,0,0
NF-100956,2022-06-24,35.0,FEMALE,Columbus,United States,Premium,24,$79.00,Walk-in,18,2.35,6,0,5.61,Yes,,2,1,0,0
NF-100851,2022-01-02,38.0,M,Columbus,United States,Basic,1,$29.00,Mobile App,12,1.21,4,0,1.91,Yes,,2,0,1,1
NF-102364,2022-07-09,38.0,male,Columbus,United States,Plus,6,$49.00,Walk-in,18,1.95,6,0,2.41,Yes,7.0,1,0,1,1
NF-102246,2022-01-02,31.0,M,Portland,United States,Plus,6,$45.00,Walk-in,12,1.94,6,0,1.87,Yes,8.0,0,0,0,0
NF-102593,2022-11-03,36.0,Female,Austin,United States,Plus,6,$49.00,Website,22,0.43,1,0,3.28,No,2.0,1,0,0,0
NF-102696,2021-07-02,34.0,male,Columbus,United States,Premium,12,$79.00,Website,6,2.51,8,3,1.93,Yes,8.0,1,1,0,0
NF-101225,2021-08-31,51.0,Male,Portland,United States,Plus,12,$49.00,Website,8,3.42,10,0,1.76,Yes,8.0,1,0,0,0
NF-102340,2023-06-02,42.0,Male,Columbus,United States,Basic,6,$29.00,Website,29,1.74,5,0,3.31,Yes,5.0,0,3,0,0
NF-102594,2022-10-23,40.0,Male,Denver,United States,Plus,1,$49.00, ,22,3.17,11,0,1.77,Yes,7.0,2,0,0,0
NF-101842,2023-04-28,26.0,Female,Columbus,United States,Basic,6,$25.00,Mobile App,28,1.65,5,0,1.19,No,8.0,2,0,0,0
NF-102324,2023-08-10,57.0,Female,Denver,United States,Basic,12,$25.00,Referral,31,0.97,3,0,,No,6.0,0,0,0,0
NF-101914,2021-08-22,45.0,FEMALE,Portland,United States,Basic,1,$29.00,Mobile App,8,1.67,5,0,7.14,No,5.0,0,0,1,1
NF-100064,2022-04-17,23.0,FEMALE,Denver,United States,Basic,1,$25.00,Mobile App,15,1.45,5,0,4.86,Yes,4.0,1,1,0,0
NF-100849,2023-04-27,,M,Boise,United States,Basic,12,$29.00,Website,28,2.13,8,0,3.41,Yes,5.0,1,0,0,0
NF-102205,2021-05-19,20.0,Female,Denver,United States,Plus,1,$54.00,Referral,5,1.84,5,0,3.44,Yes,8.0,1,0,0,0
NF-102924,2022-03-29,21.0,FEMALE,Raleigh,United States,Plus,1,$49.00, ,15,2.91,12,0,9.94,Yes,7.0,0,1,0,0
NF-101801,2021-09-30,38.0,male,Raleigh,United States,Basic,1,$29.00,Referral,9,0.98,3,10,1.53,Yes,5.0,0,0,1,1
NF-102983,2022-07-25,60.0,Prefer not to say,Austin,United States,Basic,1,$29.00,Mobile App,19,2.04,8,3,1.55,No,7.0,1,0,0,0
NF-100740,2023-06-11,,Female,Denver,United States,Basic,1,$25.00,Referral,29,1.67,7,0,7.27,No,5.0,1,0,0,0
NF-102335,2023-06-22,49.0,Female,Portland,United States,Basic,12,$29.00,Mobile App,30,1.38,5,0,3.75,Yes,,1,0,1,1
NF-100523,2021-10-15,32.0,Male,Raleigh,United States,Plus,1,$54.00,Website,9,1.37,4,2,0.28,Yes,7.0,0,0,0,0
NF-100954,2022-10-15,45.0,female,Denver,United States,Plus,6,$49.00,Walk-in,21,1.78,8,9,4.88,No,,0,0,0,0
NF-102390,2023-09-10,23.0,Male,Columbus,United States,Plus,6,$54.00,Website,32,2.02,9,2,13.79,No,4.0,0,0,0,0
NF-102250,2021-12-03,41.0,Female,Denver,United States,Basic,1,$34.00,Referral,11,1.0,1,0,5.79,No,6.0,0,0,1,1
NF-101616,2022-06-03,36.0,female,Portland,United States,Basic,1,$34.00,Website,17,1.47,3,0,0.55,No,4.0,0,1,0,0
NF-101214,2021-11-02,32.0,Female,Raleigh,United States,Basic,1,$25.00,Mobile App,10,2.28,5,0,5.23,Yes,6.0,0,1,0,0
NF-102477,2021-05-29,34.0,Male,Denver,United States,Plus,6,$45.00,Mobile App,5,1.98,7,2,0.85,No,7.0,1,0,0,0
NF-102164,2022-05-07,38.0,F,Austin,United States,Plus,12,$49.00,Referral,16,2.09,9,0,3.11,Yes,7.0,0,0,0,0
NF-101418,2023-04-01,21.0,Female,Raleigh,United States,Basic,1,$34.00,Mobile App,27,3.29,9,3,6.45,Yes,10.0,0,0,0,0
NF-101384,2021-09-09,47.0,Male,Raleigh,United States,Basic,12,$29.00,Website,8,1.73,4,0,1.35,Yes,6.0,0,1,0,0
NF-102279,2023-04-03,52.0,MALE,Austin,United States,Basic,6,$34.00,Walk-in,27,0.84,2,0,,Yes,3.0,0,0,1,1
NF-102839,2021-12-11,16.0,F,Portland,United States,Basic,6,$25.00,Mobile App,11,3.78,12,0,3.59,Yes,10.0,0,2,0,0
NF-100886,2023-07-15,42.0,Female,Columbus,United States,Plus,6,$45.00,Walk-in,30,2.56,7,6,9.24,Yes,8.0,0,1,0,0
NF-101330,2022-05-17,25.0,Male,Raleigh,United States,Basic,6,$29.00,Website,16,24.5,3,0,2.65,Yes,3.0,0,0,1,1
NF-101982,2022-01-10,17.0,female,Austin,United States,Plus,12,$49.00,Mobile App,12,2.66,10,0,2.62,Yes,8.0,1,0,0,0
NF-100839,2023-02-07,20.0,Female,Columbus,United States,Basic,1,$25.00,Website,25,1.28,4,0,9.54,No,4.0,0,0,1,1
NF-101238,2023-03-30,41.0,Female,Portland,United States,Plus,24,$45.00,Referral,27,1.15,3,0,2.57,Yes,4.0,2,0,0,0
NF-101820,2022-05-25,18.0,Female,Denver,United States,Plus,12,$49.00,Referral,17,3.0,10,0,1.59,No,8.0,1,0,0,0
NF-102615,2023-03-30,46.0,M,Austin,United States,Basic,1,$29.00,Website,27,5.29,17,0,6.31,No,7.0,0,2,0,0
NF-100587,2022-06-01,41.0,M,Columbus,United States,Plus,6,$49.00,Website,17,1.84,6,0,10.1,No,5.0,1,0,1,1
NF-100063,2021-10-05,21.0,female,Denver,United States,Plus,12,$49.00,Referral,9,2.39,7,1,4.29,Yes,10.0,0,1,1,0
NF-100296,2021-06-08,31.0,F,Denver,United States,Premium,12,$84.00,Mobile App,5,2.78,9,0,3.78,No,6.0,1,1,0,0
NF-102261,2023-01-19,29.0,Male,Raleigh,United States,Plus,12,$54.00,Mobile App,25,3.6,11,5,2.93,Yes,8.0,0,0,0,0
NF-102970,2021-11-02,37.0,Male,Denver,United States,Basic,1,$29.00,Website,10,1.9,5,3,1.61,Yes,7.0,1,1,0,0
NF-101967,2022-02-19,25.0,male,Portland,United States,Plus,6,$45.00,Mobile App,14,1.8,5,9,11.04,No,4.0,0,0,0,0
NF-101098,2022-06-06,41.0,Female,Raleigh,United States,Plus,1,$54.00,Walk-in,17,1.46,5,0,1.48,No,5.0,1,0,0,0
NF-102258,2021-10-10,52.0,Female,Denver,United States,Plus,12,$54.00,Mobile App,9,5.47,19,0,2.59,Yes,9.0,0,1,0,0
NF-101121,2022-01-19,40.0,Male,Denver,United States,Basic,1,$34.00,Walk-in,13,1.4,4,0,3.1,No,6.0,0,0,0,0
NF-101307,2021-02-13,47.0,Female,Portland,United States,Plus,12,$49.00,Website,1,2.64,11,2,3.02,Yes,8.0,0,0,0,0
NF-100677,2022-07-11,51.0,Female,Columbus,United States,Basic,6,$29.00,Walk-in,18,1.42,3,0,3.01,Yes,6.0,0,0,1,1
NF-101021,2022-04-29,54.0,Female,Austin,United States,Plus,12,$49.00,Website,16,1.22,5,0,7.35,Yes,7.0,1,0,1,1
NF-101320,2021-03-12,37.0,female,Portland,United States,Premium,12,$79.00,Mobile App,2,4.94,17,0,1.29,No,,0,2,0,0
NF-102597,2021-08-16,22.0,F,Denver,United States,Premium,12,$75.00,Mobile App,7,1.67,5,0,7.42,No,6.0,2,0,1,1
NF-102721,2023-01-31,39.0,F,Denver,United States,Premium,12,$79.00,Website,25,1.39,3,0,4.76,Yes,,0,0,1,1
NF-100450,2021-11-13,24.0,male,Denver,United States,Plus,12,$49.00,Website,10,0.9,4,0,4.91,Yes,4.0,3,0,1,1
NF-100810,2021-08-11,39.0,Female,Austin,United States,Basic,1,$25.00,Website,7,1.38,6,0,0.65,Yes,6.0,2,0,0,0
NF-102126,2022-10-20,28.0,Female,Denver,United States,Basic,1,$34.00,Walk-in,22,1.66,6,1,1.28,Yes,6.0,0,1,0,0
NF-102082,2021-10-14,40.0,F,Austin,United States,Plus,1,$54.00,Website,9,4.2,14,2,3.11,No,9.0,0,0,0,0
NF-100442,2022-12-10,38.0,male,Columbus,United States,Plus,6,$54.00,Walk-in,23,1.4,5,0,8.9,Yes,4.0,0,0,0,0
NF-101554,2022-06-05,36.0,Male,Denver,United States,Basic,12,$29.00,Mobile App,17,3.16,10,5,1.67,Yes,7.0,1,0,0,0
NF-102020,2021-06-30,42.0,Male,Austin,United States,Basic,1,$29.00,Mobile App,6,1.31,5,0,3.05,Yes,7.0,0,0,0,0
NF-100163,2022-06-06,27.0,M,Raleigh,United States,Plus,12,$49.00,Walk-in,17,2.11,6,1,7.35,Yes,6.0,0,1,0,0
NF-101562,2022-09-14,32.0,Prefer not to say,Denver,United States,Plus,12,$49.00,Website,20,0.72,5,0,1.12,Yes,4.0,2,0,0,0
NF-102804,2022-10-13,43.0,Male,Columbus,United States,Premium,24,$79.00,Walk-in,21,3.66,13,8,0.97,Yes,,1,2,0,0
NF-101770,2023-05-07,,Female,Austin,United States,Premium,12,$79.00,Website,28,5.14,17,0,8.98,No,8.0,0,0,0,0
NF-102619,2022-04-27,35.0,F,Austin,United States,Basic,1,$29.00,Walk-in,16,4.13,12,14,3.96,Yes,6.0,0,0,0,0
NF-101421,2023-01-06,29.0,Prefer not to say,Boise,United States,Basic,1,$25.00,Website,24,3.04,11,0,3.37,Yes,8.0,2,1,0,0
NF-102233,2021-08-15,23.0,Male,Austin,United States,Basic,12,$25.00,Mobile App,7,1.22,4,0,1.01,No,6.0,0,0,1,1
NF-101760,2022-09-25,43.0,female,Denver,United States,Plus,1,$54.00,Mobile App,21,1.9,6,0,,Yes,5.0,0,0,1,1
NF-102438,2022-10-19,44.0,Female,Austin,United States,Basic,6,$29.00,Walk-in,22,0.54,2,2,0.49,No,6.0,1,0,1,1
NF-101219,2022-01-14,30.0,Female,Austin,United States,Basic,1,$25.00,Walk-in,12,1.85,7,0,5.06,Yes,5.0,1,1,0,0
NF-102435,2022-02-25,38.0,Female,Denver,United States,Premium,24,$84.00,Walk-in,14,2.29,4,0,0.59,Yes,7.0,1,1,0,0
NF-101071,2022-06-18,38.0,female,Austin,United States,Plus,6,$54.00,Mobile App,18,3.63,11,5,11.4,No,6.0,0,1,0,0
NF-102235,2023-03-20,52.0,male,Columbus,United States,Basic,1,$29.00,Referral,27,1.56,6,0,5.17,Yes,5.0,2,0,0,1
NF-100132,2021-05-03,37.0,Male,Columbus,United States,Plus,6,$49.00,Website,4,1.35,4,0,1.48,Yes,8.0,1,0,0,0
NF-101571,2021-06-06,40.0,male,Raleigh,United States,Basic,12,$29.00,Walk-in,5,1.6,6,0,2.42,Yes,6.0,0,0,0,0
NF-102829,2023-03-28,32.0,Female,Columbus,United States,Plus,12,$49.00,Mobile App,27,2.19,8,0,1.58,Yes,5.0,0,0,0,0
NF-101608,2023-07-29,30.0,Female,Austin,United States,Plus,6,$45.00,Walk-in,31,1.7,5,0,0.76,No,6.0,1,0,0,0
NF-101354,2023-02-06,25.0,Male,Denver,United States,Plus,1,$45.00,Referral,25,1.32,4,0,3.83,Yes,5.0,0,1,0,0
NF-100143,2022-03-07,44.0,Female,Denver,United States,Premium,24,$79.00,Website,14,2.7,8,11,3.01,Yes,7.0,1,1,0,0
NF-101162,2023-08-13,38.0,Male,Austin,United States,Basic,6,$34.00,Website,31,3.29,9,5,1.93,No,9.0,1,1,0,0
NF-102249,2022-12-23,32.0,Male,Denver,United States,Basic,1,$25.00,Walk-in,24,1.67,7,0,1.38,No,5.0,0,0,0,0
NF-102629,2023-05-25,52.0,female,Austin,United States,Plus,6,$49.00,Website,29,1.62,6,0,3.39,No,,1,0,1,1
NF-102470,2023-08-07,32.0,F,Austin,United States,Plus,12,$49.00,Website,31,4.1,14,10,1.59,Yes,10.0,0,0,0,0
NF-100380,2023-04-25,30.0,female,Columbus,United States,Plus,12,$49.00,Walk-in,28,3.89,13,0,0.93,Yes,,0,1,0,0
NF-100801,2022-11-06,51.0,Female,Austin,United States,Basic,12,$29.00,Partner Promo,22,2.4,9,10,1.63,Yes,9.0,0,0,1,1
NF-102841,2022-04-02,44.0,Female,Denver,United States,Premium,24,$79.00,Walk-in,15,3.36,11,6,17.28,Yes,8.0,0,0,0,0
NF-100254,2021-10-02,55.0,Female,Portland,United States,Plus,12,$49.00,Walk-in,9,2.25,8,10,2.27,Yes,4.0,1,0,0,0
NF-100720,2022-05-03,28.0,female,Portland,United States,Premium,12,$79.00,Website,16,1.05,3,0,0.98,No,5.0,2,0,1,1
NF-101278,2021-07-10,36.0,Female,Austin,United States,Basic,12,$29.00,Website,6,2.5,8,5,,No,6.0,0,0,0,0
NF-100919,2023-02-23,28.0,male,Portland,United States,Premium,12,$84.00,Referral,26,1.31,4,0,2.33,Yes,6.0,0,0,1,1
NF-101017,2022-06-03,21.0,female,Portland,United States,Basic,1,$29.00,Mobile App,17,2.86,8,0,3.34,Yes,8.0,0,1,0,0
NF-100007,2023-07-10,30.0,female,Denver,United States,Basic,6,$34.00,Website,30,2.31,5,0,1.36,Yes,7.0,1,0,0,0
NF-101877,2023-08-23,43.0,Female,Raleigh,United States,Basic,6,$29.00,Website,32,1.55,5,5,,No,4.0,1,0,0,0
NF-102825,2023-02-16,37.0,M,Austin,United States,Premium,6,$79.00,Referral,26,2.47,7,2,3.81,Yes,6.0,0,0,0,0
NF-100978,2023-02-05,44.0,Female,Denver,United States,Premium,12,$79.00,Walk-in,25,1.15,3,0,3.01,No,5.0,0,0,1,1
NF-101570,2021-07-21,39.0,M,Denver,United States,Basic,1,$29.00,Walk-in,7,1.63,6,7,1.97,Yes,5.0,1,0,0,0
NF-101262,2022-07-12,35.0,MALE,Denver,United States,Plus,24,$49.00,Website,18,4.67,15,0,2.9,Yes,10.0,0,2,0,0
NF-101763,2023-02-12,43.0,F,Portland,United States,Basic,12,$29.00,Referral,25,2.72,9,10,3.29,Yes,6.0,0,0,0,0
NF-101388,2021-09-10,36.0,Male,Denver,United States,Basic,1,$29.00,Walk-in,8,0.63,1,2,1.51,Yes,3.0,1,0,0,1
NF-101140,2022-06-28,41.0,Female,Austin,United States,Basic,1,$29.00,Website,18,0.65,3,0,4.09,Yes,3.0,0,0,0,0
NF-101682,2022-02-21,48.0,Female,Columbus,United States,Plus,24,$49.00,Walk-in,14,3.31,10,2,6.85,Yes,6.0,0,1,0,0
NF-101463,2023-02-10,58.0,Male,Denver,United States,Premium,12,$79.00,Referral,25,2.03,7,1,3.24,No,7.0,0,0,0,0
NF-100548,2021-02-11,16.0,M,Raleigh,United States,Plus,12,$54.00,Referral,1,1.68,6,0,4.17,Yes,5.0,0,0,1,1
NF-100924,2021-06-20,36.0,Female,Austin,United States,Premium,12,$84.00,Mobile App,6,2.04,7,0,4.49,No,5.0,0,0,0,0
NF-100547,2021-12-31,42.0,Female,Austin,United States,Basic,6,$29.00,Website,12,2.64,9,0,14.5,No,9.0,0,1,0,0
NF-102797,2021-02-09,38.0,Female,Columbus,United States,Plus,12,$49.00,Walk-in,1,1.6,5,0,1.74,No,6.0,1,0,0,0
NF-102901,2023-03-01,34.0,F ,Austin,United States,Plus,12,$45.00,Website,26,1.05,3,0,3.69,No,6.0,1,0,1,1
NF-101689,2022-09-16,40.0,F ,Columbus,United States,Basic,1,$29.00,Website,20,1.68,6,1,7.38,Yes,4.0,0,0,0,0
NF-102163,2023-05-10,45.0, Male,Columbus,United States,Plus,6,$49.00,Mobile App,28,2.8,10,7,0.83,Yes,6.0,0,0,0,0
NF-101123,2021-07-02,48.0,F,Portland,United States,Premium,12,$79.00,Walk-in,6,2.48,7,0,1.9,Yes,7.0,0,1,0,0
NF-101247,2021-10-20,30.0,Female,Denver,United States,Plus,12,$54.00,Referral,10,2.65,6,0,0.85,Yes,6.0,0,0,0,0
NF-100237,2022-08-21,45.0,Male,Austin,United States,Plus,12,$54.00,Referral,20,2.32,6,0,3.5,Yes,8.0,1,0,0,0
NF-102786,2023-07-12,26.0,FEMALE,Portland,United States,Basic,1,$25.00,Website,30,3.76,10,0,2.25,Yes,7.0,0,1,0,0
NF-100747,2021-02-09,46.0,Male,Denver,United States,Basic,6,$34.00,Walk-in,1,4.2,13,18,,Yes,9.0,0,1,0,0
NF-100095,2022-02-27,16.0,Prefer not to say,Columbus,United States,Basic,12,$34.00,Mobile App,14,1.08,5,4,4.45,Yes,5.0,2,0,0,0
NF-102764,2022-06-04,19.0,M,Denver,United States,Basic,6,$25.00,Mobile App,17,1.06,4,3,,No,,0,0,1,1
NF-100045,2023-09-09,36.0,F,Austin,United States,Basic,1,$29.00,Website,32,3.24,10,0,4.27,Yes,4.0,0,2,1,1
NF-100727,2021-11-09,58.0,F,Denver,United States,Plus,12,$54.00,Walk-in,10,3.06,10,2,2.33,Yes,,0,0,1,1
NF-102755,2021-03-15,19.0,male,Denver,United States,Premium,12,$79.00,Walk-in,2,3.81,13,0,,Yes,10.0,0,0,0,0
NF-102006,2021-01-05,26.0,F,Denver,United States,Basic,1,$29.00,Mobile App,1,1.89,5,0,3.17,No,6.0,0,0,0,0
NF-102950,2021-07-10,52.0,F,Portland,United States,Basic,6,$29.00,Website,6,1.58,3,0,2.68,Yes,5.0,0,0,0,0
NF-100897,2021-12-02,27.0,F,Columbus,United States,Basic,1,$34.00,Website,11,0.47,2,0,2.13,Yes,4.0,2,0,1,1
NF-100952,2023-01-06,33.0,Male,Columbus,United States,Premium,6,$79.00,Website,24,1.77,5,3,,Yes,9.0,0,0,0,0
NF-100817,2022-05-16,30.0,Male,Columbus,United States,Premium,24,$79.00,Referral,16,1.34,4,1,1.22,No,4.0,1,0,0,0
NF-100190,2021-11-23,38.0,M,Portland,United States,Basic,1,$29.00,Walk-in,11,0.85,3,0,2.54,No,7.0,0,0,1,1
NF-101751,2022-12-10,38.0,Male,Portland,United States,Premium,6,$79.00,Mobile App,23,2.17,7,0,2.24,Yes,7.0,0,3,0,0
NF-101018,2022-07-18,41.0,Male,Austin,United States,Premium,24,$79.00,Website,19,1.52,5,2,4.6,No,7.0,1,1,1,1
NF-101704,2022-10-28,27.0,Male,Austin,United States,Premium,6,$79.00,Walk-in,22,1.27,4,0,2.98,No,,1,0,0,0
NF-101939,2021-10-25,16.0,F ,Denver,United States,Premium,6,$79.00,Partner Promo,10,1.99,8,6,2.17,No,4.0,0,0,0,0
NF-102299,2021-04-10,55.0,Female,Denver,United States,Plus,6,$45.00,Referral,3,2.12,8,7,7.04,Yes,8.0,0,0,0,0
NF-101436,2021-12-28,36.0,Male,Portland,United States,Plus,1,$49.00,Website,12,0.72,4,0,1.52,Yes,4.0,-1,0,1,1
NF-100762,2022-01-18,18.0,Male,Portland,United States,Basic,1,$25.00,Website,13,0.43,2,1,7.17,Yes,5.0,0,0,1,1
NF-100502,2021-09-04,30.0,Prefer not to say,Denver,United States,Basic,6,$34.00,Referral,8,2.09,6,0,5.47,No,8.0,-1,1,0,0
NF-102482,2023-02-21,44.0,Prefer not to say,Portland,United States,Premium,24,$79.00,Website,26,1.19,3,0,1.12,Yes,5.0,1,0,0,0
NF-100585,2021-07-18,34.0,M,Denver,United States,Plus,12,$54.00,Referral,7,3.85,11,0,13.08,No,8.0,0,0,0,0
NF-102787,2023-07-16,32.0,Male,Austin,United States,Basic,1,$29.00,Website,30,2.39,7,0,2.83,Yes,8.0,0,0,0,0
NF-102223,2022-07-23,44.0,Male,Austin,United States,Premium,6,$84.00,Referral,19,0.69,1,1,2.87,No,,0,0,1,1
NF-100423,2022-02-14,22.0,Male,Raleigh,United States,Premium,24,$79.00,Website,13,2.25,7,4,2.98,No,8.0,0,0,0,0
NF-102057,2021-03-08,27.0,M,Columbus,United States,Plus,12,$54.00,Walk-in,2,2.0,8,2,3.04,Yes,5.0,0,0,0,0
NF-101435,2023-05-01,21.0,Female,Columbus,United States,Basic,1,$25.00,Website,28,1.6,4,8,4.33,Yes,,3,0,0,0
NF-102196,2022-02-23,38.0,Male,Portland,United States,Premium,24,$75.00,Mobile App,14,2.81,9,0,6.62,Yes,8.0,0,1,0,0
NF-102678,2022-11-20,25.0,Male,Columbus,United States,Premium,6,$79.00,Website,23,2.35,7,0,2.99,Yes,8.0,1,0,0,0
NF-102379,2022-11-17,45.0,Male,Austin,United States,Basic,12,$29.00,Partner Promo,23,3.3,7,5,4.35,Yes,7.0,0,1,0,0
NF-101266,2022-05-10,51.0,Male,Denver,United States,Basic,1,$29.00,Walk-in,16,1.04,5,0,1.98,No,5.0,0,1,1,1
NF-102939,2021-09-16,25.0,Female,Austin,United States,Basic,1,$29.00,Website,8,1.87,4,0,4.72,Yes,6.0,2,0,1,1
NF-102005,2023-02-12,27.0,Other,Denver,United States,Premium,12,$79.00,Website,25,3.77,13,0,5.5,Yes,8.0,0,2,0,0
NF-102799,2023-05-01,28.0,Female,Austin,United States,Basic,12,$25.00,Mobile App,28,1.11,3,2,2.2,No,5.0,0,0,0,0
NF-101474,2021-12-30,21.0,Female,Austin,United States,Plus,1,$54.00,Walk-in,12,1.89,7,1,4.97,Yes,5.0,1,0,0,0
NF-101870,2022-09-13,44.0,male,Denver,United States,Basic,12,$25.00,Referral,20,4.16,12,14,3.54,Yes,10.0,0,2,0,0
NF-100539,2022-11-19,16.0,male,Austin,United States,Plus,12,$49.00,Website,23,2.12,8,14,3.25,Yes,7.0,0,0,0,0
NF-101284,2021-04-13,34.0,Female,Denver,United States,Premium,12,$75.00,Mobile App,3,4.03,15,0,4.59,No,8.0,0,1,0,0
NF-100945,2022-02-03,37.0,M,Columbus,United States,Basic,12,$29.00,Referral,13,1.32,5,0,2.51,Yes,4.0,0,0,0,0
NF-100574,2023-07-14,43.0,Male,Raleigh,United States,Premium,12,$79.00,Website,30,5.15,16,0,4.39,Yes,10.0,0,2,0,0
NF-100118,2023-06-03,47.0,F,Denver,United States,Plus,6,$49.00,Walk-in,29,2.35,6,0,2.64,Yes,7.0,3,1,0,0
NF-100786,2022-08-23,32.0,Male,Austin,United States,Basic,6,$25.00,Referral,20,1.3,3,9,1.5,Yes,5.0,0,0,0,0
NF-101226,2022-12-31,55.0,Female,Raleigh,United States,Basic,1,$29.00,Mobile App,24,1.66,6,0,1.26,Yes,,3,0,1,1
NF-102819,2022-09-03,38.0,Male,Austin,United States,Basic,6,$25.00,Website,20,2.12,7,1,5.59,Yes,6.0,0,2,0,0
NF-100109,2021-12-08,32.0,FEMALE,Austin,United States,Plus,6,$49.00,Referral,11,1.5,5,1,1.03,Yes,4.0,1,0,1,1
NF-102504,2021-10-01,,male,Denver,United States,Basic,12,$34.00,Walk-in,9,1.66,5,0,1.05,Yes,6.0,0,0,0,0
NF-100783,2023-05-14,59.0,Male,Austin,United States,Basic,1,$25.00,Website,28,1.67,5,1,11.27,Yes,5.0,0,0,1,1
NF-101951,2022-06-08,34.0,Female,Austin,United States,Plus,12,$49.00,Website,17,2.63,9,7,2.94,No,6.0,0,1,0,0
NF-102606,2021-05-09,50.0,Female,Austin,United States,Plus,12,$49.00,Website,4,0.86,4,0,5.87,No,3.0,0,0,0,0
NF-102834,2021-11-11,,F,Austin,United States,Basic,1,$29.00,Website,10,0.53,2,2,5.17,Yes,,0,0,1,1
NF-101118,2023-03-13,42.0,Female,Austin,United States,Basic,1,$29.00,Website,26,1.8,5,2,14.91,No,6.0,0,0,1,1
NF-102284,2021-09-01,54.0,male,Denver,United States,Plus,12,$45.00,Mobile App,8,2.25,6,0,1.02,Yes,9.0,1,0,0,0
NF-100214,2021-03-29,50.0,female,Columbus,United States,Premium,24,$84.00,Website,3,1.17,4,0,2.07,No,6.0,2,0,0,0
NF-100778,2022-02-19,34.0,Male,Denver,United States,Plus,12,$54.00,Mobile App,14,1.75,6,0,5.08,No,7.0,0,2,0,0
NF-101550,2023-08-01,39.0,M,Portland,United States,Premium,24,$75.00,Walk-in,31,2.77,8,0,1.47,Yes,7.0,2,0,0,0
NF-100309,2023-03-06,32.0,Male,Austin,United States,Basic,6,$29.00,Mobile App,26,1.71,5,0,0.6,Yes,5.0,0,0,0,0
NF-101160,2022-08-06,35.0,Female,Portland,United States,Premium,6,$79.00,Website,19,2.41,7,0,3.08,Yes,7.0,0,0,0,0
NF-102560,2021-05-15,43.0,Female,Austin,United States,Plus,6,$49.00,Walk-in,4,1.78,7,2,,Yes,,0,0,1,1
NF-100218,2021-03-23,33.0,Male,Columbus,United States,Premium,6,$79.00,Mobile App,3,1.96,6,0,2.46,Yes,,2,0,1,1
NF-100428,2023-07-14,39.0,F,Columbus,United States,Plus,1,$49.00,Referral,30,2.19,7,0,6.2,Yes,7.0,0,0,0,0
NF-102650,2023-04-04,,Female,Portland,United States,Basic,6,$29.00,Website,27,2.55,8,2,1.56,Yes,8.0,1,0,0,0
NF-100712,2022-06-15,37.0,M,Denver,United States,Basic,6,$34.00,Mobile App,17,2.01,7,0,3.47,No,7.0,0,1,0,1
NF-102312,2023-01-13,16.0,Male,Raleigh,United States,Basic,6,$29.00,Walk-in,24,1.81,7,1,2.59,No,6.0,3,0,1,1
NF-102310,2021-08-09,52.0,Male,Boise,United States,Premium,24,$75.00,Website,7,5.7,17,0,2.01,Yes,9.0,0,1,0,0
NF-100008,2021-11-04,33.0,Female,Austin,United States,Basic,1,$29.00,Mobile App,10,0.5,4,1,3.14,Yes,6.0,1,0,1,1
NF-102579,2021-12-22,46.0,Female,Denver,United States,Basic,1,$29.00,Mobile App,12,1.06,3,0,4.34,No,7.0,1,0,0,0
NF-101661,2021-06-14,57.0,Male,Portland,United States,Basic,1,$29.00,Walk-in,5,2.29,7,2,2.33,Yes,7.0,0,0,0,0
NF-101220,2023-06-24,26.0,Male,Denver,United States,Basic,6,$29.00,Walk-in,30,2.82,9,0,1.23,No,8.0,0,0,0,0
NF-102622,2021-06-21,19.0,F,Austin,United States,Plus,12,$54.00,Website,6,1.12,7,2,,Yes,6.0,0,0,0,0
NF-100595,2022-09-25,25.0,male,Columbus,United States,Basic,6,$29.00,Website,21,1.24,5,0,0.58,Yes,,1,0,1,1
NF-102382,2022-10-13,32.0,F ,Austin,United States,Premium,12,$79.00,Website,21,1.86,5,0,6.24,Yes,6.0,0,0,1,1
NF-101471,2023-08-04,24.0,Male,Austin,United States,Premium,24,$79.00,Website,31,3.93,13,13,3.98,Yes,9.0,0,0,0,0
NF-102351,2023-05-09,19.0,Female,Austin,United States,Premium,12,$75.00,Website,28,2.22,8,0,2.54,Yes,5.0,2,0,0,0
NF-102252,2021-07-09,36.0,Female,Denver,United States,Plus,12,$54.00,Mobile App,6,2.71,8,0,1.66,Yes,7.0,2,0,0,0
NF-100516,2023-07-18,33.0,Male,Raleigh,United States,Plus,1,$45.00,Mobile App,31,2.38,7,3,2.78,No,9.0,0,1,0,0
NF-101587,2023-09-06,31.0,female,Austin,United States,Basic,1,$29.00,Mobile App,32,1.79,4,9,1.47,Yes,6.0,1,0,0,0
NF-102015,2023-03-25,45.0,Female,Raleigh,United States,Basic,1,$25.00,Website,27,1.81,7,6,1.34,Yes,8.0,2,0,0,0
NF-102476,2022-07-03,,male,Portland,United States,Plus,12,$54.00,Website,18,1.71,5,0,,Yes,8.0,0,0,0,0
NF-101662,2021-07-10,34.0,female,Austin,United States,Premium,24,$79.00,Mobile App,6,1.92,5,7,3.13,Yes,3.0,1,0,0,0
NF-101873,2023-08-10,43.0,Female,Denver,United States,Plus,1,$49.00,Mobile App,31,1.48,4,0,4.64,Yes,6.0,3,1,1,1
NF-101216,2022-11-08,32.0,Female,Austin,United States,Plus,12,$49.00,Walk-in,22,1.82,4,2,4.29,Yes,4.0,0,0,0,0
NF-101805,2023-04-11,50.0,Female,Austin,United States,Plus,12,$49.00,Walk-in,27,2.43,8,0,13.53,Yes,6.0,0,1,0,0
NF-101332,2022-12-24,31.0,F,Austin,United States,Plus,12,$49.00,Walk-in,24,1.65,3,0,5.17,Yes,6.0,1,1,0,0
NF-100674,2022-03-27,38.0,Female,Austin,United States,Basic,1,$34.00,Mobile App,15,3.81,13,2,2.16,Yes,6.0,0,1,0,0
NF-100819,2022-11-19,30.0,Male,Denver,United States,Premium,6,$84.00,Mobile App,23,4.02,14,0,2.39,No,9.0,0,1,0,0
NF-100431,2022-11-14,36.0,Female,Raleigh,United States,Premium,12,$79.00,Mobile App,22,3.38,10,0,3.57,Yes,9.0,0,0,0,0
NF-102776,2021-06-06,28.0,F ,Denver,United States,Premium,12,$79.00,Website,5,1.16,3,10,5.02,No,4.0,2,1,0,0
NF-101068,2023-07-31,42.0,Female,Raleigh,United States,Premium,12,$79.00,Referral,31,2.3,8,0,12.44,Yes,8.0,1,2,1,1
NF-101773,2022-12-12,33.0,MALE,Portland,United States,Basic,1,$34.00,Referral,23,2.51,7,0,1.77,No,,2,0,1,1
NF-100313,2022-12-08,32.0,F ,Denver,United States,Basic,6,$25.00,Mobile App,23,1.63,3,18,1.74,Yes,7.0,0,0,0,0
NF-102759,2021-08-21,39.0,male,Denver,United States,Premium,12,$84.00,Website,8,1.54,5,0,16.23,Yes,5.0,1,0,1,1
NF-102767,2022-11-20,22.0,Female,Denver,United States,Plus,12,$54.00,Website,23,2.08,6,0,6.57,Yes,9.0,0,1,0,0
NF-100060,2022-07-07,23.0,F,Portland,United States,Plus,1,$49.00,Website,18,2.64,7,0,3.98,No,6.0,1,1,1,0
NF-101962,2022-12-22,38.0,Female,Portland,United States,Plus,6,$54.00,Walk-in,24,2.39,7,9,,No,9.0,1,1,0,0
NF-100682,2022-10-21,51.0,Female,Raleigh,United States,Basic,1,$29.00,Referral,22,2.38,7,0,4.66,No,,0,1,1,1
NF-101907,2022-11-12,29.0,Male,Austin,United States,Basic,1,$34.00,Walk-in,22,2.39,7,4,3.3,No,5.0,0,0,0,0
NF-102796,2021-06-01,21.0,Male,Portland,United States,Basic,1,$29.00,Referral,5,2.02,6,4,9.0,No,6.0,0,0,0,0
NF-101152,2021-12-17,40.0,female,Austin,United States,Basic,1,$29.00,Website,12,2.12,8,0,6.46,No,7.0,0,1,0,0
NF-100889,2023-05-28,38.0,Female,Boise,United States,Basic,6,$29.00,Mobile App,29,3.84,13,0,1.26,Yes,7.0,0,0,0,0
NF-100944,2022-04-30,31.0,M,Columbus,United States,Basic,12,$29.00,Mobile App,16,1.78,6,0,2.4,No,6.0,0,1,0,0
NF-102056,2022-02-15,46.0,M,Raleigh,United States,Basic,1,$29.00,Walk-in,13,4.3,14,0,1.41,Yes,10.0,0,1,0,0
NF-101335,2023-07-13,33.0,Female,Austin,United States,Basic,6,$29.00,Website,30,1.75,4,0,1.2,No,8.0,1,0,0,0
NF-101861,2021-12-24,56.0,Male,Austin,United States,Basic,12,$29.00,Website,12,0.78,3,0,4.64,No,5.0,0,0,1,1
NF-100644,2021-01-15,22.0,Male,Portland,United States,Basic,6,$34.00,Walk-in,1,1.16,5,4,6.31,Yes,6.0,0,1,0,0
NF-101886,2021-07-11,,male,Raleigh,United States,Plus,12,$49.00,Mobile App,6,4.46,15,0,0.77,No,10.0,0,0,0,0
NF-100526,2022-11-10,38.0,F,Denver,United States,Basic,1,$34.00,Website,22,1.22,4,0,1.24,Yes,6.0,1,0,1,1
NF-100506,2021-09-10,21.0,M,Columbus,United States,Plus,12,$49.00,Website,8,2.47,7,0,3.92,Yes,6.0,2,0,0,0
NF-101230,2021-11-14,42.0,M,Columbus,United States,Plus,6,$49.00,Website,10,2.66,9,0,2.54,No,6.0,1,0,0,0
NF-102958,2022-01-28,33.0,Male,Portland,United States,Plus,6,$49.00,Walk-in,13,1.91,4,0,1.79,Yes,6.0,0,0,0,0
NF-100716,2022-10-31,42.0,F,Portland,United States,Basic,1,$25.00,Referral,22,1.15,5,2,7.98,Yes,5.0,1,0,0,0
NF-102023,2022-11-26,64.0,Male,Portland,United States,Basic,12,$29.00,Mobile App,23,1.53,5,0,1.52,Yes,5.0,1,1,0,0
NF-101841,2021-09-27,43.0,male,Austin,United States,Plus,12,$45.00,Mobile App,9,2.84,9,0,1.91,Yes,7.0,1,0,0,0
NF-101016,2021-01-30,29.0,Male,Denver,United States,Plus,12,$45.00,Mobile App,1,1.32,4,0,3.21,Yes,7.0,1,1,0,0
NF-101968,2022-05-29,53.0,F,Austin,United States,Premium,24,$79.00,Referral,17,2.49,7,0,4.2,No,8.0,1,1,0,0
NF-100054,2023-02-07,32.0,Female,Austin,United States,Premium,24,$79.00,Mobile App,25,1.15,5,0,5.5,Yes,5.0,0,0,0,0
NF-100049,2023-06-30,48.0,Female,Portland,United States,Plus,1,$49.00,Website,30,1.94,7,0,4.94,No,5.0,1,0,1,1
NF-100766,2021-01-21,35.0,F,Austin,United States,Premium,12,$75.00,Walk-in,1,1.36,4,0,2.86,Yes,,1,0,1,1
NF-102502,2023-09-11,16.0,F,Columbus,United States,Basic,1,$29.00,Walk-in,32,1.58,5,4,1.15,Yes,,1,0,0,0
NF-102156,2023-01-26,62.0,Female,Raleigh,United States,Premium,12,$79.00,Walk-in,25,4.12,14,4,1.57,No,8.0,0,0,0,0
NF-100809,2022-09-14,38.0,M,Denver,United States,Plus,6,$49.00,Walk-in,20,1.95,5,0,9.95,No,5.0,1,0,0,0
NF-102070,2023-02-22,39.0,Female,Denver,United States,Plus,1,$49.00,Website,26,3.03,9,8,5.9,No,7.0,0,0,0,0
NF-100376,2023-02-04,48.0,F,Austin,United States,Basic,1,$25.00,Mobile App,25,1.37,5,4,5.61,Yes,5.0,1,0,1,1
NF-100736,2021-10-19,42.0,Female,Portland,United States,Basic,1,$29.00,Website,10,2.17,5,0,4.64,No,7.0,2,1,0,0
NF-102608,2021-06-25,30.0,F,Raleigh,United States,Premium,24,$79.00,Website,6,22.3,9,0,5.06,No,8.0,0,0,0,0
NF-100594,2021-12-18,46.0,Male,Denver,United States,Basic,6,$29.00,Referral,12,1.87,8,8,5.1,No,6.0,0,1,0,0
NF-100348,2021-03-09,54.0,F,Denver,United States,Plus,12,$45.00,Mobile App,2,2.03,6,0,1.55,Yes,8.0,0,1,0,0
NF-100093,2021-05-18,17.0,Other,Raleigh,United States,Plus,12,$49.00,Website,5,2.45,8,0,1.08,Yes,8.0,1,1,1,1
NF-101248,2021-03-31,23.0,Female,Portland,United States,Basic,1,$29.00,Website,3,2.72,6,0,4.52,Yes,8.0,0,2,0,0
NF-102818,2022-11-24,22.0,F ,Columbus,United States,Plus,24,$45.00,Website,23,3.39,11,0,5.17,Yes,9.0,1,0,0,0
NF-102914,2021-06-01,45.0,M,Denver,United States,Basic,1,$29.00,Walk-in,5,3.17,11,0,4.56,No,9.0,0,0,0,0
NF-102557,2023-03-07,53.0,Male,Denver,United States,Premium,12,$79.00,Walk-in,26,3.64,12,0,1.89,Yes,10.0,0,0,0,0
NF-102401,2021-04-18,47.0, Male,Austin,United States,Premium,12,$75.00,Website,4,1.11,2,0,2.18,Yes,7.0,0,0,0,0
NF-102536,2021-10-16,37.0,female,Austin,United States,Premium,12,$79.00,Referral,9,4.59,16,0,3.67,Yes,10.0,0,1,0,0
NF-101681,2021-09-20,45.0,FEMALE,Austin,United States,Plus,1,$49.00,Mobile App,9,1.61,5,0,5.68,Yes,8.0,1,0,0,0
NF-102316,2021-08-20,72.0,male,Denver,United States,Basic,12,$34.00,Walk-in,8,2.35,7,0,4.57,No,6.0,0,1,0,0
NF-100135,2023-01-11,43.0,F ,Denver,United States,Basic,6,$29.00,Mobile App,24,3.55,14,0,5.03,Yes,8.0,0,1,0,0
NF-102936,2022-08-04,25.0,Male,Denver,United States,Basic,12,$34.00,Mobile App,19,5.16,18,1,1.87,Yes,8.0,0,1,0,0
NF-100935,2021-06-01,42.0,Other,Portland,United States,Basic,1,$25.00,Referral,5,1.52,6,2,1.21,Yes,7.0,1,0,0,0
NF-101714,2022-09-02,34.0,F,Austin,United States,Plus,12,$49.00,Mobile App,20,1.25,3,5,11.54,Yes,,0,1,1,1
NF-102556,2022-08-07,20.0,Male,Denver,United States,Basic,1,$25.00,Referral,19,1.28,4,5,1.45,No,6.0,0,0,0,0
NF-100777,2021-05-28,23.0,F,Portland,United States,Plus,12,$49.00,Website,5,1.54,5,1,,Yes,7.0,0,0,0,0
NF-101134,2021-07-20,38.0,Female,Denver,United States,Plus,12,$49.00,Website,7,2.84,10,2,3.92,Yes,6.0,2,0,0,0
NF-101678,2023-05-27,32.0,Female,Austin,United States,Plus,12,$49.00,Walk-in,29,1.98,6,0,3.21,Yes,6.0,0,0,1,1
NF-101664,2021-09-09,22.0,M,Denver,United States,Basic,6,$34.00,Walk-in,8,3.75,10,0,1.68,Yes,9.0,0,1,0,0
NF-100707,2021-06-01,45.0,Female,Portland,United States,Basic,1,$34.00,Website,5,1.96,6,0,2.47,Yes,6.0,1,0,1,1
NF-100560,2022-09-07,46.0,Male,Austin,United States,Plus,24,$54.00,Website,20,1.92,7,0,2.18,No,5.0,0,0,0,0
NF-100653,2023-05-08,44.0,Male,Austin,United States,Basic,6,$29.00,Walk-in,28,2.05,6,0,15.53,No,5.0,0,0,0,0
NF-101270,2023-07-12,44.0,Female,Denver,United States,Plus,12,$45.00,Referral,30,1.35,2,0,1.08,Yes,5.0,0,0,0,1
NF-102838,2022-06-30,46.0,Male,Columbus,United States,Basic,1,$29.00,Mobile App,18,1.27,5,0,4.29,Yes,3.0,0,0,0,0
NF-100417,2022-03-19,53.0,Female,Portland,United States,Basic,6,$29.00,Website,15,1.9,7,0,2.19,Yes,7.0,0,0,0,0
NF-101878,2022-08-23,21.0,MALE,Denver,United States,Basic,1,$29.00,Referral,20,2.16,8,0,5.92,No,5.0,0,0,0,0
NF-100986,2023-08-05,36.0,Male,Denver,United States,Basic,6,$25.00,Walk-in,31,2.37,8,0,4.77,No,5.0,0,1,0,0
NF-102565,2023-04-29,45.0,female,Denver,United States,Premium,24,$79.00,Mobile App,28,1.96,4,0,2.53,Yes,7.0,3,0,0,0
NF-100130,2023-03-26,47.0,M,Portland,United States,Plus,1,$49.00,Website,27,3.46,12,17,6.41,Yes,8.0,0,0,0,0
NF-100847,2023-04-27,19.0,male,Portland,United States,Plus,24,$45.00,Referral,28,1.92,7,4,,Yes,7.0,0,1,0,0
NF-101149,2023-04-25,20.0,F,Austin,United States,Basic,12,$34.00,Mobile App,28,1.8,4,0,1.11,Yes,,1,1,0,0
NF-100024,2023-03-27,24.0,Male,Denver,United States,Basic,1,$29.00,Website,27,4.49,14,42,1.55,Yes,10.0,-1,1,0,0
NF-101804,2021-04-12,25.0,Female,Raleigh,United States,Basic,6,$29.00,Mobile App,3,4.95,17,0,3.64,Yes,10.0,0,2,0,0
NF-101889,2022-01-10,34.0,Female,Columbus,United States,Plus,6,$49.00,Mobile App,12,1.55,2,10,3.88,Yes,5.0,0,0,0,0
NF-101527,2022-03-12,32.0,Female,Austin,United States,Basic,6,$25.00,Referral,14,3.02,8,2,6.06,Yes,,1,1,0,0
NF-102203,2022-11-27,42.0,Male,Portland,United States,Plus,1,$49.00,Website,23,2.53,9,0,,Yes,4.0,0,0,0,0
NF-102952,2021-07-12,25.0,Male,Denver,United States,Plus,6,$54.00,Walk-in,6,0.89,3,0,3.94,Yes,4.0,2,0,1,1
NF-102302,2021-09-07,46.0,Male,Austin,United States,Basic,6,$34.00,Mobile App,8,2.24,8,2,2.6,Yes,7.0,1,0,0,0
NF-101022,2023-05-19,38.0,Female,Boise,United States,Plus,12,$49.00,Website,29,2.08,8,0,4.15,No,8.0,0,0,0,0
NF-100872,2021-12-19,31.0,Male,Austin,United States,Basic,1,$29.00,Mobile App,12,1.32,5,0,3.61,No,5.0,2,1,1,1
NF-101566,2021-04-07,32.0,M,Raleigh,United States,Plus,12,$49.00,Walk-in,3,1.36,7,2,4.51,Yes,5.0,1,0,0,0
NF-100225,2021-07-08,37.0,M,Austin,United States,Basic,12,$25.00,Website,6,1.72,5,0,4.85,Yes,7.0,0,0,0,0
NF-102022,2022-11-09,34.0,Prefer not to say,Portland,United States,Premium,12,$75.00,Website,22,2.15,5,3,2.53,Yes,7.0,0,0,0,0
NF-101469,2021-07-20,16.0,Female,Raleigh,United States,Premium,24,$79.00,Mobile App,7,1.39,4,0,8.32,Yes,5.0,0,0,0,0
NF-101461,2021-02-06,44.0,Male,Portland,United States,Premium,6,$75.00,Website,1,1.51,5,1,8.62,Yes,6.0,0,0,0,0
NF-101056,2021-09-16,50.0,Female,Columbus,United States,Plus,1,$49.00,Website,8,1.38,5,0,,No,4.0,0,0,1,1
NF-102458,2022-07-08,50.0,M,Columbus,United States,Basic,1,$29.00,Mobile App,18,1.65,6,0,1.23,Yes,5.0,0,0,1,1
NF-102848,2022-04-18,34.0,Female,Denver,United States,Basic,1,$29.00,Mobile App,16,1.1,4,0,3.56,Yes,5.0,0,0,1,1
NF-102227,2021-05-09,39.0,Female,Portland,United States,Basic,1,$25.00,Website,4,1.26,4,0,4.96,No,5.0,0,0,0,0
NF-100947,2021-02-15,37.0,male,Denver,United States,Plus,12,$49.00,Website,1,3.19,11,0,1.29,Yes,9.0,0,0,0,0
NF-101908,2021-01-24,21.0,Male,Columbus,United States,Basic,1,$25.00,Mobile App,1,2.11,7,3,1.81,Yes,7.0,0,1,0,0
NF-102058,2022-09-02,46.0,Male,Portland,United States,Basic,6,$29.00,Website,20,2.05,6,0,2.0,No,8.0,1,0,0,0
NF-100354,2022-04-09,75.0,Female,Austin,United States,Basic,6,$29.00,Referral,15,1.03,3,10,8.76,Yes,,0,0,1,1
NF-100067,2022-04-17,48.0,Female,Denver,United States,Plus,6,$45.00,Walk-in,15,2.76,10,0,6.54,Yes,5.0,2,1,1,1
NF-101697,2023-06-16,23.0,M,Denver,United States,Basic,12,$29.00,Mobile App,29,1.62,6,0,,No,5.0,0,0,0,0
NF-100721,2022-11-08,41.0,M,Columbus,United States,Premium,6,$79.00,Walk-in,22,3.53,9,0,3.48,Yes,8.0,0,2,0,0
NF-100145,2021-09-06,39.0,Female,Austin,United States,Basic,1,$25.00,Referral,8,2.12,7,6,4.06,Yes,7.0,1,1,0,0
NF-100415,2022-09-02,45.0,male,Columbus,United States,Basic,1,$34.00,Walk-in,20,0.65,0,0,0.89,Yes,2.0,1,0,1,1
NF-101530,2021-06-21,47.0,Female,Austin,United States,Basic,6,$29.00,Website,6,1.71,5,0,2.33,Yes,,0,1,0,0
NF-102981,2022-10-03,46.0, Male,Columbus,United States,Basic,1,$29.00,Walk-in,21,2.3,8,1,1.69,Yes,7.0,0,0,0,0
NF-100171,2023-04-02,16.0,Male,Portland,United States,Premium,12,$79.00,Website,27,1.14,4,1,,Yes,7.0,1,0,0,0
NF-100726,2023-04-20,47.0,F,Austin,United States,Plus,24,$45.00,Website,28,2.81,7,4,3.05,Yes,,0,0,0,0
NF-101895,2021-07-22,33.0,MALE,Portland,United States,Premium,12,$79.00,Mobile App,7,1.65,3,0,1.08,No,10.0,0,1,0,0
NF-100055,2022-06-06,50.0,Male,Austin,United States,Premium,12,$79.00,Referral,17,2.68,8,0,2.44,No,7.0,1,0,0,0
NF-100138,2023-08-27,48.0,Male,Columbus,United States,Basic,6,$29.00,Mobile App,32,2.01,5,0,1.33,No,5.0,2,1,0,0
NF-102243,2023-03-05,33.0,Female,Portland,United States,Basic,1,$29.00,Walk-in,26,2.9,11,0,1.44,Yes,7.0,0,0,0,0
NF-100449,2022-10-31,25.0,Female,Austin,United States,Basic,12,$29.00,Website,22,3.58,12,0,,Yes,6.0,1,0,0,0
NF-101997,2022-01-12,21.0,Female,Raleigh,United States,Plus,24,$54.00,Website,12,2.31,7,3,,No,7.0,0,3,0,0
NF-100988,2021-12-25,37.0, Male,Austin,United States,Basic,6,$29.00,Website,12,3.61,9,0,2.17,No,9.0,0,0,0,0
NF-100969,2021-09-07,39.0,M,Columbus,United States,Plus,1,$54.00,Website,8,3.69,13,7,6.41,Yes,8.0,0,0,0,0
NF-100136,2023-06-29,39.0,Male,Austin,United States,Basic,6,$29.00,Walk-in,30,3.03,10,5,2.51,Yes,8.0,1,0,0,0
NF-101896,2022-12-27,33.0,Female,Portland,United States,Premium,24,$79.00,Mobile App,24,2.12,6,2,2.74,No,5.0,2,1,0,0
NF-100174,2021-12-11,47.0,Male,Denver,United States,Basic,1,$29.00,Walk-in,11,3.71,13,9,3.08,Yes,9.0,1,0,0,0
NF-101965,2022-04-06,30.0,Male,Austin,United States,Premium,24,$84.00,Mobile App,15,2.93,8,0,5.83,Yes,6.0,0,1,0,0
NF-100385,2022-12-20,16.0,Female,Portland,United States,Basic,1,$29.00,Mobile App,24,1.56,5,0,2.85,No,6.0,0,1,0,0
NF-101724,2021-03-20,44.0,Male,Austin,United States,Plus,24,$54.00,Website,3,0.7,4,1,3.15,No,5.0,0,0,0,0
NF-102771,2021-03-10,24.0,Female,Denver,United States,Plus,6,$49.00,Mobile App,2,2.03,5,0,1.36,No,5.0,0,0,1,1
NF-100444,2021-11-08,59.0,F,Denver,United States,Basic,12,$34.00,Walk-in,10,2.41,8,0,4.57,Yes,7.0,1,0,0,0
NF-101101,2023-02-25,31.0,Male,Austin,United States,Premium,24,$79.00,Website,26,0.64,1,0,4.28,Yes,,1,0,1,1
NF-102811,2022-09-13,43.0,F ,Columbus,United States,Basic,1,$29.00,Mobile App,20,3.89,12,0,4.87,Yes,9.0,1,0,0,0
NF-101827,2021-06-24,33.0,Male,Denver,United States,Plus,12,$45.00,Mobile App,6,0.62,2,0,,Yes,4.0,0,0,0,0
NF-102953,2021-03-07,37.0,M,Austin,United States,Plus,6,$54.00,Mobile App,2,1.84,5,0,3.85,Yes,4.0,1,0,0,0
NF-101883,2022-10-20,43.0,Female,Raleigh,United States,Plus,6,$45.00,Partner Promo,22,3.03,8,16,4.88,Yes,5.0,0,1,0,0
NF-101289,2022-04-22,26.0,Male,Denver,United States,Basic,1,$29.00,Walk-in,16,0.94,1,0,10.04,Yes,7.0,1,0,1,1
NF-101581,2022-05-01,36.0,M,Raleigh,United States,Basic,1,$34.00, ,16,1.42,6,0,8.85,Yes,5.0,0,0,1,1
NF-100089,2023-05-14,31.0,Male,Austin,United States,Plus,24,$49.00,Mobile App,28,3.6,13,0,,Yes,9.0,1,0,0,0
NF-102655,2021-06-09,47.0,Prefer not to say,Columbus,United States,Plus,1,$49.00,Mobile App,5,1.56,5,0,5.6,Yes,5.0,1,1,1,1
NF-101305,2022-05-20,36.0,other,Raleigh,United States,Plus,6,$49.00,Website,17,3.28,9,0,6.57,Yes,5.0,1,0,1,1
NF-102100,2022-07-02,42.0,Female,Portland,United States,Basic,1,$25.00,Website,18,2.19,7,7,1.05,Yes,5.0,0,0,1,1
NF-102048,2022-06-17,41.0,Male,Columbus,United States,Plus,1,$45.00,Website,18,2.65,8,6,0.6,Yes,7.0,2,0,0,0
NF-102177,2021-11-08,47.0,Male,Austin,United States,Basic,1,$34.00,Mobile App,10,3.83,14,0,10.21,Yes,7.0,0,3,0,0
NF-101029,2022-07-30,29.0,Female,Denver,United States,Plus,12,$49.00,Mobile App,19,2.05,8,9,2.9,Yes,6.0,0,0,0,0
NF-101329,2021-06-23,30.0,Other,Denver,United States,Plus,1,$49.00,Walk-in,6,1.83,7,0,1.4,Yes,5.0,0,0,0,0
NF-100039,2022-06-21,36.0,Female,Austin,United States,Basic,12,$29.00,Website,18,1.79,7,0,3.35,Yes,5.0,0,0,1,1
NF-101012,2021-04-07,50.0,female,Austin,United States,Basic,6,$25.00,Website,3,0.54,3,0,13.68,No,1.0,1,0,1,1
NF-100943,2021-03-24,39.0,Female,Denver,United States,Plus,6,$54.00,Walk-in,3,2.85,7,0,,Yes,6.0,0,1,0,0
NF-100665,2022-06-09,34.0,F,Columbus,United States,Premium,12,$84.00,Walk-in,17,1.65,7,0,2.63,Yes,6.0,0,1,0,0
NF-102416,2022-03-04,39.0,Male,Portland,United States,Premium,12,$79.00,Website,14,2.34,8,2,2.38,Yes,7.0,0,1,0,0
NF-100452,2022-09-09,17.0,Female,Columbus,United States,Basic,12,$29.00,Website,20,1.99,5,1,,No,5.0,1,2,1,1
NF-100780,2022-12-22,25.0,female,Austin,United States,Basic,1,$29.00,Website,24,2.05,7,0,,No,7.0,1,0,1,1
NF-102834,2021-11-11,,F,Austin,United States,Basic,1,$29.00,Website,10,0.53,2,2,5.17,Yes,,0,0,1,1
NF-101148,2021-01-25,32.0,Female,Columbus,United States,Premium,24,$79.00,Website,1,3.3,11,0,0.53,No,7.0,0,0,0,0
NF-100177,2022-08-13,39.0,Female,Austin,United States,Plus,1,$54.00,Mobile App,19,2.43,8,0,3.37,No,9.0,0,0,0,0
NF-102184,2023-08-21,24.0,Male,Raleigh,United States,Plus,12,$49.00,Website,32,0.99,5,0,4.49,No,4.0,0,0,0,0
NF-100336,2023-03-31,49.0,MALE,Denver,United States,Basic,12,$29.00,Website,27,2.26,7,0,2.41,Yes,6.0,0,0,0,0
NF-101918,2022-02-12,41.0,Male,Denver,United States,Plus,12,$49.00,Mobile App,13,2.29,7,0,6.66,Yes,4.0,0,0,0,0
NF-102166,2021-12-16,39.0,F,Denver,United States,Plus,24,$49.00,Walk-in,11,1.23,5,0,2.27,Yes,5.0,0,0,1,1
NF-101396,2021-03-09,35.0,Female,Austin,United States,Premium,12,$79.00,Mobile App,2,0.66,3,1,17.2,No,4.0,1,0,0,1
NF-101556,2022-08-03,34.0,Male,Raleigh,United States,Premium,12,$79.00,Walk-in,19,3.57,11,5,3.7,Yes,7.0,0,2,0,0
NF-102921,2022-09-22,35.0,Female,Columbus,United States,Plus,1,$54.00,Mobile App,21,2.09,7,0,10.7,Yes,4.0,1,0,1,1
NF-101600,2021-08-15,,Female,Portland,United States,Basic,1,$29.00,Website,7,1.3,5,0,1.0,No,6.0,1,0,1,1
NF-101641,2021-09-07,32.0,Male,Portland,United States,Plus,12,$49.00,Walk-in,8,5.42,19,0,2.07,Yes,10.0,0,1,0,0
NF-100351,2022-07-08,37.0,M,Austin,United States,Plus,6,$54.00,Website,18,4.68,14,0,0.58,No,10.0,0,1,0,0
NF-100624,2021-01-10,46.0,female,Austin,United States,Premium,6,$79.00,Referral,1,2.88,9,12,7.76,No,9.0,0,2,0,0
NF-102240,2021-12-24,24.0,Male,Denver,United States,Basic,12,$29.00,Website,12,3.26,14,0,2.31,Yes,9.0,0,2,0,0
NF-102546,2022-06-09,16.0,M,Denver,United States,Basic,1,$29.00,Website,17,3.77,11,0,7.35,Yes,9.0,1,1,0,0
NF-102505,2022-07-18,,Female,Austin,United States,Plus,24,$54.00,Website,19,1.57,5,0,0.78,No,4.0,1,0,0,0
NF-101551,2021-01-19,41.0,Male,Denver,United States,Basic,1,$29.00,Walk-in,1,2.45,7,6,4.72,Yes,8.0,0,0,0,0
NF-102183,2023-06-22,20.0,Female,Denver,United States,Basic,1,$29.00,Referral,30,3.42,10,6,2.03,Yes,9.0,0,3,0,0
NF-102588,2022-09-16,39.0,male,Denver,United States,Plus,24,$54.00,Walk-in,20,1.42,4,0,1.85,No,5.0,1,0,0,0
NF-102089,2022-04-07,47.0,Male,Denver,United States,Basic,1,$34.00,Walk-in,15,3.06,9,0,1.34,Yes,8.0,0,0,0,0
NF-100723,2023-05-20,16.0,Male,Austin,United States,Basic,1,$29.00,Website,29,0.9,4,0,1.79,No,6.0,0,1,1,1
NF-100698,2021-09-16,26.0,F ,Denver,United States,Plus,12,$49.00,Website,8,2.21,6,0,2.69,Yes,4.0,1,0,0,0
NF-100358,2021-04-22,40.0,M,Denver,United States,Plus,12,$54.00,Walk-in,4,1.98,6,13,2.52,Yes,7.0,1,1,0,0
NF-102898,2021-01-12,33.0,F ,Portland,United States,Basic,1,$34.00,Website,1,2.93,9,0,,No,7.0,0,0,0,0
NF-101321,2022-07-25,50.0,FEMALE,Austin,United States,Premium,6,$84.00,Website,19,2.59,10,0,0.76,Yes,7.0,0,0,0,0
NF-101613,2021-12-21,21.0,Female,Denver,United States,Basic,6,$25.00,Website,12,1.4,3,1,2.58,No,,0,0,0,1
NF-102741,2022-10-21,21.0,Male,Raleigh,United States,Basic,12,$29.00,Website,22,4.24,15,17,2.73,Yes,9.0,0,2,0,0
NF-102590,2021-05-31,24.0,Male,Raleigh,United States,Basic,1,$29.00,Website,5,1.84,4,12,0.97,Yes,5.0,0,1,0,0
NF-101525,2022-09-13,32.0,M,Raleigh,United States,Premium,24,$79.00,Mobile App,20,2.57,8,4,2.07,Yes,6.0,0,1,0,0
NF-100618,2021-06-01,44.0,M,Austin,United States,Premium,12,$79.00,Website,5,2.65,8,0,1.81,Yes,7.0,0,1,0,0
NF-100465,2021-09-12,56.0,Male,Austin,United States,Plus,12,$45.00,Website,8,3.07,11,0,3.31,No,7.0,0,0,0,0
NF-101434,2021-08-07,,Female,Austin,United States,Premium,6,$79.00,Mobile App,7,2.53,9,7,1.72,Yes,8.0,0,0,0,0
NF-102763,2022-01-24,26.0,Female,Denver,United States,Basic,1,$25.00,Mobile App,13,2.58,8,0,0.86,Yes,5.0,1,2,0,0
NF-101419,2021-07-15,37.0,Female,Portland,United States,Basic,1,$29.00,Walk-in,6,1.99,7,0,,Yes,6.0,2,0,1,1
NF-102523,2021-03-28,30.0,Female,Austin,United States,Plus,6,$49.00,Referral,3,2.2,6,5,2.02,Yes,6.0,0,1,0,0
NF-101702,2022-01-19,16.0,Male,Portland,United States,Basic,12,$25.00,Mobile App,13,1.26,5,0,1.71,No,,0,0,1,0
NF-102127,2023-07-22,28.0,Male,Columbus,United States,Basic,1,$25.00,Mobile App,31,1.23,2,0,2.05,No,,4,0,0,1
NF-101987,2021-02-05,44.0,M,Columbus,United States,Premium,12,$79.00,Website,1,3.45,10,0,3.14,No,8.0,0,2,0,0
NF-100491,2023-04-03,44.0,Female,Portland,United States,Plus,12,$49.00,Referral,27,1.73,6,0,1.09,No,6.0,2,1,0,0
NF-102899,2021-11-03,54.0,M,Raleigh,United States,Plus,24,$49.00,Referral,10,2.24,5,0,4.49,No,8.0,0,0,0,0
NF-101765,2023-05-08,42.0,female,Raleigh,United States,Basic,12,$29.00,Partner Promo,28,2.76,9,9,1.68,No,8.0,0,0,0,0
NF-102585,2022-03-07,43.0,Male,Raleigh,United States,Basic,1,$29.00,Website,14,1.14,1,10,2.61,Yes,4.0,0,0,0,0
NF-102421,2023-02-17,31.0,Male,Portland,United States,Plus,12,$49.00,Website,26,2.85,9,10,3.41,No,7.0,1,0,0,0
NF-101788,2021-07-29,43.0,F,Austin,United States,Premium,24,$79.00,Website,7,1.97,6,16,14.24,Yes,7.0,0,0,0,0
NF-102969,2023-01-24,35.0,F ,Columbus,United States,Plus,12,$49.00,Partner Promo,25,1.5,3,0,1.79,No,7.0,1,0,0,0
NF-101481,2022-12-25,44.0,Male,Austin,United States,Basic,6,$29.00,Walk-in,24,3.06,11,0,4.11,No,7.0,0,2,0,0
NF-102686,2021-04-08,45.0,FEMALE,Austin,United States,Plus,6,$49.00,Website,3,2.23,9,0,2.05,Yes,,0,0,1,1
NF-101135,2021-01-10,38.0,female,Portland,United States,Basic,6,$29.00,Website,1,3.6,12,2,2.37,Yes,8.0,0,0,0,0
NF-101935,2022-07-25,28.0,Female,Denver,United States,Premium,12,$79.00,Website,19,4.75,15,0,1.88,Yes,9.0,0,1,0,0
NF-102404,2021-01-15,43.0,Male,Raleigh,United States,Basic,1,$29.00,Walk-in,1,4.29,14,0,1.39,Yes,7.0,0,1,0,0
NF-101580,2022-03-24,17.0,FEMALE,Portland,United States,Basic,1,$34.00,Website,15,2.32,7,0,2.62,Yes,7.0,0,0,0,0
NF-100479,2023-01-20,29.0,Female,Columbus,United States,Plus,6,$49.00,Referral,25,1.4,4,0,4.87,Yes,7.0,0,0,0,0
NF-102265,2021-06-08,33.0,FEMALE,Austin,United States,Plus,6,$54.00,Website,5,2.46,9,0,0.66,Yes,8.0,0,1,0,0
NF-100102,2022-02-11,19.0,Female,Raleigh,United States,Basic,1,$29.00,Referral,13,2.34,7,7,4.07,No,8.0,0,1,0,0
NF-101478,2021-04-29,39.0,Female,Columbus,United States,Plus,1,$54.00,Website,4,2.59,8,0,2.36,Yes,6.0,0,0,0,0
NF-100742,2023-08-06,33.0,Male,Portland,United States,Basic,1,$29.00,Website,31,1.89,7,0,1.25,Yes,8.0,1,0,0,0
NF-102641,2023-01-18,27.0,Female,Austin,United States,Premium,24,$84.00,Walk-in,25,1.04,3,0,3.05,Yes,3.0,0,0,0,1
NF-100053,2021-06-27,25.0,Female,Denver,United States,Basic,6,$29.00,Website,6,1.66,6,3,3.44,No,6.0,0,2,0,0
NF-100987,2022-07-29,28.0,MALE,Raleigh,United States,Basic,1,$29.00,Referral,19,1.22,4,0,4.35,Yes,5.0,1,0,1,1
NF-102439,2021-06-14,27.0,Male,Austin,United States,Premium,12,$84.00,Website,5,1.53,6,1,1.23,No,5.0,0,0,1,1
NF-100068,2021-07-04,44.0,F,Austin,United States,Plus,1,$49.00,Walk-in,6,2.06,4,0,4.52,No,7.0,1,0,1,1
NF-100717,2023-01-27,24.0,female,Portland,United States,Premium,24,$79.00,Walk-in,25,2.54,10,0,1.03,Yes,6.0,1,1,0,0
NF-101100,2021-04-30,41.0,female,Denver,United States,Basic,1,$29.00,Website,4,4.57,15,0,7.02,No,,0,1,0,0
NF-100333,2023-01-05,52.0,Female,Columbus,United States,Basic,1,$29.00,Mobile App,24,2.41,8,0,12.64,No,,2,0,1,1
NF-102443,2021-07-25,27.0,F,Raleigh,United States,Basic,1,$29.00,Website,7,1.57,4,0,9.38,Yes,4.0,0,0,1,1
NF-101391,2022-06-15,28.0,other,Boise,United States,Basic,6,$29.00,Website,17,1.49,4,0,2.17,No,7.0,1,0,1,1
NF-101239,2022-02-16,32.0,Other,Austin,United States,Plus,1,$45.00,Referral,14,1.87,6,5,1.22,Yes,,1,0,1,1
NF-100784,2021-11-15,33.0,F,Raleigh,United States,Plus,1,$49.00,Walk-in,10,4.49,15,14,0.26,No,7.0,0,2,0,0
NF-101173,2023-05-07,26.0,female,Portland,United States,Plus,12,$49.00,Referral,28,3.56,11,1,0.7,Yes,10.0,0,2,0,0
NF-101158,2021-12-28,46.0,Female,Denver,United States,Basic,1,$34.00,Website,12,4.16,12,0,3.0,No,9.0,0,3,0,0
NF-101315,2021-10-27,22.0,F,Columbus,United States,Premium,24,$75.00,Mobile App,10,1.34,3,0,1.56,No,6.0,0,0,0,0
NF-101137,2023-03-24,35.0,Other,Denver,United States,Premium,24,$79.00,Mobile App,27,1.16,5,4,2.49,No,6.0,2,0,0,0
NF-100127,2022-05-08,50.0,Female,Portland,United States,Plus,12,$45.00,Partner Promo,16,1.38,2,0,1.97,Yes,6.0,0,0,0,0
NF-101583,2023-07-01,50.0, Male,Denver,United States,Basic,1,$25.00,Mobile App,30,4.08,14,11,4.51,Yes,7.0,1,3,0,0
NF-101974,2023-09-23,16.0,M,Denver,United States,Plus,12,$49.00,Website,33,1.02,4,0,1.74,Yes,4.0,3,0,1,1
NF-101261,2021-03-01,33.0,F,Raleigh,United States,Plus,6,$45.00,Mobile App,2,1.41,4,0,2.37,Yes,5.0,0,1,0,0
NF-102586,2023-09-20,26.0,M,Portland,United States,Plus,24,$45.00,Mobile App,33,1.47,6,0,5.71,No,6.0,0,0,0,0
NF-101106,2022-12-26,38.0,Female,Denver,United States,Basic,12,$34.00,Mobile App,24,1.89,6,1,3.81,No,6.0,1,1,0,0
NF-100950,2023-07-28,36.0,F,Austin,United States,Basic,1,$29.00,Website,31,1.65,4,0,5.47,Yes,5.0,2,0,0,0
NF-102122,2023-04-21,34.0,Female,Portland,United States,Basic,6,$34.00,Mobile App,28,1.59,5,0,,No,8.0,1,0,0,0
NF-101129,2022-09-25,16.0,F,Columbus,United States,Premium,6,$75.00,Website,21,2.76,8,0,1.01,Yes,,-1,0,1,1
NF-102929,2022-07-19,19.0,Female,Portland,United States,Basic,6,$25.00,Website,19,1.73,4,0,4.06,Yes,5.0,1,0,0,0
NF-101558,2022-10-17,57.0,Female,Columbus,United States,Basic,1,$29.00,Mobile App,22,1.27,4,0,5.09,Yes,6.0,0,0,0,1
NF-100461,2023-08-01,23.0,M,Denver,United States,Basic,1,$29.00,Website,31,2.62,8,2,1.89,No,8.0,0,0,0,0
NF-100639,2023-04-07,16.0,Male,Denver,United States,Premium,12,$79.00,Mobile App,27,2.71,8,3,3.88,Yes,9.0,2,1,0,0
NF-100757,2022-09-02,29.0,FEMALE,Austin,United States,Plus,6,$45.00,Referral,20,2.97,10,6,,No,7.0,0,0,0,0
NF-102666,2021-08-25,16.0,F,Denver,United States,Premium,24,$79.00,Referral,8,2.26,7,0,1.06,Yes,7.0,0,0,0,0
NF-100929,2022-05-24,39.0,F,Columbus,United States,Plus,6,$49.00,Website,17,3.05,10,13,1.47,No,7.0,1,2,0,0
NF-100230,2022-01-05,38.0,Female,Austin,United States,Basic,1,$34.00,Referral,12,1.99,5,4,1.01,Yes,6.0,-1,1,0,0
NF-101319,2021-01-26,23.0,male,Austin,United States,Basic,6,$34.00,Mobile App,1,2.16,9,3,,No,5.0,0,0,0,0
NF-100555,2021-10-16,56.0,Male,Portland,United States,Basic,6,$25.00,Mobile App,9,1.58,6,0,2.51,Yes,7.0,1,0,0,0
NF-100543,2021-02-01,44.0,Male,Denver,United States,Basic,12,$34.00,Walk-in,1,2.74,10,1,13.36,Yes,8.0,0,0,0,0
NF-102574,2022-07-28,22.0,female,Austin,United States,Plus,12,$49.00,Website,19,0.36,1,0,4.5,No,5.0,1,0,1,1
NF-102660,2022-04-29,28.0,female,Portland,United States,Basic,1,$29.00,Referral,16,1.05,4,5,4.7,No,4.0,1,0,1,1
NF-102425,2022-12-17,47.0,F,Austin,United States,Basic,1,$29.00,Referral,24,1.37,4,0,1.55,Yes,5.0,0,1,1,1
NF-102513,2021-10-05,45.0,Female,Austin,United States,Plus,12,$54.00,Website,9,3.47,11,14,10.37,Yes,7.0,0,1,0,0
NF-100098,2022-11-02,55.0,Male,Columbus,United States,Plus,12,$49.00,Website,22,2.0,6,0,1.09,No,4.0,2,0,0,0
NF-101430,2022-07-21,35.0,male,Portland,United States,Premium,6,$75.00,Mobile App,19,2.12,7,5,3.94,Yes,6.0,0,0,0,0
NF-101250,2022-08-20,40.0,Female,Portland,United States,Basic,1,$29.00,Mobile App,20,1.15,5,0,4.25,Yes,4.0,0,0,0,0
NF-101887,2023-08-25,39.0,Male,Denver,United States,Plus,12,$49.00,Walk-in,32,1.68,3,0,3.53,No,,1,0,1,1
NF-101899,2021-08-11,18.0,Female,Austin,United States,Basic,1,$25.00,Mobile App,7,1.46,5,4,1.75,No,7.0,0,0,0,0
NF-101005,2021-08-29,31.0,Female,Austin,United States,Premium,12,$79.00,Website,8,2.2,6,9,6.21,Yes,6.0,0,0,0,0
NF-101470,2022-06-07,37.0,Male,Portland,United States,Plus,6,$45.00,Mobile App,17,2.03,8,0,1.52,Yes,5.0,0,0,0,0
NF-102060,2023-02-12,35.0,male,Denver,United States,Plus,1,$49.00,Referral,25,2.24,5,2,1.15,No,5.0,0,0,0,1
NF-102309,2021-02-01,32.0,Male,Raleigh,United States,Basic,1,$29.00,Walk-in,1,2.3,6,1,8.12,No,5.0,0,0,1,1
NF-100294,2021-01-26,41.0,Male,Boise,United States,Basic,1,$29.00,Referral,1,1.97,5,4,2.87,Yes,5.0,1,0,0,1
NF-102428,2023-01-22,33.0,M,Austin,United States,Premium,12,$79.00,Website,25,2.54,8,0,1.85,Yes,8.0,0,0,0,0
NF-102704,2021-07-14,49.0,male,Austin,United States,Basic,6,$34.00,Walk-in,6,1.05,4,5,1.93,Yes,6.0,0,1,0,0
NF-102820,2023-06-06,31.0,Male,Denver,United States,Plus,12,$49.00,Mobile App,29,1.08,3,7,2.25,No,6.0,0,0,0,0
NF-102353,2023-03-21,36.0,Female,Denver,United States,Premium,12,$79.00,Website,27,1.56,5,2,3.61,Yes,8.0,1,0,0,0
NF-100159,2022-04-12,53.0,Female,Austin,United States,Premium,12,$79.00,Walk-in,15,1.16,4,0,1.58,No,5.0,2,0,1,1
NF-101236,2023-07-07,32.0,Female,Austin,United States,Basic,1,$29.00,Referral,30,2.25,7,0,0.88,No,9.0,0,0,0,0
NF-100650,2023-05-09,24.0, Male,Denver,United States,Premium,12,$75.00,Walk-in,28,4.03,14,3,13.7,Yes,9.0,0,1,0,0
NF-100909,2021-03-16,44.0,Female,Columbus,United States,Plus,12,$54.00,Walk-in,2,2.53,8,0,4.3,Yes,7.0,1,0,1,1
NF-102846,2022-05-12,42.0,Male,Portland,United States,Basic,6,$25.00,Mobile App,16,1.14,2,6,2.83,Yes,6.0,0,0,0,0
NF-102648,2023-09-06,17.0,Male,Raleigh,United States,Basic,1,$29.00,Mobile App,32,5.26,19,14,4.1,Yes,9.0,0,1,1,0
NF-101557,2023-04-27,32.0,FEMALE,Columbus,United States,Plus,12,$49.00,Walk-in,28,1.99,6,0,0.72,Yes,8.0,0,0,1,1
NF-100320,2021-08-25,24.0,male,Portland,United States,Plus,6,$49.00,Website,8,2.0,8,0,1.44,Yes,7.0,1,2,0,0
NF-100014,2022-12-09,37.0,Female,Portland,United States,Basic,6,$34.00,Walk-in,23,1.54,4,0,2.05,No,6.0,0,1,0,0
NF-100975,2023-04-09,41.0,female,Austin,United States,Basic,12,$29.00,Walk-in,27,2.42,8,0,0.59,No,5.0,0,1,0,0
NF-102483,2023-05-17,27.0,F,Austin,United States,Premium,12,$79.00,Website,28,1.23,5,3,1.8,No,4.0,1,0,1,1
NF-101446,2021-06-17,39.0,Female,Columbus,United States,Plus,12,$45.00,Website,5,4.23,14,3,3.62,Yes,9.0,0,1,0,0
NF-100462,2021-03-04,35.0,Male,Columbus,United States,Basic,6,$34.00,Mobile App,2,1.3,6,0,1.88,No,5.0,0,0,0,0
NF-102976,2022-04-19,32.0,female,Austin,United States,Basic,1,$29.00,Walk-in,16,1.45,3,0,4.19,Yes,7.0,0,0,0,0
NF-101692,2022-05-22,42.0,Female,Austin,United States,Premium,6,$84.00,Walk-in,17,2.42,7,0,1.99,No,6.0,1,0,0,0
NF-101719,2023-05-30,33.0,Male,Portland,United States,Basic,6,$34.00,Mobile App,29,2.73,7,2,4.43,Yes,8.0,0,0,0,0
NF-100643,2023-07-15,19.0,F,Portland,United States,Plus,1,$49.00,Mobile App,30,2.66,10,0,2.2,No,7.0,1,0,0,0
NF-100619,2022-06-21,27.0,Male,Raleigh,United States,Basic,6,$34.00,Website,18,2.97,9,4,6.31,Yes,7.0,0,0,0,0
NF-100651,2023-04-15,21.0,Female,Columbus,United States,Plus,12,$45.00,Referral,27,2.7,8,10,0.41,Yes,8.0,0,2,0,0
NF-100253,2022-12-28,45.0,Male,Denver,United States,Plus,12,$49.00,Website,24,3.17,9,10,3.75,Yes,9.0,0,0,0,0
NF-101881,2022-10-04,39.0,Female,Austin,United States,Basic,1,$29.00,Website,21,3.35,10,0,,Yes,,0,0,0,0
NF-100873,2022-04-11,33.0,Other,Austin,United States,Basic,1,$25.00,Website,15,2.84,10,0,1.68,Yes,,0,1,0,0
NF-100466,2023-06-08,38.0,F,Austin,United States,Premium,12,$84.00,Referral,29,1.03,4,0,3.36,Yes,,0,0,1,1
NF-100753,2022-09-05,23.0,Female,Austin,United States,Basic,1,$25.00,Website,20,3.62,13,9,2.25,Yes,7.0,0,3,0,0
NF-102639,2022-01-27,35.0,Male,Columbus,United States,Plus,1,$49.00,Mobile App,13,0.84,4,0,3.03,No,4.0,3,0,1,1
NF-100941,2021-12-17,37.0,F,Columbus,United States,Basic,12,$34.00,Referral,12,1.28,4,0,4.42,Yes,5.0,0,0,1,1
NF-100882,2022-12-24,31.0,Male,Columbus,United States,Basic,1,$34.00,Website,24,2.15,8,0,,Yes,6.0,1,0,0,0
NF-100291,2023-01-14,35.0,FEMALE,Austin,United States,Plus,12,$45.00,Website,24,1.49,4,0,,Yes,5.0,1,0,0,0
NF-100233,2023-01-15,42.0,Female,Portland,United States,Plus,12,$49.00,Mobile App,24,1.04,5,0,1.36,Yes,7.0,0,0,1,1
NF-102975,2023-01-06,16.0,F ,Portland,United States,Plus,12,$54.00,Website,24,1.77,6,11,2.78,No,7.0,1,1,0,0
NF-101304,2022-07-22,37.0,female,Austin,United States,Premium,6,$79.00,Website,19,3.1,10,0,1.34,No,7.0,1,0,0,0
NF-101766,2023-07-31,25.0,Male,Denver,United States,Plus,12,$49.00,Walk-in,31,1.26,5,1,5.02,No,,5,0,1,1
NF-101518,2022-05-03,39.0,female,Austin,United States,Basic,6,$29.00,Walk-in,16,3.43,11,0,2.89,Yes,8.0,0,0,0,0
NF-102271,2022-11-20,30.0,Male,Portland,United States,Basic,1,$25.00,Partner Promo,23,2.86,11,4,,No,8.0,0,0,0,0
NF-102628,2023-04-08,35.0,Female,Raleigh,United States,Plus,1,$49.00,Referral,27,21.5,7,0,1.59,Yes,8.0,1,0,0,0
NF-102097,2021-10-21,34.0,M,Denver,United States,Premium,12,$75.00,Mobile App,10,3.09,11,0,1.1,No,8.0,0,2,0,0
NF-102417,2022-06-20,49.0,F,Austin,United States,Plus,12,$49.00,Walk-in,18,2.15,8,3,,Yes,6.0,0,0,0,0
NF-102025,2021-09-20,31.0,Female,Austin,United States,Plus,12,$45.00,Walk-in,9,3.11,9,3,2.84,Yes,6.0,1,2,0,0
NF-101485,2023-09-23,51.0,Female,Denver,United States,Premium,24,$79.00,Walk-in,33,0.52,2,3,3.09,Yes,5.0,0,0,0,1
NF-101241,2022-03-06,49.0,Female,Portland,United States,Basic,6,$29.00,Walk-in,14,1.36,3,0,0.76,No,7.0,2,0,0,0
NF-100534,2023-03-21,46.0,Male,Portland,United States,Premium,12,$75.00,Website,27,0.66,2,1,1.24,No,3.0,1,0,0,0
NF-100525,2022-10-01,27.0,Female,Denver,United States,Premium,24,$84.00,Walk-in,21,2.31,9,13,2.4,No,5.0,0,0,1,1
NF-101425,2022-12-06,25.0,Male,Austin,United States,Plus,24,$49.00,Mobile App,23,2.26,7,0,1.15,No,6.0,0,0,0,0
NF-101080,2021-04-20,30.0,male,Portland,United States,Basic,1,$34.00,Mobile App,4,2.48,6,0,3.37,Yes,4.0,2,0,1,1
NF-102447,2021-03-13,57.0,M,Austin,United States,Plus,12,$49.00,Website,2,2.27,6,0,4.23,Yes,8.0,1,1,0,0
NF-102715,2022-11-08,36.0,female,Portland,United States,Premium,24,$79.00,Mobile App,22,2.53,6,0,1.74,Yes,7.0,0,1,0,0
NF-100589,2021-03-12,28.0,Prefer not to say,Austin,United States,Basic,12,$29.00,Referral,2,1.4,5,2,3.4,No,4.0,0,0,0,0
NF-100673,2021-09-02,16.0,male,Columbus,United States,Basic,1,$25.00,Walk-in,8,1.7,5,0,2.8,Yes,6.0,1,0,0,0
NF-102562,2021-01-30,35.0,FEMALE,Columbus,United States,Plus,24,$49.00,Mobile App,1,2.19,8,0,2.61,No,6.0,0,0,0,0
NF-102154,2022-03-13,,Male,Raleigh,United States,Plus,1,$45.00,Walk-in,14,1.29,5,0,0.97,Yes,5.0,0,0,0,0
NF-101346,2023-07-04,39.0,F ,Denver,United States,Basic,6,$29.00,Website,30,1.79,5,9,1.99,Yes,4.0,1,0,0,0
NF-101375,2023-08-12,57.0,F,Austin,United States,Basic,1,$29.00,Mobile App,31,2.21,6,0,2.74,No,6.0,0,1,1,1
NF-100835,2022-07-21,46.0,Male,Denver,United States,Plus,1,$49.00,Mobile App,19,0.68,3,0,,Yes,6.0,2,0,0,0
NF-100251,2023-01-25,45.0,male,Boise,United States,Plus,12,$45.00,Mobile App,25,2.31,7,0,10.19,Yes,,1,0,0,0
NF-100666,2023-01-25,35.0,MALE,Denver,United States,Plus,12,$49.00,Walk-in,25,0.35,2,0,5.27,Yes,4.0,0,0,1,1
NF-102209,2022-06-11,40.0,Male,Raleigh,United States,Plus,12,$45.00,Walk-in,17,0.83,2,1,3.02,Yes,4.0,0,1,0,0
NF-101871,2021-08-03,29.0,Female,Austin,United States,Plus,6,$49.00,Referral,7,2.08,6,14,7.14,Yes,5.0,1,0,0,0
NF-100390,2023-02-07,37.0,M,Portland,United States,Basic,6,$34.00,Mobile App,25,0.57,3,0,0.3,No,,2,0,1,1
NF-101467,2023-09-20,35.0,Male,Columbus,United States,Plus,12,$49.00,Referral,33,2.12,8,0,2.48,Yes,,0,1,1,1
NF-102575,2022-12-06,41.0,Male,Austin,United States,Plus,12,$49.00,Website,23,3.36,11,0,2.49,Yes,9.0,0,1,0,0
NF-101362,2022-02-25,28.0,Male,Austin,United States,Premium,24,$79.00,Website,14,3.69,13,0,1.0,Yes,8.0,0,0,0,0
NF-100794,2022-09-07,45.0,M,Columbus,United States,Basic,1,$29.00,Mobile App,20,2.18,7,0,1.17,Yes,,1,0,1,1
NF-101984,2021-08-05,36.0,Female,Austin,United States,Plus,12,$45.00,Website,7,3.41,10,15,1.63,No,7.0,1,1,0,0
NF-101933,2023-07-23,35.0,Male,Columbus,United States,Basic,12,$29.00,Mobile App,31,0.98,3,0,3.15,Yes,3.0,-1,0,1,1
NF-102104,2021-03-07,47.0,Male,Austin,United States,Basic,1,$29.00,Mobile App,2,0.69,4,0,0.86,Yes,4.0,0,0,1,1
NF-100681,2021-11-30,38.0,FEMALE,Portland,United States,Basic,1,$29.00,Website,11,3.14,10,0,4.94,Yes,7.0,0,0,0,0
NF-101205,2023-05-18,40.0,Male,Portland,United States,Basic,1,$29.00,Partner Promo,29,0.16,0,0,2.4,Yes,,0,0,1,1
NF-101077,2021-12-17,20.0,M,Portland,United States,Premium,12,$79.00,Website,12,2.99,10,11,2.48,Yes,8.0,0,0,0,0
NF-102926,2022-08-13,34.0,female,Boise,United States,Plus,6,$49.00,Walk-in,19,1.4,5,0,3.7,Yes,6.0,2,0,0,0
NF-102394,2021-05-08,48.0,Female,Portland,United States,Basic,6,$29.00,Walk-in,4,2.96,11,0,2.67,Yes,7.0,1,1,0,0
NF-100151,2021-06-11,45.0,FEMALE,Raleigh,United States,Basic,6,$29.00,Website,5,2.25,7,6,1.11,Yes,4.0,2,0,1,1
NF-101524,2021-05-12,43.0,FEMALE,Portland,United States,Plus,12,$54.00,Mobile App,4,1.3,5,0,4.92,Yes,4.0,1,0,1,1
NF-102801,2021-10-02,31.0,Female,Austin,United States,Basic,12,$29.00,Partner Promo,9,1.41,5,0,,No,7.0,2,1,0,0
NF-100827,2022-05-09,43.0,Female,Columbus,United States,Plus,6,$49.00,Walk-in,16,2.62,7,0,5.95,Yes,9.0,0,0,0,0
NF-101254,2023-01-31,43.0,Male,Raleigh,United States,Plus,1,$49.00,Website,25,0.74,4,0,15.42,No,4.0,2,0,1,1
NF-100524,2022-09-16,,male,Austin,United States,Plus,6,$49.00,Mobile App,20,0.5,0,0,1.91,Yes,,1,0,1,1
NF-101265,2021-06-13,31.0,Male,Denver,United States,Plus,1,$49.00,Walk-in,5,3.49,8,0,3.24,Yes,6.0,0,0,0,0
NF-102069,2023-04-22,37.0,male,Columbus,United States,Plus,1,$45.00,Referral,28,1.81,6,3,3.51,Yes,5.0,0,3,0,0
NF-100405,2022-11-09,35.0,female,Portland,United States,Plus,12,$49.00,Referral,22,1.83,6,0,11.05,No,5.0,2,0,0,1
NF-100257,2023-08-07,54.0,M,Denver,United States,Plus,1,$49.00,Walk-in,31,3.89,13,5,23.0,No,6.0,0,0,0,0
NF-102868,2023-07-06,39.0,male,Denver,United States,Basic,6,$29.00,Mobile App,30,2.32,8,0,5.98,Yes,7.0,0,1,0,0
NF-102436,2022-12-05,47.0,Female,Columbus,United States,Basic,12,$34.00,Mobile App,23,1.08,2,3,2.13,Yes,4.0,2,0,0,0
NF-100185,2022-09-30,34.0,F,Denver,United States,Premium,12,$79.00,Referral,21,2.09,7,0,4.91,Yes,5.0,0,0,0,0
NF-102091,2021-11-30,39.0,Male,Columbus,United States,Plus,12,$54.00,Partner Promo,11,2.59,7,0,1.54,No,,1,0,1,1
NF-100473,2023-09-27,30.0,F,Austin,United States,Premium,6,$79.00,Website,33,1.63,6,1,2.51,Yes,7.0,0,0,0,0
NF-100812,2022-05-10,24.0,Female,Austin,United States,Plus,12,$49.00,Website,16,0.53,2,0,2.99,Yes,,0,0,1,1
NF-102388,2021-11-08,23.0,M,Austin,United States,Plus,12,$49.00,Website,10,3.52,10,0,9.82,Yes,10.0,0,2,0,0
NF-101166,2023-07-14,26.0,M,Denver,United States,Basic,1,$29.00,Website,30,2.15,6,0,13.03,No,7.0,1,0,0,0
NF-100364,2023-08-29,29.0,M,Austin,United States,Basic,12,$29.00,Walk-in,32,2.46,9,0,1.57,Yes,8.0,0,0,0,0
NF-102967,2022-12-08,25.0,Male,Denver,United States,Plus,12,$49.00,Website,23,6.13,20,7,1.97,Yes,10.0,0,1,0,0
NF-101858,2022-05-09,56.0,F,Denver,United States,Basic,6,$29.00,Website,16,2.12,7,1,,Yes,7.0,1,0,0,0
NF-101350,2023-05-12,40.0,Female,Portland,United States,Basic,12,$29.00,Walk-in,28,2.25,10,0,2.9,Yes,5.0,0,1,0,0
NF-102363,2021-05-04,55.0,Other,Portland,United States,Premium,6,$79.00,Website,4,2.78,8,9,1.53,Yes,6.0,0,0,0,0
NF-100329,2022-06-03,23.0,male,Austin,United States,Basic,6,$29.00,Website,17,3.92,15,0,,Yes,10.0,0,0,0,0
NF-100512,2021-02-09,48.0,male,Denver,United States,Basic,1,$29.00,Mobile App,1,1.92,5,0,2.48,Yes,6.0,2,0,1,1
NF-100662,2022-09-09,41.0,Female,Portland,United States,Basic,12,$25.00,Website,20,3.31,12,0,0.93,Yes,7.0,1,0,1,1
NF-100345,2021-02-15,20.0,Female,Portland,United States,Basic,6,$29.00,Walk-in,1,1.89,6,1,1.02,Yes,6.0,1,0,0,0
NF-101603,2022-05-29,33.0,Male,Portland,United States,Basic,6,$29.00,Website,17,1.84,5,1,3.16,No,7.0,0,0,0,0
NF-100832,2021-10-21,34.0,male,Portland,United States,Premium,12,$79.00,Website,10,2.81,7,0,2.23,Yes,8.0,1,2,1,0
NF-100683,2021-09-19,43.0,M,Denver,United States,Premium,12,$79.00,Website,9,1.39,3,0,1.98,No,5.0,1,0,1,1
NF-102657,2023-02-15,36.0,Male,Austin,United States,Plus,12,$49.00,Mobile App,25,2.14,6,0,1.01,Yes,8.0,1,1,0,0
NF-101676,2022-01-24,16.0,Female,Denver,United States,Plus,6,$45.00,Website,13,1.74,4,0,1.75,No,6.0,0,1,0,0
NF-102979,2021-02-01,50.0,other,Denver,United States,Premium,12,$79.00,Website,1,3.14,9,0,1.25,Yes,9.0,0,0,0,0
NF-100772,2022-12-16,,M,Columbus,United States,Plus,24,$49.00,Website,23,1.93,6,0,4.66,No,6.0,0,0,0,0
NF-100066,2022-05-24,35.0,M,Portland,United States,Basic,6,$29.00,Website,17,1.17,5,0,4.48,No,5.0,0,0,0,0
NF-101950,2021-10-04,18.0,female,Denver,United States,Basic,6,$29.00,Website,9,3.07,8,0,1.76,Yes,7.0,0,1,0,0
NF-102736,2022-06-20,40.0,Male,Columbus,United States,Plus,12,$49.00,Walk-in,18,1.12,5,17,0.95,No,6.0,0,0,0,0
NF-101715,2023-02-07,26.0,female,Raleigh,United States,Premium,6,$79.00,Referral,25,3.21,11,3,10.5,No,9.0,1,2,0,0
NF-102420,2022-11-10,29.0,Female,Austin,United States,Basic,6,$29.00,Website,22,1.88,8,0,1.78,No,5.0,0,0,0,0
NF-100234,2023-09-26,58.0,Male,Portland,United States,Plus,1,$49.00,Walk-in,33,3.04,9,0,4.33,Yes,6.0,0,0,0,1
NF-100645,2021-04-30,53.0,FEMALE,Portland,United States,Basic,1,$29.00,Website,4,1.27,5,0,5.59,No,8.0,1,1,1,1
NF-102465,2022-06-14,25.0,Male,Austin,United States,Basic,1,$29.00,Walk-in,17,1.42,6,0,4.03,Yes,4.0,0,0,0,1
NF-102347,2021-07-18,45.0,Male,Denver,United States,Basic,1,$34.00,Website,7,1.69,8,1,1.8,Yes,5.0,0,0,0,0
NF-101666,2022-05-05,22.0,Female,Columbus,United States,Plus,6,$45.00,Mobile App,16,2.08,10,0,5.85,No,4.0,1,0,1,1
NF-101822,2023-07-09,22.0,Other,Portland,United States,Basic,1,$25.00,Referral,30,2.08,7,2,1.89,Yes,,2,0,0,0
NF-102077,2022-02-03,29.0,Male,Austin,United States,Basic,1,$29.00,Website,13,5.02,15,0,0.9,No,10.0,0,0,0,0
NF-101138,2021-10-11,48.0,Female,Denver,United States,Premium,12,$79.00,Mobile App,9,3.99,11,0,11.21,No,8.0,0,0,0,0
NF-100541,2021-04-10,36.0,male,Boise,United States,Plus,12,$49.00,Referral,3,1.2,4,0,3.8,Yes,4.0,0,0,1,1
NF-101313,2021-11-02,31.0,Female,Raleigh,United States,Plus,12,$49.00,Website,10,0.72,3,1,1.43,Yes,4.0,0,0,0,0
NF-102927,2023-02-19,33.0,female,Austin,United States,Plus,12,$49.00,Mobile App,26,25.4,4,0,1.36,Yes,5.0,0,0,0,0
NF-100200,2021-11-16,22.0,female,Raleigh,United States,Plus,12,$54.00,Walk-in,10,2.25,7,0,5.62,Yes,,2,0,0,0
NF-101963,2021-02-24,37.0,Female,Austin,United States,Basic,1,$29.00,Mobile App,2,1.03,2,4,1.46,No,6.0,1,0,0,0
NF-101295,2021-03-20,34.0,MALE,Raleigh,United States,Plus,6,$49.00,Referral,3,3.51,14,0,4.08,No,9.0,0,0,0,0
NF-102361,2021-05-04,34.0,Female,Austin,United States,Basic,12,$29.00,Mobile App,4,1.13,3,3,3.55,Yes,5.0,2,1,0,0
NF-100306,2021-11-04,32.0,male,Portland,United States,Basic,6,$25.00,Walk-in,10,1.47,6,5,7.6,No,6.0,0,0,0,0
NF-101308,2021-08-12,42.0,Male,Boise,United States,Basic,1,$29.00,Website,7,0.85,3,3,1.74,Yes,,1,0,1,1
NF-100129,2023-05-13,38.0,F,Columbus,United States,Basic,6,$29.00,Website,28,1.58,4,2,1.45,Yes,4.0,0,0,0,0
NF-100395,2021-10-18,42.0,Female,Columbus,United States,Basic,12,$25.00,Website,10,1.39,5,4,,Yes,3.0,1,0,0,0
NF-102894,2023-02-08,18.0,Male,Boise,United States,Basic,6,$29.00,Mobile App,25,2.36,7,7,,Yes,7.0,0,1,0,0
NF-101929,2023-03-04,47.0,F ,Denver,United States,Basic,1,$29.00,Website,26,0.48,2,0,2.4,No,6.0,0,0,1,1
NF-100326,2023-02-15,29.0,Female,Portland,United States,Basic,12,$29.00,Website,25,1.64,5,0,3.21,Yes,7.0,0,2,1,1
NF-100191,2022-04-10,26.0,female,Denver,United States,Plus,12,$49.00,Walk-in,15,1.31,3,0,1.66,Yes,5.0,1,0,0,1
NF-100722,2021-10-31,32.0,Female,Austin,United States,Plus,12,$54.00,Website,10,2.28,7,0,7.07,Yes,7.0,2,1,0,0
NF-101854,2022-05-30,33.0,Male,Columbus,United States,Plus,12,$45.00,Mobile App,17,2.71,8,0,6.88,Yes,7.0,0,1,0,0
NF-100307,2022-01-31,16.0,M,Portland,United States,Plus,6,$45.00,Website,13,2.94,8,10,1.88,Yes,10.0,0,1,0,0
NF-101064,2023-02-06,34.0,Female,Columbus,United States,Plus,12,$45.00,Website,25,1.53,4,2,5.78,Yes,5.0,0,0,1,1
NF-101397,2021-08-13,52.0,Male,Austin,United States,Basic,6,$29.00,Partner Promo,7,1.39,5,0,2.57,No,4.0,1,0,1,1
NF-100495,2022-10-15,52.0,Female,Columbus,United States,Premium,24,$84.00,Walk-in,21,3.02,11,1,21.7,Yes,7.0,2,1,0,0
NF-100384,2021-06-02,66.0,Male,Denver,United States,Plus,12,$49.00,Mobile App,5,0.67,2,0,1.55,Yes,5.0,1,0,0,0
NF-100582,2023-03-07,30.0,F,Columbus,United States,Basic,1,$29.00,Mobile App,26,1.76,7,7,4.15,Yes,5.0,1,0,0,0
NF-100397,2023-09-20,55.0,Male,Austin,United States,Basic,1,$29.00,Walk-in,33,0.5,3,0,2.6,Yes,4.0,3,0,1,1
NF-102964,2022-12-22,32.0,Female,Austin,United States,Basic,1,$34.00,Website,24,1.2,4,1,16.22,No,4.0,1,0,1,1
NF-101629,2023-05-03,37.0,F,Denver,United States,Basic,1,$34.00,Website,28,2.17,7,0,2.33,Yes,6.0,1,0,0,1
NF-100161,2023-09-23,41.0,Female,Denver,United States,Basic,6,$25.00,Partner Promo,33,2.84,9,0,2.87,Yes,7.0,-1,1,0,0
NF-101334,2022-10-15,43.0,M,Austin,United States,Basic,1,$34.00,Referral,21,2.15,8,9,1.29,No,8.0,1,0,0,0
NF-102754,2021-03-05,39.0,Male,Denver,United States,Basic,6,$29.00,Mobile App,2,1.69,7,0,4.35,Yes,6.0,0,0,0,0
NF-101103,2022-12-15,43.0,Male,Raleigh,United States,Basic,6,$29.00,Website,23,2.02,7,10,0.91,Yes,7.0,1,0,0,0
NF-100936,2021-01-31,41.0,F,Austin,United States,Premium,12,$84.00,Walk-in,1,1.73,5,0,9.1,Yes,5.0,3,0,0,0
NF-101039,2023-06-01,37.0,Female,Denver,United States,Plus,1,$49.00,Website,29,3.85,13,23,4.93,No,9.0,0,3,0,0
NF-101366,2021-09-02,24.0,FEMALE,Portland,United States,Basic,1,$29.00,Website,8,0.96,3,4,2.36,Yes,4.0,1,0,1,1
NF-101274,2023-05-08,37.0,Male,Columbus,United States,Basic,1,$25.00,Walk-in,28,2.43,9,0,8.61,No,7.0,0,0,0,0
NF-102974,2022-12-21,37.0,Female,Austin,United States,Premium,12,$79.00,Referral,24,2.56,8,2,0.84,Yes,6.0,1,1,0,0
NF-101926,2022-03-20,36.0,Male,Denver,United States,Basic,1,$29.00,Website,15,2.72,7,5,4.61,Yes,8.0,1,1,0,0
NF-101949,2022-12-16,,Male,Portland,United States,Basic,6,$25.00,Walk-in,23,2.56,8,0,0.67,No,7.0,0,0,0,0
NF-102068,2021-01-08,42.0,male,Portland,United States,Plus,12,$49.00,Referral,1,1.94,5,0,0.44,Yes,5.0,1,0,0,0
NF-100569,2022-02-06,68.0,Female,Austin,United States,Premium,12,$79.00,Website,13,3.92,12,0,20.07,Yes,6.0,0,0,0,0
NF-101159,2021-12-24,25.0,Female,Portland,United States,Basic,1,$34.00,Referral,12,3.2,11,0,7.22,Yes,8.0,1,0,1,1
NF-101560,2023-04-24,37.0,F ,Columbus,United States,Premium,12,$84.00,Walk-in,28,3.08,11,1,2.58,Yes,9.0,0,0,0,0
NF-101591,2022-05-31,31.0,F ,Columbus,United States,Premium,12,$79.00,Website,17,3.31,12,0,7.43,Yes,8.0,1,0,0,0
NF-101880,2023-01-15,36.0,male,Austin,United States,Plus,12,$54.00,Website,24,1.99,6,2,1.11,No,6.0,1,1,0,0
NF-102529,2021-12-23,23.0,Female,Denver,United States,Plus,6,$49.00,Website,12,2.54,7,0,2.29,Yes,9.0,-1,0,0,0
NF-102081,2021-10-20,27.0,Female,Columbus,United States,Basic,12,$25.00,Walk-in,10,0.74,3,0,3.75,Yes,4.0,1,0,1,1
NF-100047,2023-03-26,16.0,female,Austin,United States,Basic,6,$25.00,Website,27,1.67,4,0,1.65,Yes,6.0,0,0,0,0
NF-100029,2022-10-13,52.0,Female,Columbus,United States,Basic,12,$25.00,Walk-in,21,1.51,5,0,2.89,No,2.0,0,0,0,0
NF-101595,2023-03-17,39.0,Female,Austin,United States,Plus,6,$54.00,Website,26,1.45,6,9,3.61,Yes,5.0,0,0,0,0
NF-101925,2022-05-09,20.0,F ,Austin,United States,Basic,1,$29.00,Mobile App,16,3.2,10,0,,No,,1,0,1,1
NF-100501,2022-03-30,25.0,Male,Austin,United States,Basic,6,$29.00,Website,15,2.95,9,0,2.4,Yes,8.0,0,0,0,0
NF-101846,2021-07-31,25.0,F,Denver,United States,Basic,1,$34.00,Walk-in,7,1.83,8,12,1.87,Yes,7.0,0,0,0,0
NF-102501,2022-11-14,31.0,Male,Austin,United States,Plus,12,$49.00,Mobile App,22,1.96,5,10,1.1,Yes,8.0,0,0,0,0
NF-102785,2023-09-22,54.0,female,Raleigh,United States,Plus,24,$49.00,Website,33,2.05,8,0,2.29,Yes,8.0,0,0,0,0
NF-101185,2022-01-06,33.0,male,Columbus,United States,Plus,12,$49.00,Walk-in,12,1.59,5,0,3.98,No,5.0,1,0,0,0
NF-101268,2021-09-19,34.0,Male,Austin,United States,Premium,12,$84.00,Walk-in,9,2.43,7,0,1.58,No,8.0,1,1,0,0
NF-102558,2021-12-28,18.0,M,Austin,United States,Premium,12,$79.00,Website,12,3.12,9,3,4.47,Yes,6.0,0,1,0,0
NF-101856,2023-03-03,33.0,Female,Raleigh,United States,Premium,12,$79.00,Mobile App,26,0.86,3,3,5.03,Yes,4.0,1,0,0,0
NF-102578,2021-10-13,47.0,male,Austin,United States,Plus,12,$45.00,Website,9,2.06,7,2,,Yes,5.0,0,0,0,0
NF-101862,2021-08-05,42.0,male,Denver,United States,Plus,12,$49.00,Website,7,3.02,10,4,7.81,Yes,8.0,1,1,0,0
NF-101794,2022-03-12,35.0,F ,Austin,United States,Plus,12,$54.00,Mobile App,14,1.38,2,2,5.17,No,7.0,0,0,0,0
NF-102677,2022-12-21,40.0,Female,Denver,United States,Plus,12,$49.00,Website,24,0.71,2,2,3.04,No,3.0,1,0,1,1
NF-102549,2022-04-25,31.0,Female,Austin,United States,Basic,12,$29.00,Website,16,1.18,2,1,3.03,Yes,5.0,0,0,0,0
NF-100432,2022-04-18,50.0,Male,Raleigh,United States,Premium,24,$79.00,Website,16,3.06,9,0,2.27,Yes,7.0,0,0,0,0
NF-102301,2022-10-25,56.0,F,Raleigh,United States,Basic,1,$34.00,Walk-in,22,0.26,2,0,8.52,No,6.0,0,0,0,0
NF-100996,2021-05-25,38.0,Female,Austin,United States,Plus,6,$49.00,Walk-in,5,0.95,2,0,4.17,No,4.0,1,0,0,1
NF-102885,2023-03-21,53.0,M,Denver,United States,Plus,6,$45.00,Walk-in,27,2.58,10,0,11.66,Yes,5.0,0,1,0,0
NF-102821,2023-02-16,40.0,Other,Portland,United States,Premium,12,$84.00,Website,26,2.01,6,0,9.02,No,5.0,0,0,0,0
NF-100366,2021-12-04,41.0,Female,Austin,United States,Plus,24,$49.00,Walk-in,11,2.81,9,0,2.22,Yes,6.0,0,1,1,1
NF-101076,2022-12-29,41.0,female,Portland,United States,Basic,1,$29.00,Website,24,4.49,14,0,2.5,No,9.0,0,3,0,0
NF-101078,2023-04-21,38.0,Male,Raleigh,United States,Premium,6,$75.00,Referral,28,2.96,9,0,2.82,Yes,10.0,1,0,0,0
NF-100260,2021-08-20,30.0,Female,Denver,United States,Plus,1,$45.00,Mobile App,8,2.41,9,0,0.8,Yes,8.0,0,0,0,0
NF-102346,2023-08-26,43.0,F ,Austin,United States,Plus,1,$49.00,Website,32,1.47,5,10,1.63,Yes,4.0,0,0,1,1
NF-100556,2022-02-07,18.0,M,Austin,United States,Premium,24,$79.00,Mobile App,13,1.59,5,0,1.94,Yes,7.0,0,0,0,0
NF-102066,2023-01-07,43.0,M,Portland,United States,Basic,6,$29.00,Mobile App,24,0.8,1,0,1.59,No,,0,0,1,1
NF-100572,2022-01-29,34.0,Male,Portland,United States,Plus,12,$49.00,Website,13,2.16,7,0,2.87,No,7.0,2,0,0,0
NF-102943,2021-04-04,27.0,Female,Columbus,United States,Plus,6,$49.00,Walk-in,3,1.31,3,6,1.44,No,6.0,0,0,0,0
NF-102273,2022-12-31,39.0,Female,Austin,United States,Plus,6,$49.00,Walk-in,24,1.91,6,0,,Yes,5.0,1,0,0,0
NF-100599,2022-01-27,22.0,Female,Raleigh,United States,Plus,6,$49.00,Mobile App,13,1.61,7,0,0.33,No,4.0,1,0,0,1
NF-102691,2022-06-16,66.0,Male,Columbus,United States,Plus,1,$45.00,Website,17,2.98,10,0,3.11,No,9.0,1,2,1,1
NF-102041,2021-03-10,,M,Denver,United States,Basic,12,$29.00,Referral,2,1.94,6,0,2.27,Yes,,0,0,0,1
NF-100419,2021-03-05,54.0,Other,Austin,United States,Basic,1,$29.00,Website,2,0.9,4,2,3.81,Yes,6.0,1,0,1,1
NF-102136,2022-07-14,47.0,M,Boise,United States,Basic,1,$29.00,Referral,18,2.57,6,0,1.79,Yes,9.0,1,0,0,0
NF-101302,2021-09-08,49.0,female,Austin,United States,Plus,1,$49.00,Website,8,1.95,7,0,2.91,Yes,,1,0,1,1
NF-101246,2022-01-29,36.0,Other,Austin,United States,Plus,6,$49.00,Website,13,1.96,5,0,3.26,Yes,5.0,0,1,1,1
NF-101232,2022-05-23,33.0,Female,Raleigh,United States,Basic,1,$29.00,Website,17,2.89,8,0,0.83,Yes,9.0,0,0,0,0
NF-101448,2023-09-25,16.0,F,Portland,United States,Basic,1,$29.00,Website,33,1.45,4,6,0.83,Yes,,1,1,0,0
NF-102266,2021-02-28,51.0,Male,Austin,United States,Plus,12,$45.00,Referral,2,1.62,7,0,1.03,No,7.0,1,0,0,0
NF-102355,2022-11-10,45.0,Other,Raleigh,United States,Basic,6,$25.00,Walk-in,22,2.99,8,0,2.64,Yes,,0,1,1,1
NF-102204,2021-01-16,57.0,Female,Columbus,United States,Premium,24,$84.00,Website,1,2.83,10,2,3.77,Yes,6.0,0,0,0,0
NF-101812,2022-01-09,47.0,Male,Austin,United States,Basic,12,$29.00,Walk-in,12,0.98,5,0,3.59,No,4.0,0,0,0,0
NF-102219,2022-07-04,41.0,MALE,Portland,United States,Plus,6,$49.00,Referral,18,2.02,7,3,0.91,No,6.0,0,1,0,0
NF-101466,2021-12-11,39.0,Female,Raleigh,United States,Basic,1,$29.00,Website,11,5.03,16,0,2.37,No,9.0,0,1,0,0
NF-100275,2023-06-21,50.0,Male,Austin,United States,Basic,1,$29.00,Referral,30,2.22,7,7,2.86,No,6.0,0,0,1,1
NF-100705,2022-03-07,47.0,F,Portland,United States,Basic,1,$29.00,Walk-in,14,4.04,11,0,,Yes,9.0,0,0,0,0
NF-102334,2022-10-20,24.0,Male,Denver,United States,Plus,12,$49.00,Walk-in,22,2.61,8,7,16.69,Yes,6.0,1,0,0,0
NF-100453,2022-09-09,53.0,female,Columbus,United States,Basic,1,$34.00,Walk-in,20,2.25,7,0,2.11,Yes,7.0,0,0,1,1
NF-100113,2022-05-05,42.0,M,Austin,United States,Plus,24,$45.00,Mobile App,16,1.9,7,2,0.88,No,7.0,0,0,0,0
NF-100071,2022-05-17,44.0,male,Denver,United States,Basic,1,$29.00,Mobile App,16,71.5,9,6,1.26,No,8.0,0,2,0,0
NF-102028,2023-02-02,21.0,Male,Austin,United States,Premium,12,$75.00,Website,25,3.91,14,0,2.93,Yes,7.0,0,1,0,0
NF-102130,2021-11-02,23.0,F,Austin,United States,Basic,6,$25.00,Referral,10,3.24,11,4,3.03,Yes,7.0,1,0,0,0
NF-102966,2023-03-15,47.0,Male,Portland,United States,Basic,12,$29.00,Website,26,1.71,5,0,5.06,Yes,6.0,1,1,0,0
NF-102063,2023-06-29,36.0,Male,Denver,United States,Basic,1,$34.00,Website,30,1.28,3,2,1.53,No,,3,0,0,0
NF-101825,2022-12-29,21.0, Male,Portland,United States,Plus,12,$49.00,Website,24,0.97,3,2,2.36,Yes,7.0,0,0,0,0
NF-102583,2021-06-17,19.0,M,Austin,United States,Basic,1,$29.00,Website,5,1.68,3,5,1.11,Yes,5.0,0,1,1,1
NF-102289,2022-05-03,42.0,Male,Denver,United States,Plus,6,$49.00,Mobile App,16,2.38,9,3,2.9,Yes,7.0,0,0,0,0
NF-100918,2022-05-02,47.0,F,Denver,United States,Premium,12,$79.00,Mobile App,16,2.68,9,1,3.61,Yes,6.0,0,0,0,0
NF-100451,2022-10-03,25.0,FEMALE,Denver,United States,Basic,12,$25.00,Website,21,0.71,2,0,5.13,Yes,6.0,1,0,0,0
NF-102665,2023-03-29,39.0,M,Austin,United States,Plus,1,$45.00,Mobile App,27,2.82,9,0,2.18,Yes,8.0,1,0,0,0
NF-102452,2021-05-17,27.0,Male,Austin,United States,Basic,6,$25.00,Website,4,1.96,6,0,4.23,No,5.0,2,0,0,0
NF-101514,2022-10-08,23.0,female,Austin,United States,Basic,1,$29.00,Mobile App,21,2.3,7,0,5.68,Yes,8.0,0,1,0,0
NF-102392,2022-11-25,42.0,male,Denver,United States,Basic,1,$29.00,Referral,23,4.53,15,1,1.91,Yes,9.0,0,2,0,0
NF-101565,2021-02-12,51.0,Female,Austin,United States,Premium,24,$79.00,Website,1,2.59,7,0,18.32,Yes,5.0,1,0,0,0
NF-100739,2022-08-23,30.0,Female,Portland,United States,Basic,6,$29.00,Mobile App,20,1.62,6,0,2.13,Yes,5.0,0,0,0,1
NF-102412,2022-09-16,38.0,Female,Austin,United States,Basic,6,$29.00,Website,20,1.68,4,6,3.07,No,4.0,1,1,0,0
NF-101653,2023-09-03,33.0,FEMALE,Austin,United States,Basic,12,$29.00,Website,32,2.35,9,0,0.66,Yes,7.0,1,1,0,0
NF-100104,2021-10-09,42.0,male,Denver,United States,Premium,6,$75.00,Walk-in,9,0.36,1,1,6.59,Yes,,0,0,1,1
NF-101857,2023-04-29,41.0,Male,Austin,United States,Premium,12,$79.00,Mobile App,28,1.89,6,0,3.08,Yes,6.0,0,0,0,1
NF-102851,2023-05-29,21.0,M,Austin,United States,Basic,12,$34.00,Website,29,2.31,8,0,1.96,Yes,6.0,2,0,1,1
NF-102918,2022-04-19,24.0,Male,Denver,United States,Basic,6,$29.00,Mobile App,16,1.21,3,10,3.14,No,6.0,0,0,0,1
NF-102752,2022-07-02,32.0,Female,Columbus,United States,Plus,12,$45.00,Mobile App,18,1.77,6,8,3.07,Yes,,1,0,0,0
NF-100241,2022-12-06,32.0,Male,Portland,United States,Basic,1,$29.00,Website,23,1.51,5,2,5.31,Yes,,1,0,0,0
NF-102478,2023-01-01,46.0,Female,Denver,United States,Plus,6,$49.00,Website,24,2.05,8,0,3.5,Yes,7.0,0,1,0,0
NF-101988,2023-07-27,29.0,F,Boise,United States,Plus,12,$49.00,Website,31,2.2,8,0,2.73,No,8.0,0,1,0,0
NF-101569,2022-11-02,36.0,F,Austin,United States,Plus,1,$45.00,Website,22,1.67,4,0,0.46,No,5.0,2,0,0,0
NF-101619,2022-01-10,38.0,Male,Austin,United States,Plus,12,$49.00,Walk-in,12,2.95,10,0,3.17,Yes,8.0,2,0,0,0
NF-100096,2021-11-14,40.0,Female,Columbus,United States,Plus,6,$54.00,Walk-in,10,2.49,6,13,13.08,Yes,8.0,0,0,0,0
NF-102515,2021-03-26,35.0,male,Columbus,United States,Plus,12,$49.00,Website,3,4.2,14,0,,Yes,8.0,1,0,0,0
NF-101190,2023-06-13,35.0,Female,Austin,United States,Plus,12,$49.00,Mobile App,29,2.58,10,2,0.95,No,8.0,2,1,0,0
NF-100084,2023-01-08,32.0,Female,Austin,United States,Premium,12,$79.00,Referral,24,0.89,5,0,4.56,No,5.0,3,0,0,1
NF-101718,2022-11-03,16.0,female,Columbus,United States,Premium,12,$75.00,Referral,22,2.65,8,9,4.81,Yes,7.0,1,2,0,0
NF-100009,2022-09-27,50.0,female,Austin,United States,Plus,6,$45.00,Walk-in,21,1.44,4,1,1.68,Yes,7.0,0,1,0,0
NF-102652,2021-09-27,43.0,Male,Denver,United States,Plus,12,$54.00,Mobile App,9,4.24,12,12,2.69,No,9.0,0,1,0,0
NF-100878,2022-12-12,35.0,Female,Portland,United States,Basic,1,$25.00,Mobile App,23,0.93,2,1,,Yes,4.0,1,0,1,1
NF-101339,2023-04-25,28.0, Male,Austin,United States,Plus,12,$54.00,Website,28,1.19,3,0,0.88,Yes,3.0,1,0,1,1
NF-100773,2021-03-23,47.0,Male,Raleigh,United States,Plus,12,$49.00,Website,3,2.03,6,0,2.96,Yes,8.0,0,2,0,0
NF-101385,2022-01-23,54.0,M,Denver,United States,Basic,1,$34.00,Walk-in,13,5.06,15,0,1.09,Yes,9.0,0,1,0,0
NF-100276,2021-09-01,43.0,Male,Austin,United States,Plus,12,$45.00,Partner Promo,8,2.0,8,8,2.43,Yes,,1,0,0,0
NF-101408,2022-06-20,35.0, Male,Raleigh,United States,Basic,12,$29.00,Partner Promo,18,1.13,3,0,2.77,No,6.0,1,0,1,1
NF-101592,2021-06-14,44.0,Male,Austin,United States,Premium,24,$79.00,Website,5,2.73,10,6,3.87,Yes,6.0,0,0,0,0
NF-101372,2022-09-04,31.0,Female,Austin,United States,Plus,6,$49.00,Mobile App,20,0.98,3,6,3.55,No,5.0,1,0,0,0
NF-100088,2022-12-09,30.0,Female,Raleigh,United States,Basic,1,$29.00,Website,23,2.72,9,0,2.55,No,8.0,0,0,0,0
NF-100090,2023-08-19,34.0,Female,Denver,United States,Plus,1,$45.00,Walk-in,32,1.83,5,1,1.46,Yes,7.0,2,0,0,0
NF-100280,2021-11-27,56.0,M,Denver,United States,Basic,1,$34.00,Website,11,2.61,10,0,1.25,Yes,8.0,0,0,0,0
NF-101906,2022-05-21,49.0,F,Denver,United States,Premium,24,$79.00,Walk-in,17,2.46,10,7,4.49,Yes,6.0,1,0,0,0
NF-101484,2021-05-28,29.0,Female,Portland,United States,Basic,12,$29.00,Mobile App,5,2.25,6,0,,No,5.0,1,0,0,0
NF-101823,2022-06-16,43.0,MALE,Raleigh,United States,Basic,12,$29.00,Walk-in,17,2.48,8,0,4.73,Yes,6.0,0,1,0,0
NF-101324,2023-04-29,35.0,Male,Columbus,United States,Premium,6,$79.00,Website,28,2.15,4,5,7.0,No,7.0,0,0,0,0
NF-101426,2021-06-22,31.0,Male,Portland,United States,Basic,12,$29.00,Referral,6,1.35,4,0,3.8,Yes,6.0,0,0,0,0
NF-100992,2022-04-14,40.0,Male,Austin,United States,Basic,1,$29.00,Website,15,0.73,1,0,1.15,Yes,,1,0,1,1
NF-100365,2021-01-12,32.0,Male,Portland,United States,Plus,1,$49.00,Website,1,3.3,12,10,4.9,Yes,8.0,2,0,0,0
NF-102071,2022-04-09,33.0,Female,Portland,United States,Premium,12,$79.00,Walk-in,15,2.5,8,0,6.82,Yes,6.0,0,1,1,1
NF-100676,2022-03-03,43.0,Other,Austin,United States,Plus,24,$45.00,Referral,14,2.73,10,0,,Yes,7.0,0,2,0,0
NF-102026,2023-05-05,52.0,Other,Austin,United States,Plus,12,$54.00,Walk-in,28,1.73,7,14,3.63,Yes,5.0,1,1,0,0
NF-100998,2022-07-16,16.0,M,Columbus,United States,Premium,12,$75.00,Walk-in,18,2.2,7,0,4.43,Yes,5.0,0,1,0,0
NF-101189,2021-07-12,45.0,M,Portland,United States,Plus,6,$45.00,Referral,6,1.84,5,0,1.85,Yes,7.0,1,0,1,1
NF-102358,2023-03-27,34.0,M,Denver,United States,Basic,1,$29.00,Website,27,1.05,2,3,7.03,No,6.0,1,0,1,1
NF-102688,2021-10-07,46.0,Male,Portland,United States,Premium,12,$79.00,Referral,9,2.63,7,0,7.58,Yes,,0,0,1,1
NF-101759,2023-04-26,31.0,MALE,Austin,United States,Plus,1,$49.00,Partner Promo,28,2.61,8,5,2.34,Yes,10.0,0,0,0,0
NF-102288,2021-05-24,38.0,F ,Austin,United States,Basic,6,$25.00,Walk-in,5,0.49,4,0,5.2,Yes,5.0,3,0,1,1
NF-101342,2021-10-25,24.0,Male,Denver,United States,Plus,24,$49.00,Website,10,0.89,5,1,7.0,No,4.0,0,0,0,0
NF-100094,2021-10-16,43.0,Female,Denver,United States,Basic,1,$34.00,Walk-in,9,3.5,12,0,0.97,Yes,,0,2,0,0
NF-101286,2021-06-23,43.0,Female,Austin,United States,Plus,24,$54.00,Walk-in,6,1.35,4,1,0.98,No,5.0,0,0,0,0
NF-102146,2023-08-28,53.0,MALE,Austin,United States,Basic,1,$29.00,Mobile App,32,0.86,1,1,1.22,No,5.0,2,0,1,0
NF-100167,2021-06-30,34.0, Male,Columbus,United States,Basic,1,$34.00,Website,6,1.95,7,0,,Yes,7.0,1,0,0,0
NF-100496,2022-06-19,53.0,Female,Denver,United States,Basic,1,$29.00,Website,18,1.36,4,0,2.65,Yes,6.0,1,0,1,1
NF-101749,2023-09-26,45.0, Male,Denver,United States,Plus,12,$49.00,Mobile App,33,2.67,11,0,5.78,No,7.0,0,1,1,0
NF-102323,2022-06-28,26.0,F ,Denver,United States,Plus,24,$45.00,Website,18,2.47,6,0,3.65,No,7.0,0,0,0,0
NF-100714,2023-03-11,53.0,M,Portland,United States,Plus,12,$45.00,Mobile App,26,3.1,11,0,8.58,No,8.0,0,1,0,0
NF-101539,2022-09-01,43.0,Prefer not to say,Austin,United States,Plus,6,$49.00,Website,20,1.33,6,0,2.36,No,,0,0,1,1
NF-100331,2021-07-23,29.0,F,Portland,United States,Basic,1,$25.00,Walk-in,7,3.36,13,0,1.81,Yes,,0,0,0,0
NF-100219,2021-12-07,46.0,male,Denver,United States,Plus,12,$54.00,Walk-in,11,1.9,6,0,2.85,Yes,7.0,2,0,0,0
NF-102481,2023-03-21,33.0,Prefer not to say,Austin,United States,Basic,6,$29.00,Mobile App,27,1.04,6,1,3.95,Yes,,1,0,0,0
NF-102968,2022-03-04,31.0,female,Portland,United States,Basic,12,$34.00,Website,14,1.99,6,0,1.99,No,8.0,1,0,1,1
NF-102802,2022-12-14,32.0,Female,Portland,United States,Basic,1,$29.00,Walk-in,23,2.19,5,0,2.44,Yes,6.0,0,2,0,0
NF-102534,2022-08-01,36.0,Female,Denver,United States,Plus,12,$49.00,Referral,19,4.89,15,1,9.31,Yes,8.0,0,1,0,0
NF-101537,2023-02-16,52.0,M,Columbus,United States,Basic,1,$29.00,Website,26,1.87,9,0,7.4,No,6.0,1,0,1,1
NF-100531,2022-02-10,27.0,female,Austin,United States,Plus,12,$54.00,Mobile App,13,2.0,7,0,5.07,Yes,6.0,0,0,0,0
NF-101864,2022-11-04,32.0,female,Columbus,United States,Basic,1,$25.00,Mobile App,22,2.15,7,0,7.02,Yes,6.0,1,0,0,0
NF-102827,2021-02-10,57.0,Female,Columbus,United States,Basic,12,$29.00,Referral,1,5.53,18,0,,Yes,10.0,0,0,0,0
NF-102308,2022-09-03,41.0,Other,Portland,United States,Basic,6,$29.00,Mobile App,20,1.55,5,0,3.2,No,6.0,2,0,0,0
NF-101980,2021-02-17,43.0,male,Raleigh,United States,Plus,6,$49.00,Website,2,2.28,7,3,1.99,Yes,,0,1,1,1
NF-100305,2021-02-16,42.0,FEMALE,Denver,United States,Basic,12,$29.00,Mobile App,2,0.79,1,0,4.71,Yes,,0,0,0,0
NF-101649,2022-05-23,45.0,Male,Columbus,United States,Basic,6,$34.00,Mobile App,17,3.96,11,0,5.36,No,10.0,-1,2,0,0
NF-100196,2021-07-03,54.0,Male,Portland,United States,Plus,12,$49.00,Website,6,8.6,28,0,2.86,Yes,10.0,0,1,0,0
NF-101164,2023-01-21,57.0,Male,Austin,United States,Plus,12,$49.00,Referral,25,2.66,9,0,6.49,Yes,8.0,1,0,0,0
NF-101618,2022-03-10,39.0,Female,Columbus,United States,Premium,6,$84.00,Website,14,1.72,6,0,7.39,No,5.0,0,0,0,0
NF-101146,2021-08-16,28.0,female,Austin,United States,Basic,1,$25.00,Website,7,1.33,5,4,0.52,Yes,5.0,0,1,0,0
NF-100494,2021-02-27,39.0,Male,Austin,United States,Premium,24,$75.00,Mobile App,2,1.15,5,5,4.87,No,5.0,1,1,0,0
NF-100110,2022-04-13,49.0,Female,Portland,United States,Basic,6,$29.00,Walk-in,15,1.29,3,2,2.44,Yes,5.0,0,0,1,1
NF-101108,2023-04-19,41.0,male,Raleigh,United States,Plus,6,$45.00,Website,28,3.62,12,0,1.77,No,8.0,1,0,0,0
NF-101269,2022-03-18,40.0,female,Denver,United States,Basic,1,$34.00,Mobile App,15,1.19,4,0,8.07,Yes,4.0,0,0,0,0
NF-102561,2022-01-07,37.0,Female,Austin,United States,Basic,1,$29.00,Partner Promo,12,1.74,5,0,1.37,No,6.0,2,1,0,1
NF-100369,2022-02-21,26.0,Male,Raleigh,United States,Premium,24,$84.00,Website,14,1.55,4,0,3.29,Yes,5.0,0,0,0,0
NF-100793,2021-04-13,,Female,Portland,United States,Plus,12,$49.00,Website,3,1.86,6,0,3.02,No,,1,0,1,1
NF-100926,2023-05-17,34.0,Female,Austin,United States,Plus,12,$54.00,Walk-in,28,0.63,3,0,1.23,No,6.0,1,0,0,0
NF-102321,2022-12-19,38.0,Female,Denver,United States,Plus,12,$49.00,Mobile App,24,2.5,9,0,2.09,No,7.0,3,1,0,0
NF-101815,2021-10-27,44.0,Female,Denver,United States,Premium,12,$79.00,Mobile App,10,1.24,3,0,2.45,Yes,5.0,0,1,1,1
NF-100396,2021-09-09,22.0,Female,Portland,United States,Basic,6,$34.00,Mobile App,8,2.14,7,0,3.81,No,6.0,0,0,0,0
NF-101178,2023-09-21,16.0,MALE,Portland,United States,Basic,1,$29.00,Mobile App,33,2.02,8,0,2.9,No,7.0,1,0,0,0
NF-101215,2021-08-11,55.0,MALE,Portland,United States,Basic,12,$29.00,Website,7,2.8,8,5,0.54,Yes,8.0,0,2,0,0
NF-100797,2022-01-03,32.0,M,Denver,United States,Premium,6,$79.00,Referral,12,1.26,7,0,4.96,No,5.0,2,0,1,1
NF-101298,2023-07-09,31.0,Male,Denver,United States,Plus,6,$54.00,Partner Promo,30,2.52,8,0,2.01,Yes,9.0,0,0,0,0
NF-101062,2022-10-03,37.0,Female,Denver,United States,Plus,6,$54.00,Mobile App,21,2.65,10,0,3.03,Yes,8.0,0,0,0,0
NF-100418,2022-08-31,33.0,Male,Denver,United States,Plus,6,$54.00,Walk-in,20,1.23,4,0,9.56,Yes,6.0,0,0,0,1
NF-100375,2022-09-10,36.0, Male,Columbus,United States,Plus,6,$54.00,Walk-in,20,1.08,5,0,3.48,Yes,5.0,1,0,1,1
NF-102511,2021-08-10,36.0,Female,Austin,United States,Basic,1,$29.00,Mobile App,7,1.27,4,0,4.3,Yes,,1,0,0,1
NF-100470,2021-11-02,41.0,Male,Columbus,United States,Plus,12,$49.00,Website,10,0.49,2,0,6.54,No,5.0,0,0,0,0
NF-101541,2022-10-11,22.0,Female,Denver,United States,Premium,12,$79.00,Website,21,2.34,9,0,1.23,No,8.0,0,2,1,1
NF-102607,2022-04-04,32.0,Male,Austin,United States,Basic,1,$29.00,Mobile App,15,1.59,4,0,11.11,Yes,,1,0,0,0
NF-102350,2022-02-25,38.0,Male,Denver,United States,Plus,6,$49.00,Referral,14,3.27,9,17,2.71,Yes,9.0,0,3,0,0
NF-102630,2022-06-11,36.0,M,Austin,United States,Plus,12,$54.00,Mobile App,17,23.0,10,2,0.7,Yes,8.0,0,0,0,0
NF-102998,2022-10-09,28.0,female,Columbus,United States,Basic,6,$29.00,Website,21,2.65,9,2,3.87,Yes,6.0,0,1,0,0
NF-101761,2022-03-28,30.0,female,Columbus,United States,Basic,1,$29.00,Website,15,0.47,1,0,4.27,Yes,2.0,0,0,1,1
NF-100798,2023-06-29,24.0,M,Austin,United States,Basic,12,$29.00,Referral,30,0.63,2,3,1.35,No,6.0,1,0,0,0
NF-102059,2023-08-25,33.0,female,Portland,United States,Basic,1,$29.00,Walk-in,32,1.88,4,3,7.07,Yes,6.0,1,0,1,0
NF-101486,2022-07-17,42.0,M,Denver,United States,Basic,1,$34.00,Website,18,1.81,5,0,1.82,Yes,7.0,3,0,1,1
NF-100538,2023-01-30,35.0,FEMALE,Austin,United States,Basic,1,$29.00,Mobile App,25,1.55,4,0,10.68,Yes,7.0,1,0,0,0
NF-102675,2022-01-12,16.0,Male,Denver,United States,Basic,6,$29.00,Walk-in,12,1.84,5,5,5.15,Yes,3.0,0,0,0,0
NF-102329,2021-07-16,29.0,Male,Raleigh,United States,Plus,12,$49.00,Referral,6,3.53,10,8,5.89,Yes,6.0,0,0,0,0
NF-100983,2021-06-06,39.0,Male,Austin,United States,Basic,6,$34.00,Mobile App,5,2.58,8,14,1.09,No,9.0,0,0,0,0
NF-100480,2021-04-09,39.0,F ,Denver,United States,Basic,1,$25.00,Website,3,2.46,9,8,1.27,Yes,,0,0,1,1
NF-101479,2022-03-26,28.0,FEMALE,Denver,United States,Plus,12,$54.00,Walk-in,15,2.5,7,0,2.94,Yes,6.0,1,0,0,0
NF-100223,2021-02-14,45.0,Male,Portland,United States,Basic,6,$29.00,Website,1,1.75,4,0,7.71,Yes,6.0,0,0,0,0
NF-100672,2022-06-30,38.0,Female,Denver,United States,Basic,12,$25.00,Website,18,1.69,6,16,2.69,Yes,5.0,2,1,0,0
NF-101393,2022-11-23,32.0,Female,Portland,United States,Premium,24,$75.00,Mobile App,23,2.26,7,0,4.24,Yes,8.0,0,0,0,0
NF-101443,2022-05-22,32.0,F,Denver,United States,Basic,1,$29.00,Website,17,1.71,5,5,4.4,No,,5,0,1,1
NF-100994,2022-08-18,35.0,female,Denver,United States,Premium,24,$75.00,Referral,20,5.23,18,0,3.41,Yes,9.0,0,2,0,0
NF-100580,2022-09-30,17.0,MALE,Denver,United States,Plus,1,$49.00,Walk-in,21,1.37,5,2,,No,5.0,1,0,1,1
NF-101045,2022-07-07,37.0,Male,Portland,United States,Basic,1,$29.00,Walk-in,18,0.89,2,7,1.05,Yes,5.0,2,0,0,0
NF-100077,2023-09-18,41.0,F,Boise,United States,Basic,6,$29.00,Website,33,1.54,4,0,2.26,No,,0,0,0,0
NF-102595,2021-09-20,27.0,Female,Austin,United States,Plus,6,$49.00,Referral,9,0.63,0,0,4.04,Yes,4.0,0,0,1,1
NF-900005,2022-09-26,52.0,Female,Denver,United States,Premium,12,$79.00,Mobile App,22,1.02,3,0,0.89,Yes,7.0,2,0,0,0
NF-101758,2023-01-20,33.0,male,Austin,United States,Plus,6,$45.00,Referral,25,1.5,6,0,1.81,Yes,5.0,0,0,1,1
NF-100826,2023-05-06,44.0,Male,Denver,United States,Basic,6,$25.00,Website,28,1.46,5,0,1.36,Yes,7.0,0,0,0,0
NF-100125,2023-08-19,23.0,female,Austin,United States,Basic,1,$25.00,Website,32,3.41,10,0,5.77,Yes,7.0,0,0,0,0
NF-101252,2021-10-08,42.0,male,Raleigh,United States,Basic,6,$34.00,Referral,9,2.24,6,0,0.65,Yes,7.0,0,0,0,0
NF-101960,2022-09-18,47.0,MALE,Portland,United States,Basic,6,$29.00,Mobile App,21,2.06,8,0,6.76,Yes,7.0,0,1,1,1
NF-102800,2022-02-22,,Female,Denver,United States,Plus,1,$45.00,Walk-in,14,1.14,3,1,2.88,Yes,6.0,1,0,0,0
NF-101596,2021-03-19,43.0,Male,Austin,United States,Plus,6,$45.00,Walk-in,3,2.42,8,0,2.33,No,8.0,2,0,0,0
NF-100576,2021-02-01,48.0,F,Austin,United States,Plus,12,$49.00,Referral,1,3.32,11,0,1.34,Yes,,0,1,0,0
NF-101575,2022-01-29,16.0,MALE,Boise,United States,Basic,6,$29.00,Mobile App,13,4.2,13,0,0.99,Yes,9.0,0,2,0,0
NF-100621,2023-06-28,16.0,M,Columbus,United States,Premium,12,$79.00,Referral,30,2.99,10,4,1.49,Yes,8.0,1,2,0,0
NF-100767,2021-04-21,25.0,female,Columbus,United States,Premium,12,$79.00,Walk-in,4,1.4,5,0,3.42,No,5.0,1,1,0,0
NF-101229,2022-03-14,,Male,Austin,United States,Premium,24,$75.00,Website,14,1.34,5,3,,Yes,5.0,1,0,0,0
NF-101340,2022-01-17,55.0,male,Portland,United States,Basic,1,$29.00,Website,13,1.74,5,0,1.17,Yes,4.0,0,0,0,0
NF-100659,2021-02-12,27.0,Other,Columbus,United States,Basic,1,$29.00,Website,1,2.92,9,0,4.6,Yes,8.0,0,0,0,0
NF-102883,2022-05-02,18.0,F,Raleigh,United States,Basic,1,$29.00,Mobile App,16,1.31,3,0,8.51,No,5.0,0,1,0,0
NF-102919,2023-04-14,36.0,male,Denver,United States,Basic,12,$29.00,Referral,27,1.75,6,0,2.02,No,6.0,0,0,0,0
NF-101517,2021-07-08,27.0,Male,Columbus,United States,Basic,1,$29.00,Walk-in,6,2.92,9,0,4.22,No,9.0,1,3,0,0
NF-102788,2021-07-06,28.0,Female,Portland,United States,Basic,6,$29.00,Mobile App,6,2.26,7,5,4.27,Yes,4.0,1,0,0,0
NF-101235,2023-03-17,33.0,Male,Austin,United States,Premium,24,$79.00,Mobile App,26,1.76,6,8,2.2,Yes,6.0,1,0,0,0
NF-102815,2021-01-13,37.0,female,Austin,United States,Premium,12,$84.00,Walk-in,1,1.79,6,0,,Yes,6.0,1,0,0,0
NF-100259,2022-05-16,27.0, Male,Austin,United States,Plus,12,$45.00,Walk-in,16,1.63,6,0,6.54,No,4.0,0,0,1,1
NF-100282,2022-03-29,27.0,Female,Austin,United States,Basic,1,$29.00,Mobile App,15,1.93,5,0,12.91,Yes,8.0,0,0,0,0
NF-102682,2022-06-03,61.0,F ,Columbus,United States,Premium,12,$84.00,Walk-in,17,2.24,8,2,2.29,No,,0,1,0,0
NF-101614,2021-04-15,26.0,other,Austin,United States,Basic,6,$29.00,Walk-in,3,1.99,7,0,2.43,Yes,4.0,0,1,0,0
NF-101184,2021-02-14,27.0,female,Columbus,United States,Premium,24,$84.00,Mobile App,1,1.08,5,3,2.34,Yes,8.0,0,0,0,0
NF-101973,2021-02-17,38.0,Female,Columbus,United States,Premium,12,$79.00,Website,2,3.17,7,0,3.35,Yes,7.0,0,0,0,0
NF-102522,2021-05-15,33.0,Female,Portland,United States,Basic,1,$29.00,Walk-in,4,4.54,16,0,1.55,Yes,9.0,1,1,0,0
NF-100455,2022-10-06,43.0,Female,Austin,United States,Basic,1,$29.00,Mobile App,21,1.44,4,0,1.2,Yes,6.0,0,0,0,0
NF-102368,2022-10-01,34.0,Male,Denver,United States,Premium,12,$79.00,Mobile App,21,2.89,10,2,1.13,Yes,7.0,0,0,0,0
NF-100434,2022-06-13,33.0,M,Denver,United States,Plus,6,$49.00,Walk-in,17,2.48,6,0,3.49,Yes,6.0,0,1,0,0
NF-100299,2023-04-25,32.0,Prefer not to say,Austin,United States,Basic,1,$25.00,Walk-in,28,1.47,7,2,13.16,No,,0,0,0,0
NF-101762,2023-06-08,52.0,Male,Austin,United States,Plus,24,$49.00,Walk-in,29,0.66,1,0,0.93,No,2.0,2,0,0,0
NF-102484,2022-09-28,24.0,F,Austin,United States,Plus,6,$49.00,Referral,21,3.28,11,6,2.05,Yes,9.0,1,1,0,0
NF-102895,2022-08-28,43.0, Male,Denver,United States,Plus,6,$45.00,Website,20,1.34,6,2,7.07,Yes,4.0,0,0,0,0
NF-101932,2023-03-17,36.0,Male,Austin,United States,Basic,6,$34.00,Website,26,1.31,4,0,4.32,Yes,6.0,0,0,1,1
NF-100438,2023-07-15,42.0,F ,Denver,United States,Basic,1,$25.00,Mobile App,30,1.74,6,1,0.87,Yes,,0,0,0,1
NF-102373,2022-01-23,44.0,F,Raleigh,United States,Basic,1,$29.00,Website,13,2.16,8,0,1.43,No,6.0,0,0,1,1
NF-102024,2021-02-02,53.0,Female,Denver,United States,Plus,12,$49.00,Mobile App,1,0.73,2,0,11.7,Yes,5.0,2,0,0,0
NF-102451,2022-12-08,43.0,Male,Austin,United States,Plus,12,$45.00,Mobile App,23,1.23,5,3,2.48,Yes,4.0,1,0,0,0
NF-102612,2022-04-28,58.0, Male,Denver,United States,Premium,12,$84.00,Website,16,2.98,8,0,6.26,Yes,7.0,0,0,0,0
NF-101626,2023-04-16,38.0,Male,Austin,United States,Basic,1,$29.00,Website,27,2.57,7,12,2.65,Yes,7.0,0,0,0,0
NF-100292,2022-09-29,36.0,M,Denver,United States,Plus,12,$49.00,Mobile App,21,1.63,2,5,1.76,No,4.0,0,0,0,0
NF-101837,2022-05-03,45.0,M,Columbus,United States,Plus,24,$49.00,Mobile App,16,4.31,13,0,1.77,Yes,8.0,0,0,0,0
NF-100278,2023-09-24,26.0,other,Denver,United States,Basic,12,$25.00,Mobile App,33,4.79,14,0,7.62,Yes,9.0,0,1,0,0
NF-100655,2021-09-02,27.0,Male,Austin,United States,Premium,24,$79.00,Referral,8,4.04,13,5,5.67,Yes,7.0,0,2,0,0
NF-101058,2021-02-06,63.0,Other,Denver,United States,Plus,6,$49.00,Mobile App,1,5.71,18,0,1.55,Yes,10.0,0,0,0,0
NF-100732,2023-08-17,31.0,Female,Denver,United States,Basic,12,$34.00,Website,32,2.09,8,0,,No,6.0,1,0,1,1
NF-100553,2022-03-02,24.0,Female,Denver,United States,Basic,6,$25.00,Mobile App,14,1.03,2,0,0.99,No,4.0,1,0,1,1
NF-102142,2022-03-27,35.0,Male,Denver,United States,Plus,12,$54.00,Walk-in,15,1.27,6,0,3.88,Yes,5.0,1,0,0,0
NF-102945,2021-08-22,28.0,Male,Austin,United States,Basic,12,$34.00,Walk-in,8,2.66,9,4,4.58,Yes,6.0,2,0,1,1
NF-101900,2023-09-13,39.0,Female,Columbus,United States,Basic,1,$25.00,Website,32,1.97,4,0,2.6,Yes,8.0,1,1,1,1
NF-102293,2021-03-14,44.0,M,Denver,United States,Plus,12,$49.00,Mobile App,2,5.68,18,0,,Yes,10.0,0,1,0,0
NF-101191,2022-12-01,34.0,male,Austin,United States,Plus,12,$45.00,Mobile App,23,0.92,2,1,1.49,No,5.0,0,0,0,0
NF-101526,2023-01-27,36.0,Other,Columbus,United States,Premium,24,$75.00,Partner Promo,25,3.76,12,8,6.09,No,10.0,0,2,0,0
NF-101995,2022-12-28,66.0,F,Austin,United States,Plus,6,$49.00,Mobile App,24,0.35,3,0,22.67,Yes,4.0,-1,0,1,1
NF-101356,2023-02-07,27.0,F ,Austin,United States,Basic,6,$29.00,Website,25,0.93,3,4,2.18,No,6.0,2,0,1,1
NF-101694,2021-05-20,42.0,Female,Raleigh,United States,Basic,1,$29.00,Walk-in,5,1.53,5,0,0.42,Yes,6.0,0,0,1,1
NF-100775,2022-01-25,55.0,Female,Austin,United States,Plus,12,$49.00,Mobile App,13,1.65,5,0,2.52,No,7.0,1,0,1,1
NF-100426,2023-05-12,36.0,F,Austin,United States,Basic,1,$29.00,Website,28,1.12,2,0,2.6,Yes,5.0,1,0,0,0
NF-101786,2023-03-10,40.0,female,Denver,United States,Plus,6,$49.00,Mobile App,26,3.88,13,0,1.24,Yes,10.0,-1,0,1,1
NF-101186,2021-06-21,41.0,Male,Denver,United States,Plus,6,$49.00,Walk-in,6,3.28,11,0,1.3,Yes,8.0,0,0,0,0
NF-102197,2022-11-11,40.0,Male,Austin,United States,Basic,6,$29.00,Referral,22,1.65,6,2,0.96,Yes,6.0,1,0,1,1
NF-102274,2022-11-22,31.0,Prefer not to say,Columbus,United States,Basic,12,$29.00,Referral,23,1.02,5,7,5.9,Yes,6.0,3,0,0,0
NF-100865,2021-01-31,16.0,Female,Portland,United States,Plus,12,$49.00,Referral,1,2.08,8,7,5.99,Yes,6.0,1,0,1,1
NF-101709,2023-06-18,24.0, Male,Denver,United States,Plus,12,$49.00,Walk-in,30,1.88,5,0,2.68,Yes,6.0,0,0,0,0
NF-101792,2023-09-14,29.0,Male,Portland,United States,Basic,6,$29.00,Website,32,1.23,5,1,7.57,Yes,6.0,1,0,0,1
NF-101245,2021-07-25,33.0,Female,Portland,United States,Basic,6,$29.00,Partner Promo,7,2.75,9,2,4.49,Yes,6.0,0,1,0,0
NF-100900,2023-06-30,38.0,M,Austin,United States,Plus,24,$49.00,Website,30,2.39,6,0,4.66,Yes,5.0,0,1,0,0
NF-102747,2021-05-22,40.0,male,Austin,United States,Premium,12,$79.00,Website,5,0.8,2,0,5.69,No,6.0,0,0,1,1
NF-101528,2021-11-01,33.0,female,Denver,United States,Premium,6,$75.00,Website,10,1.41,4,0,6.09,No,6.0,0,0,0,0
NF-100601,2022-07-05,27.0,M,Portland,United States,Plus,12,$45.00,Mobile App,18,3.51,10,0,0.93,Yes,9.0,0,0,0,0
NF-101291,2022-08-14,43.0,M,Denver,United States,Basic,6,$34.00,Website,19,1.79,6,0,3.31,Yes,5.0,-1,1,1,1
NF-100217,2022-09-29,16.0,F ,Raleigh,United States,Basic,1,$29.00,Mobile App,21,2.51,10,1,3.44,Yes,6.0,0,1,0,0
NF-102268,2022-07-08,37.0,Male,Denver,United States,Plus,12,$49.00,Mobile App,18,2.37,6,0,7.43,Yes,6.0,0,0,0,0
NF-100213,2021-01-22,35.0,M,Denver,United States,Plus,6,$49.00,Referral,1,2.88,9,0,15.71,No,6.0,1,1,0,0
NF-100035,2023-01-29,16.0,Female,Portland,United States,Basic,6,$34.00,Mobile App,25,2.69,8,2,1.55,Yes,7.0,0,0,0,0
NF-102442,2023-09-08,16.0,MALE,Denver,United States,Basic,1,$29.00,Mobile App,32,1.65,5,3,2.45,Yes,8.0,2,0,0,0
NF-100367,2021-01-06,39.0,Female,Austin,United States,Plus,12,$49.00,Website,1,1.05,5,3,0.73,No,6.0,1,0,1,0
NF-100012,2023-04-03,20.0,Male,Portland,United States,Basic,1,$25.00,Website,27,0.74,3,0,2.87,Yes,3.0,0,0,1,0
NF-100476,2021-08-29,35.0,Male,Denver,United States,Basic,6,$25.00,Walk-in,8,2.76,8,0,2.76,Yes,7.0,1,1,1,1
NF-101720,2022-03-28,33.0,F,Austin,United States,Basic,1,$29.00,Referral,15,2.1,6,3,1.35,Yes,8.0,1,1,0,0
NF-102282,2021-12-29,115.0,female,Raleigh,United States,Plus,12,$49.00,Website,12,5.13,16,0,5.74,No,9.0,0,2,0,0
NF-102743,2022-06-23,49.0,F,Austin,United States,Plus,12,$45.00,Website,18,2.4,6,0,1.58,No,6.0,1,1,0,0
NF-101084,2021-07-27,36.0,Male,Denver,United States,Plus,12,$49.00,Walk-in,7,1.0,3,2,3.08,No,5.0,0,0,1,1
NF-102935,2022-07-25,39.0,other,Denver,United States,Basic,1,$25.00,Mobile App,19,3.33,12,2,1.03,Yes,6.0,1,0,0,0
NF-101632,2023-02-01,69.0,Male,Columbus,United States,Basic,6,$29.00,Mobile App,25,3.01,9,0,2.96,Yes,9.0,0,1,0,0
NF-100013,2022-10-30,30.0,Male,Portland,United States,Basic,1,$29.00,Walk-in,22,3.72,13,9,2.86,No,9.0,0,1,0,0
NF-102111,2022-08-02,46.0,female,Portland,United States,Premium,6,$79.00,Website,19,2.64,9,0,3.86,Yes,6.0,1,0,0,0
NF-102782,2023-08-02,16.0,F,Portland,United States,Basic,6,$29.00,Walk-in,31,0.67,3,0,1.02,Yes,,0,0,1,1
NF-101023,2022-04-22,42.0,Male,Portland,United States,Basic,1,$25.00,Website,16,1.81,5,5,5.87,Yes,9.0,1,1,1,1
NF-100964,2022-03-06,35.0,FEMALE,Portland,United States,Plus,6,$45.00,Mobile App,14,1.11,4,0,2.87,Yes,5.0,1,0,1,1
NF-100607,2022-07-15,25.0,F ,Raleigh,United States,Plus,1,$49.00,Website,18,3.04,11,0,7.56,Yes,8.0,2,0,1,1
NF-102061,2021-07-10,43.0,MALE,Austin,United States,Premium,24,$79.00,Website,6,4.94,14,0,0.72,Yes,9.0,0,3,0,0
NF-100435,2022-03-25,36.0,Female,Austin,United States,Basic,1,$34.00,Website,15,1.53,3,0,2.61,Yes,5.0,1,0,1,1
NF-100017,2021-08-25,31.0,Male,Austin,United States,Premium,6,$75.00,Mobile App,8,1.75,4,1,6.43,Yes,4.0,0,0,0,0
NF-102812,2022-05-25,41.0,Female,Raleigh,United States,Premium,12,$79.00,Website,17,1.73,6,0,0.52,Yes,6.0,0,0,0,0
NF-101782,2022-09-11,17.0,M,Portland,United States,Plus,1,$49.00,Referral,20,1.52,6,3,6.01,Yes,4.0,1,0,1,1
NF-101803,2023-02-10,33.0,F,Denver,United States,Plus,6,$49.00,Referral,25,2.36,7,3,4.84,Yes,8.0,2,0,0,0
NF-102396,2023-01-26,25.0,Male,Columbus,United States,Plus,6,$49.00,Website,25,2.65,9,1,3.97,Yes,6.0,0,2,0,0
NF-102255,2023-01-07,23.0,male,Columbus,United States,Plus,12,$54.00,Referral,24,2.2,6,0,2.14,No,4.0,1,0,0,0
NF-101114,2023-06-30,25.0,Female,Denver,United States,Basic,1,$29.00,Website,30,1.39,5,2,2.35,Yes,6.0,1,0,0,0
NF-102389,2022-04-04,58.0,MALE,Denver,United States,Premium,24,$84.00,Mobile App,15,2.09,7,0,3.72,Yes,6.0,1,1,0,0
NF-101953,2021-07-15,37.0,female,Raleigh,United States,Premium,12,$84.00,Referral,6,2.52,9,0,1.56,Yes,9.0,2,0,0,0
NF-100344,2023-09-13,38.0,Female,Austin,United States,Premium,12,$79.00,Walk-in,32,1.3,1,0,1.88,Yes,9.0,0,0,1,1
NF-102874,2021-12-19,47.0,Female,Denver,United States,Basic,12,$29.00,Referral,12,1.72,5,0,,Yes,7.0,0,1,1,0
NF-102599,2022-06-20,33.0,F,Columbus,United States,Basic,1,$34.00,Website,18,1.0,1,0,0.73,No,5.0,0,0,0,0
NF-102646,2022-07-22,58.0,M,Columbus,United States,Premium,12,$75.00,Website,19,1.9,6,0,3.56,Yes,6.0,0,1,0,0
NF-101717,2023-02-13,30.0,Female,Austin,United States,Basic,1,$34.00,Website,25,2.94,9,2,0.96,Yes,7.0,1,0,0,0
NF-100032,2022-08-21,41.0,female,Portland,United States,Basic,12,$29.00,Walk-in,20,2.91,9,0,4.89,Yes,7.0,1,0,1,1
NF-100372,2021-03-07,25.0,Male,Columbus,United States,Plus,6,$49.00,Website,2,0.52,1,0,0.67,No,5.0,0,0,1,1
NF-100657,2023-02-13,40.0,male,Austin,United States,Premium,12,$84.00,Website,25,2.79,10,0,3.94,Yes,6.0,0,1,0,0
NF-102220,2022-10-22,31.0,F ,Columbus,United States,Premium,24,$79.00,Mobile App,22,2.97,9,0,1.83,Yes,7.0,0,1,0,0
NF-101086,2021-02-22,47.0,Male,Columbus,United States,Basic,1,$25.00,Website,2,2.62,8,3,0.87,Yes,6.0,0,1,0,0
NF-102456,2022-10-15,16.0,M,Portland,United States,Basic,12,$29.00,Referral,21,3.75,14,0,8.62,Yes,,0,1,0,0
NF-102971,2023-02-28,30.0,M,Columbus,United States,Plus,6,$45.00,Mobile App,26,3.05,8,4,6.68,Yes,,1,1,1,1
NF-102248,2023-02-06,28.0,female,Portland,United States,Basic,1,$29.00,Mobile App,25,1.87,4,0,4.48,Yes,5.0,0,0,0,0
NF-101316,2021-06-26,30.0, Male,Denver,United States,Premium,12,$79.00,Walk-in,6,2.87,8,15,4.05,No,7.0,0,0,0,0
NF-100860,2022-03-27,35.0,Male,Columbus,United States,Basic,6,$29.00,Website,15,4.47,14,8,3.22,Yes,9.0,0,1,0,0
NF-101607,2022-03-15,38.0,Female,Austin,United States,Plus,12,$45.00,Referral,14,4.46,17,3,2.16,Yes,9.0,0,2,0,0
NF-100044,2021-05-17,52.0,Female,Austin,United States,Plus,6,$49.00,Walk-in,4,1.41,6,0,,No,4.0,0,0,1,1
NF-101534,2023-03-31,199.0,MALE,Austin,United States,Plus,6,$49.00,Referral,27,2.13,8,0,3.85,No,5.0,0,0,0,0
NF-102909,2022-08-13,,Female,Denver,United States,Basic,6,$34.00,Partner Promo,19,1.99,7,0,2.56,Yes,6.0,1,0,0,0
NF-101897,2022-06-06,34.0,F ,Portland,United States,Basic,12,$29.00,Mobile App,17,3.52,12,1,8.74,Yes,7.0,0,1,0,0
NF-100489,2022-09-18,39.0,Female,Columbus,United States,Basic,6,$25.00,Website,21,1.94,6,0,,No,7.0,0,0,0,0
NF-100503,2023-02-20,40.0,Female,Denver,United States,Premium,24,$75.00,Mobile App,26,2.77,10,14,,Yes,7.0,0,0,1,0
NF-102260,2023-08-08,29.0,FEMALE,Columbus,United States,Plus,1,$45.00,Website,31,2.25,7,0,1.24,No,7.0,1,0,1,1
NF-100133,2023-04-10,38.0,male,Raleigh,United States,Basic,1,$29.00,Website,27,3.23,9,0,3.11,No,7.0,1,1,0,0
NF-102108,2023-03-14,50.0,MALE,Austin,United States,Plus,1,$49.00,Website,26,2.06,6,1,1.31,Yes,9.0,1,0,0,0
NF-100690,2023-07-27,44.0,female,Austin,United States,Premium,12,$75.00,Walk-in,31,2.68,10,3,5.85,Yes,8.0,0,0,0,0
NF-102074,2021-12-01,41.0,Male,Raleigh,United States,Basic,1,$29.00,Referral,11,0.86,2,0,6.55,No,,1,0,1,1
NF-102148,2021-04-12,42.0,male,Denver,United States,Premium,24,$79.00,Referral,3,4.31,14,1,3.37,Yes,9.0,0,0,0,0
NF-100974,2023-01-13,45.0,F ,Denver,United States,Basic,1,$34.00,Partner Promo,24,1.84,5,0,2.13,No,6.0,-1,0,0,0
NF-900009,2021-06-22,23.0,FEMALE,Denver,United States,Premium,24,$84.00,Mobile App,7,1.06,3,1,2.0,No,,3,0,0,0
NF-100776,2022-10-04,40.0,Male,Columbus,United States,Basic,6,$29.00,Website,21,0.89,2,0,2.98,No,4.0,0,0,1,1
NF-100788,2023-05-17,40.0,Female,Austin,United States,Plus,6,$45.00,Mobile App,28,2.97,9,0,5.9,Yes,8.0,1,0,0,0
NF-102568,2023-05-18,26.0,Male,Austin,United States,Premium,24,$75.00,Website,29,2.34,7,4,1.39,Yes,7.0,1,0,0,0
NF-100363,2021-08-17,28.0,F,Portland,United States,Plus,12,$49.00,Website,8,1.53,6,1,2.6,No,5.0,0,0,0,0
NF-102357,2021-01-01,33.0,Male,Austin,United States,Basic,12,$29.00,Walk-in,1,1.36,2,1,3.38,No,7.0,1,1,0,0
NF-100795,2021-03-22,40.0, Male,Denver,United States,Premium,12,$79.00,Walk-in,3,2.39,10,0,1.19,No,6.0,0,0,0,0
NF-101936,2022-09-18,29.0,MALE,Denver,United States,Plus,12,$45.00,Website,21,2.37,8,0,0.86,Yes,5.0,0,1,0,0
NF-102876,2022-03-14,26.0,Male,Portland,United States,Plus,12,$54.00,Mobile App,14,3.02,10,0,2.35,No,8.0,0,0,1,0
NF-101628,2022-08-05,26.0,Female,Columbus,United States,Plus,1,$54.00,Website,19,2.03,4,1,2.85,Yes,5.0,1,2,1,1
NF-101276,2022-01-04,24.0,Male,Portland,United States,Plus,6,$49.00,Mobile App,12,2.31,8,0,6.41,Yes,5.0,0,0,0,0
NF-102592,2022-05-25,36.0,Female,Denver,United States,Plus,12,$49.00,Website,17,1.08,2,0,6.24,Yes,,0,0,0,0
NF-100939,2023-01-25,32.0,Male,Austin,United States,Plus,6,$49.00,Referral,25,2.62,7,8,1.83,No,8.0,0,0,0,0
NF-101505,2023-05-14,53.0,Male,Austin,United States,Premium,12,$79.00,Walk-in,28,0.78,2,3,2.56,No,,1,0,1,1
NF-102489,2022-08-12,46.0,male,Denver,United States,Basic,1,$29.00,Walk-in,19,1.99,7,2,1.25,Yes,8.0,0,1,0,0
NF-100647,2022-09-17,39.0,Female,Austin,United States,Plus,1,$54.00,Referral,21,1.43,5,0,1.14,Yes,5.0,0,0,1,1
NF-101003,2021-05-01,59.0,M,Denver,United States,Basic,6,$34.00,Mobile App,4,2.23,7,0,2.19,Yes,9.0,0,1,0,0
NF-102524,2021-10-07,25.0,male,Austin,United States,Plus,12,$54.00,Mobile App,9,2.26,7,5,9.51,No,7.0,1,1,1,1
NF-102110,2021-12-31,20.0,M,Denver,United States,Basic,1,$34.00,Website,12,1.94,6,0,1.6,No,7.0,1,0,0,0
NF-101172,2023-08-28,33.0,Male,Columbus,United States,Plus,12,$49.00,Website,32,1.53,5,2,3.57,Yes,8.0,1,0,0,0
NF-100483,2021-10-13,25.0,Female,Raleigh,United States,Plus,12,$45.00,Referral,9,4.95,16,3,4.54,Yes,10.0,0,1,0,0
NF-101810,2021-10-22,40.0,Male,Austin,United States,Basic,6,$29.00,Mobile App,10,3.87,12,7,2.52,Yes,,0,0,0,0
NF-100052,2021-12-04,32.0,Female,Raleigh,United States,Basic,6,$29.00,Website,11,2.3,8,0,1.66,Yes,6.0,2,0,1,1
NF-100242,2022-08-05,32.0,F,Columbus,United States,Basic,1,$29.00,Referral,19,1.77,6,0,1.33,Yes,7.0,0,0,1,1
NF-102083,2022-08-05,31.0,MALE,Portland,United States,Basic,6,$25.00,Referral,19,0.97,2,0,10.66,No,2.0,0,0,1,1
NF-101985,2021-02-22,35.0,Female,Denver,United States,Plus,1,$45.00,Walk-in,2,1.67,7,0,0.81,Yes,4.0,0,0,0,1
NF-101202,2022-08-18,31.0,Male,Columbus,United States,Basic,1,$29.00,Walk-in,20,1.31,2,0,4.53,Yes,3.0,0,0,0,0
NF-100738,2023-07-31,26.0,FEMALE,Austin,United States,Plus,12,$54.00,Website,31,4.89,16,4,3.44,Yes,10.0,0,1,0,0
NF-102168,2021-09-11,36.0,Male,Austin,United States,Plus,12,$49.00,Mobile App,8,2.07,5,4,4.59,Yes,4.0,0,1,0,0
NF-101299,2022-11-08,33.0,Male,Raleigh,United States,Plus,6,$49.00,Walk-in,22,0.76,2,0,1.46,No,4.0,0,0,1,1
NF-101019,2021-05-08,29.0,male,Raleigh,United States,Basic,1,$29.00,Walk-in,4,2.05,5,0,3.59,Yes,,0,0,1,1
NF-102092,2022-08-27,29.0,Male,Portland,United States,Plus,12,$45.00,Mobile App,20,1.87,5,2,1.72,Yes,6.0,0,0,0,0
NF-100836,2021-07-29,33.0,Male,Portland,United States,Basic,6,$29.00,Walk-in,7,1.51,3,4,1.22,Yes,9.0,0,0,0,0
NF-102124,2022-10-06,32.0,M,Denver,United States,Premium,12,$79.00,Mobile App,21,1.29,3,0,0.53,No,6.0,0,0,0,0
NF-101744,2023-05-10,29.0,Male,Columbus,United States,Basic,1,$29.00,Walk-in,28,0.8,3,0,4.27,Yes,5.0,1,1,1,1
NF-100368,2022-10-18,44.0,F,Denver,United States,Basic,1,$29.00,Mobile App,22,1.76,5,4,,Yes,,0,0,1,1
NF-100267,2023-03-24,28.0,Male,Austin,United States,Premium,6,$75.00,Mobile App,27,1.67,3,0,,Yes,5.0,0,0,0,0
NF-100728,2022-10-09,40.0,Male,Denver,United States,Basic,12,$25.00,Website,21,1.8,3,0,1.63,Yes,,1,0,1,1
NF-102492,2022-01-05,,Female,Austin,United States,Plus,12,$45.00,Website,12,0.91,3,1,1.09,No,4.0,0,0,0,0
NF-102551,2022-07-03,31.0,M,Austin,United States,Basic,6,$29.00,Mobile App,18,3.04,11,4,,Yes,8.0,0,0,0,0
NF-101519,2021-01-05,49.0,M,Portland,United States,Basic,1,$34.00,Walk-in,1,1.49,6,2,5.52,No,4.0,1,0,1,1
NF-101033,2023-04-23,51.0,Male,Columbus,United States,Basic,1,$29.00,Mobile App,28,2.31,7,0,19.44,Yes,,0,0,1,1
NF-101712,2023-01-05,24.0,F,Austin,United States,Plus,12,$49.00,Mobile App,24,1.14,5,0,3.62,No,8.0,0,0,0,0
NF-102333,2022-06-07,49.0,Male,Austin,United States,Plus,12,$49.00,Website,17,2.35,6,3,1.36,Yes,7.0,0,0,0,0
NF-100295,2022-06-29,38.0,Female,Denver,United States,Basic,6,$25.00,Mobile App,18,1.34,4,0,1.41,No,5.0,2,0,0,0
NF-101848,2022-06-19,56.0, Male,Boise,United States,Plus,24,$49.00,Walk-in,18,2.11,5,0,3.71,Yes,5.0,0,1,1,1
NF-100625,2023-06-08,56.0,Female,Denver,United States,Plus,12,$49.00,Mobile App,29,1.46,3,4,2.44,No,6.0,1,0,0,0
NF-100277,2022-04-15,34.0,male,Austin,United States,Plus,6,$49.00,Walk-in,15,1.11,3,1,2.23,Yes,,0,0,1,1
NF-100497,2021-04-02,21.0,F ,Portland,United States,Premium,12,$79.00,Referral,3,1.47,4,0,1.52,No,4.0,2,0,0,0
NF-100484,2023-01-24,20.0,F,Denver,United States,Premium,24,$79.00,Referral,25,4.09,13,0,5.94,Yes,6.0,0,2,0,0
NF-101520,2021-12-30,42.0,male,Denver,United States,Basic,1,$34.00,Walk-in,12,0.82,3,0,2.23,Yes,5.0,0,0,1,1
NF-100182,2022-06-03,45.0,Male,Columbus,United States,Plus,24,$45.00,Walk-in,17,1.26,5,0,,No,5.0,0,0,1,1
NF-100970,2022-03-10,42.0,female,Columbus,United States,Plus,12,$49.00,Website,14,5.24,17,0,5.72,Yes,8.0,0,1,0,0
NF-101851,2022-11-02,44.0,F,Portland,United States,Basic,1,$25.00,Walk-in,22,2.01,6,0,1.25,Yes,6.0,0,0,0,0
NF-102224,2022-05-08,34.0,Other,Portland,United States,Plus,1,$49.00,Mobile App,16,0.29,2,0,1.7,No,2.0,0,0,1,1
NF-100684,2022-08-10,33.0,Female,Columbus,United States,Basic,1,$34.00,Website,19,1.54,5,0,5.45,Yes,5.0,2,0,1,1
NF-101768,2022-10-12,42.0,female,Portland,United States,Premium,12,$79.00,Website,21,1.57,5,0,4.84,No,6.0,0,0,0,0
NF-102730,2022-05-22,48.0,MALE,Austin,United States,Basic,1,$29.00,Website,17,2.86,8,0,7.49,Yes,8.0,0,0,0,0
NF-102084,2022-12-16,37.0,Male,Austin,United States,Basic,6,$29.00,Website,23,5.02,15,0,2.62,Yes,9.0,0,2,0,0
NF-101180,2022-03-12,16.0,female,Austin,United States,Basic,1,$34.00,Website,14,3.11,8,0,9.43,Yes,7.0,0,1,0,0
NF-102050,2023-03-11,37.0,Female,Denver,United States,Basic,6,$34.00,Referral,26,2.62,9,0,1.17,No,,2,1,1,1
NF-100754,2021-11-19,34.0,Male,Raleigh,United States,Premium,12,$79.00,Mobile App,11,1.29,5,3,3.14,Yes,7.0,1,0,0,0
NF-100508,2022-06-25,31.0,Female,Raleigh,United States,Basic,6,$34.00,Mobile App,18,3.11,10,0,1.31,Yes,8.0,0,0,0,0
NF-102545,2023-06-18,19.0,Female,Denver,United States,Basic,1,$29.00,Walk-in,30,0.69,3,0,6.54,Yes,3.0,4,0,1,1
NF-102356,2021-02-17,32.0,male,Austin,United States,Basic,1,$34.00,Referral,2,1.73,5,0,1.11,Yes,7.0,0,0,1,1
NF-101981,2021-01-13,45.0,Female,Denver,United States,Premium,24,$84.00,Mobile App,1,1.37,5,0,11.3,Yes,6.0,0,0,0,0
NF-101438,2023-06-22,43.0,Female,Portland,United States,Basic,1,$29.00,Website,30,1.81,7,0,2.9,No,5.0,1,0,1,1
NF-101445,2022-01-10,28.0,Female,Portland,United States,Basic,1,$25.00,Mobile App,12,1.93,6,0,2.33,No,8.0,0,0,0,0
NF-100141,2023-08-10,35.0,Male,Portland,United States,Plus,1,$49.00,Mobile App,31,1.42,5,0,,Yes,5.0,1,0,0,0
NF-100864,2023-09-09,34.0,Female,Raleigh,United States,Basic,6,$25.00,Mobile App,32,3.47,12,5,2.86,Yes,9.0,0,0,0,0
NF-102231,2022-07-15,25.0,Male,Raleigh,United States,Premium,12,$84.00,Mobile App,18,2.7,8,0,1.83,Yes,7.0,0,0,0,0
NF-102322,2023-08-29,39.0,male,Austin,United States,Plus,6,$49.00,Referral,32,1.78,6,0,5.17,No,7.0,1,0,0,0
NF-101010,2023-03-18,39.0,Female,Austin,United States,Plus,6,$49.00,Walk-in,27,0.74,3,0,5.2,Yes,7.0,1,0,1,1
NF-102960,2021-03-07,35.0,F,Denver,United States,Plus,12,$49.00,Website,2,1.93,6,0,2.15,Yes,7.0,1,0,0,0
NF-100848,2022-11-25,26.0,Female,Portland,United States,Premium,12,$84.00,Website,23,2.23,6,0,1.1,No,,1,0,1,1
NF-102559,2022-03-03,54.0,Female,Denver,United States,Premium,12,$79.00,Website,14,4.94,15,10,1.57,Yes,10.0,0,0,0,0
NF-102779,2021-01-05,29.0,Female,Columbus,United States,Basic,1,$29.00,Walk-in,1,1.97,7,0,3.7,Yes,6.0,0,0,0,0
NF-101994,2022-01-09,33.0,F,Portland,United States,Basic,1,$29.00,Website,12,2.32,8,0,1.29,No,8.0,0,1,0,0
NF-100887,2023-03-16,57.0,M,Portland,United States,Plus,24,$49.00,Website,26,1.53,3,1,0.69,Yes,5.0,0,0,0,0
NF-100117,2022-05-07,60.0,male,Columbus,United States,Plus,12,$45.00,Mobile App,16,1.23,4,5,2.48,Yes,4.0,2,0,1,1
NF-102161,2021-02-25,30.0,Male,Denver,United States,Basic,1,$25.00,Walk-in,2,2.32,6,0,6.71,Yes,7.0,0,0,1,1
NF-100545,2021-08-13,25.0,Male,Austin,United States,Plus,12,$49.00,Mobile App,7,1.54,4,0,2.05,Yes,7.0,0,1,0,0
NF-101789,2023-06-30,45.0,Female,Austin,United States,Basic,6,$25.00,Website,30,3.22,10,0,7.89,Yes,7.0,1,2,0,0
NF-102213,2021-04-20,29.0,M,Raleigh,United States,Premium,12,$79.00,Website,4,1.16,3,0,1.95,Yes,5.0,0,0,1,1
NF-101976,2023-01-21,44.0,female,Portland,United States,Basic,6,$29.00,Walk-in,25,1.67,6,9,12.5,Yes,,1,1,1,1
NF-102232,2022-06-30,37.0,F,Columbus,United States,Plus,12,$49.00,Website,18,1.98,6,0,2.81,Yes,9.0,0,0,0,0
NF-101983,2022-06-02,48.0,F,Portland,United States,Basic,1,$29.00,Website,17,3.05,9,3,1.53,Yes,8.0,0,1,0,0
NF-101396,2021-03-09,35.0,Female,Austin,United States,Premium,12,$79.00,Mobile App,2,0.66,3,1,17.2,No,4.0,1,0,0,1
NF-100274,2023-08-22,47.0,male,Raleigh,United States,Basic,6,$29.00,Referral,32,2.22,8,0,1.96,Yes,8.0,0,0,0,0
NF-100704,2022-11-20,40.0,Male,Columbus,United States,Plus,24,$54.00,Website,23,2.68,8,0,21.89,Yes,7.0,0,0,0,0
NF-101024,2022-03-05,41.0,Male,Columbus,United States,Premium,12,$79.00,Website,14,2.88,11,0,2.28,No,9.0,2,0,0,0
NF-101590,2021-03-27,40.0,Female,Denver,United States,Plus,12,$54.00,Walk-in,3,2.12,7,0,3.19,Yes,10.0,0,1,0,0
NF-101564,2021-07-06,33.0,male,Austin,United States,Basic,12,$29.00,Website,6,1.37,5,0,5.39,No,5.0,0,0,0,0
NF-101742,2022-02-23,56.0,male,Raleigh,United States,Plus,1,$54.00,Website,14,2.03,6,11,2.82,No,8.0,0,0,0,0
NF-100383,2022-02-08,51.0,Male,Columbus,United States,Basic,1,$29.00,Walk-in,13,1.67,7,0,,No,,2,0,1,1
NF-101429,2023-09-02,58.0,male,Denver,United States,Basic,1,$29.00,Mobile App,32,2.79,8,0,0.93,Yes,9.0,0,3,0,0
NF-102609,2022-09-29,23.0,F,Austin,United States,Premium,12,$79.00,Walk-in,21,2.83,7,2,1.34,No,8.0,0,2,0,0
NF-102910,2023-03-11,25.0,male,Columbus,United States,Plus,12,$45.00,Website,26,2.12,6,0,1.55,Yes,6.0,0,0,0,0
NF-101829,2022-07-14,50.0,male,Raleigh,United States,Premium,12,$75.00,Referral,18,3.79,13,0,2.91,Yes,6.0,0,1,0,0
NF-100176,2021-03-11,35.0,female,Portland,United States,Plus,6,$49.00,Website,2,2.67,9,0,2.73,Yes,6.0,0,1,0,0
NF-101359,2023-06-06,42.0,Male,Portland,United States,Plus,24,$49.00,Mobile App,29,1.92,7,0,29.22,Yes,4.0,1,1,0,0
NF-102427,2022-05-23,17.0,F,Denver,United States,Plus,6,$49.00,Referral,17,0.63,1,0,1.57,Yes,4.0,1,0,1,1
NF-102567,2021-10-05,36.0,Female,Portland,United States,Plus,6,$54.00,Mobile App,9,1.99,6,1,1.13,Yes,6.0,1,0,0,1
NF-100830,2022-04-12,35.0,female,Austin,United States,Basic,1,$29.00,Referral,15,0.72,2,0,3.84,No,,2,0,1,1
NF-102555,2021-02-20,19.0,FEMALE,Austin,United States,Plus,12,$45.00,Website,2,2.26,8,0,2.35,Yes,8.0,0,1,0,0
NF-101642,2022-10-28,31.0,M,Denver,United States,Plus,6,$49.00,Website,22,1.42,6,0,3.78,Yes,,0,0,0,0
NF-102461,2021-08-30,38.0,F ,Denver,United States,Basic,1,$29.00,Mobile App,8,2.31,8,0,4.26,No,7.0,2,0,1,1
NF-101633,2023-03-13,26.0,male,Columbus,United States,Plus,6,$49.00,Partner Promo,26,2.36,9,2,4.16,Yes,10.0,0,0,0,0
NF-100622,2023-09-25,33.0,Male,Austin,United States,Basic,1,$34.00,Referral,33,3.22,8,0,4.45,Yes,8.0,1,1,0,0
NF-102920,2023-07-07,42.0,M,Columbus,United States,Plus,6,$49.00,Mobile App,30,3.04,12,0,1.86,Yes,,1,1,1,1
NF-100858,2022-10-15,30.0,male,Columbus,United States,Plus,24,$54.00,Walk-in,21,1.61,5,1,1.81,No,6.0,0,0,0,0
NF-100641,2021-11-19,49.0,Male,Denver,United States,Plus,12,$49.00,Mobile App,11,1.08,6,0,1.26,Yes,3.0,1,0,1,1
NF-102306,2023-02-25,19.0,F ,Denver,United States,Plus,12,$49.00,Website,26,1.85,5,0,0.97,No,5.0,0,0,0,0
NF-100834,2022-11-02,47.0,Male,Denver,United States,Plus,12,$49.00,Website,22,2.42,7,0,2.01,Yes,6.0,1,0,0,0
NF-102710,2021-07-17,54.0,M,Austin,United States,Plus,12,$49.00,Mobile App,6,1.8,7,0,2.74,No,7.0,0,0,0,0
NF-101498,2021-01-12,47.0,Male,Denver,United States,Basic,12,$29.00,Mobile App,1,1.31,4,1,2.01,Yes,8.0,0,1,1,1
NF-100337,2021-07-10,37.0,Male,Austin,United States,Basic,12,$29.00,Walk-in,6,1.76,5,2,2.38,No,5.0,2,0,0,0
NF-102446,2023-05-26,31.0,Female,Raleigh,United States,Basic,1,$29.00,Website,29,1.79,6,0,6.9,No,8.0,0,0,1,1
NF-101447,2021-05-31,30.0,Male,Denver,United States,Basic,1,$29.00,Website,5,1.4,5,0,3.23,Yes,7.0,1,0,0,0
NF-102653,2022-09-05,27.0,F,Portland,United States,Basic,1,$25.00,Website,20,1.97,8,0,3.49,No,6.0,1,0,1,1
NF-101964,2021-10-27,36.0,Female,Austin,United States,Basic,12,$29.00,Website,10,1.42,5,0,1.63,Yes,7.0,1,0,0,0
NF-101684,2022-05-05,51.0, Male,Raleigh,United States,Basic,6,$29.00,Referral,16,2.89,9,17,0.99,Yes,10.0,0,1,1,1
NF-102528,2022-08-11,24.0,female,Denver,United States,Premium,12,$84.00,Mobile App,19,1.87,5,0,2.03,Yes,5.0,0,0,1,1
NF-101143,2021-11-09,36.0,Female,Austin,United States,Basic,12,$29.00,Mobile App,10,3.68,12,0,2.77,Yes,8.0,0,2,0,0
NF-102965,2023-07-12,38.0,male,Columbus,United States,Basic,1,$34.00,Partner Promo,30,1.89,6,0,2.52,Yes,5.0,2,0,0,0
NF-101705,2023-08-11,40.0,Female,Portland,United States,Premium,12,$79.00,Mobile App,31,3.97,13,10,3.32,No,7.0,0,0,0,0
NF-102923,2022-02-15,30.0,M,Austin,United States,Plus,1,$49.00,Walk-in,13,2.14,7,4,2.46,No,7.0,2,0,0,0
NF-101738,2023-07-26,35.0,F,Austin,United States,Plus,6,$49.00,Referral,31,3.23,10,0,2.35,Yes,8.0,0,0,0,0
NF-102707,2021-06-23,43.0,male,Portland,United States,Premium,24,$79.00,Website,6,2.17,8,0,1.11,No,,0,0,0,0
NF-100789,2021-05-24,44.0,Female,Austin,United States,Plus,6,$49.00,Partner Promo,5,4.06,15,0,15.77,Yes,9.0,0,1,0,0
NF-102304,2023-03-28,30.0,MALE,Denver,United States,Basic,1,$34.00,Mobile App,27,1.86,7,0,1.37,Yes,6.0,3,0,1,1
NF-100968,2021-07-14,29.0,Prefer not to say,Portland,United States,Basic,1,$29.00,Referral,6,0.93,6,0,2.22,Yes,6.0,1,0,0,0
NF-101306,2022-07-04,27.0,F,Denver,United States,Plus,12,$49.00,Mobile App,18,3.15,9,10,7.98,Yes,5.0,0,1,0,0
NF-101667,2023-03-04,22.0,Female,Columbus,United States,Plus,1,$49.00,Website,26,3.11,11,0,34.63,Yes,7.0,0,1,1,1
NF-101688,2021-06-30,40.0,Male,Denver,United States,Basic,1,$25.00,Website,6,1.2,4,1,3.51,No,5.0,2,0,0,0
NF-101898,2021-09-21,48.0,F ,Austin,United States,Plus,12,$45.00,Mobile App,9,1.55,6,0,3.58,No,7.0,0,0,0,0
